date,hour,actual,yesterday,avg_7day,ridge,lgbm
2025-01-01,0,255.19978900171435,223.40371003173053,200.1302629522629,239.6061336181274,245.55102268531638
2025-01-01,1,260.12545417152256,216.01923328535915,200.87541385215198,237.5157333387462,245.5606160481516
2025-01-01,2,260.3549119818285,211.86751325522027,199.8538111975998,235.54310023160653,243.60586253619013
2025-01-01,3,257.8244190335669,209.6737323358271,196.24070660403527,233.51674395713837,241.3588557238536
2025-01-01,4,255.54290987388487,213.2090669327821,193.72788738876392,233.41110084580927,240.9571007673645
2025-01-01,5,254.63073071506807,209.82937789636287,191.07198736019154,231.11442496462482,239.6097530420375
2025-01-01,6,255.25019011406843,221.269460300986,196.08518410949844,238.2252512135477,241.23149663359038
2025-01-01,7,258.4779443878294,231.5776524243879,202.00648221381445,243.88040884321327,240.43495323931037
2025-01-01,8,214.6446543048184,217.22418486129607,182.33083551305148,224.2200797859455,210.73322935027866
2025-01-01,9,155.06214409507305,163.75182999866908,142.64965741936123,178.3348788720548,157.4767578678909
2025-01-01,10,156.39176484588836,155.12998065764023,140.93192458158836,172.52168813718248,150.69658107862992
2025-01-01,11,152.4874055415617,158.54165070120317,143.93590706138426,174.99104750236543,151.9914249794892
2025-01-01,12,153.44888249170364,166.65167119009556,146.27788349254874,179.36037667211562,156.41046621357688
2025-01-01,13,150.87619122627393,169.2060265020875,148.28217956517815,180.95489625516822,158.3167752775453
2025-01-01,14,143.3156,159.25029051242643,144.48489172888597,174.95022593374551,152.61102936807492
2025-01-01,15,138.2249133390357,150.35479418689616,137.31758527889113,167.91185048685276,146.1205387691936
2025-01-01,16,128.1600454029512,145.73275393807714,135.28033634987392,168.03108177827542,143.78079978387774
2025-01-01,17,219.4201558578788,248.422584074758,206.715192338417,247.75956110515796,237.2779248716914
2025-01-01,18,242.78319533885312,262.69061121613106,224.0664139133101,264.53765941791676,253.27966827734716
2025-01-01,19,232.4475312386267,258.0634127802812,219.35507021743828,262.28453379255905,246.41513156979755
2025-01-01,20,229.1344119477287,254.48275862068965,215.42066250810117,260.0233553970048,242.97445001449094
2025-01-01,21,227.49286484429504,256.64586957825907,211.63577951889587,258.5923776162465,240.97754294622058
2025-01-01,22,225.95165360605657,254.9928317646325,210.7521310602529,256.8932768090635,240.04807720858432
2025-01-01,23,227.1132976414412,253.443296322444,211.6366427529679,256.03327737419687,240.1254054357022
2025-01-02,0,226.32714880727,255.19978900171435,209.3901681203396,230.03191274769256,221.80929721136187
2025-01-02,1,231.63451065816088,260.12545417152256,209.54632362440955,231.50045237019467,221.87500057497456
2025-01-02,2,227.50489236790608,260.3549119818285,209.0509963523662,231.172309845102,222.36689671404096
2025-01-02,3,223.50906648757555,257.8244190335669,206.88047325897227,229.53229505124986,221.3340954155852
2025-01-02,4,232.1634422413101,255.54290987388487,205.56257512475253,228.25395764516693,221.78866485782245
2025-01-02,5,233.19473430727243,254.63073071506807,203.24405809089436,227.11614920205076,220.67499864950298
2025-01-02,6,246.7170169293637,255.25019011406843,206.73092090776518,229.87651391456677,223.0900428347874
2025-01-02,7,253.4890330552981,258.4779443878294,210.98472720926105,232.35344775524504,226.01720532317393
2025-01-02,8,223.9771541226951,214.6446543048184,189.06115274719423,201.04395761572025,191.10705094371295
2025-01-02,9,159.63819586255883,155.06214409507305,146.64171684843532,151.4415234408314,140.09106296922278
2025-01-02,10,155.3009421762424,156.39176484588836,145.0662856647918,149.55530431078816,135.93428388808837
2025-01-02,11,153.9365495161173,152.4874055415617,146.55618928353698,148.6248330772312,134.5083842630914
2025-01-02,12,164.07760814249363,153.44888249170364,148.5781624588874,150.2592089668559,134.49406396842733
2025-01-02,13,159.64009176942932,150.87619122627393,149.8132934493701,149.73733493888864,132.2212409540518
2025-01-02,14,148.74296228150874,143.3156,144.52177908284375,144.09299248583864,129.15085527854453
2025-01-02,15,142.408736349454,138.2249133390357,137.03234758382058,139.00720324402056,129.0249778740324
2025-01-02,16,135.6430160948093,128.1600454029512,134.54744014836692,136.34477615687177,128.44179159897573
2025-01-02,17,230.6816070599164,219.4201558578788,210.46682058579214,213.77550436351234,208.94524586779374
2025-01-02,18,259.7081218274112,242.78319533885312,227.9907092711144,234.24883353218294,230.733261063356
2025-01-02,19,252.5809250121997,232.4475312386267,221.66869455365662,229.1729822097404,227.34333560960124
2025-01-02,20,253.9634478996181,229.1344119477287,218.60307835138903,227.34959820395363,227.4282823506572
2025-01-02,21,251.7721300138313,227.49286484429504,215.54354340829963,224.8722423420445,224.10053273712566
2025-01-02,22,250.0776827652656,225.95165360605657,215.18966495869543,223.4664793661568,225.486236060767
2025-01-02,23,253.0964793718221,227.1132976414412,215.6440452411004,223.50347554740512,226.25933350953525
2025-01-03,0,251.93206389063263,226.32714880727,212.00417085530358,242.86805267128304,249.90048649340716
2025-01-03,1,261.9360361594302,231.63451065816088,212.61684414792677,245.00950396949221,246.0586029121339
2025-01-03,2,274.2796208530806,227.50489236790608,211.34187132123583,242.91107845310847,245.2297667662088
2025-01-03,3,275.20282920740584,223.50906648757555,208.67757827712165,240.50104072939374,245.5967843851289
2025-01-03,4,277.28919469212946,232.1634422413101,208.1472234704358,243.17568876063703,243.08264276449012
2025-01-03,5,271.89126995541494,233.19473430727243,205.2674305615729,242.41948169443546,242.3643775896552
2025-01-03,6,272.1976677224302,246.7170169293637,210.2114599944498,249.91082491780628,244.99857510003875
2025-01-03,7,274.04153354632587,253.4890330552981,216.17766750375628,254.12047229498535,245.2120426878543
2025-01-03,8,249.51109485491344,223.9771541226951,192.85381006888272,227.50568456418594,215.7248630764161
2025-01-03,9,200.1699716713881,159.63819586255883,144.55407536986456,173.87396621197934,159.9518223754548
2025-01-03,10,188.31693552414723,155.3009421762424,143.8872583176339,170.27435144569557,154.94043372150375
2025-01-03,11,171.39023155181144,153.9365495161173,145.0172353300554,170.25014605342938,153.80482281537547
2025-01-03,12,167.48930099857347,164.07760814249363,149.85623060336775,176.62244285897444,160.97704795845638
2025-01-03,13,162.23868082727782,159.64009176942932,150.23218064636833,174.73358247179056,157.00147955239154
2025-01-03,14,166.5360256621155,148.74296228150874,143.99260316254546,167.07795861508248,148.45545926606653
2025-01-03,15,173.86347131445171,142.408736349454,138.0189104089271,161.56997905738234,147.96257335152995
2025-01-03,16,171.81671523730225,135.6430160948093,133.27713534042314,159.30671750694873,141.33157359040771
2025-01-03,17,210.3519201046249,230.6816070599164,213.85563572613043,240.1880863367083,224.16964405550115
2025-01-03,18,208.66691701089,259.7081218274112,235.07202715555053,264.42572058733066,246.86205323054156
2025-01-03,19,203.1926307233812,252.5809250121997,228.59681949056386,260.42463181564926,242.98625600209778
2025-01-03,20,197.4603625618003,253.9634478996181,225.76253551796273,260.1989027143481,242.25513712043053
2025-01-03,21,192.128994429786,251.7721300138313,222.428755284596,257.4412187930465,238.7142148795778
2025-01-03,22,192.1263563178159,250.0776827652656,221.00879004226712,255.51636939356993,237.7021549142639
2025-01-03,23,190.8193576335169,253.0964793718221,221.32406503885736,256.0891864286432,239.85506782608343
2025-01-04,0,188.2105919003116,251.93206389063263,218.8238647759156,199.35815323202527,190.8622156633199
2025-01-04,1,178.87929416181717,261.9360361594302,222.91351464063308,204.71671731511103,192.56903547306214
2025-01-04,2,175.60896801846357,274.2796208530806,224.11933447057967,209.27693489952048,193.6071558678267
2025-01-04,3,165.8646237951374,275.20282920740584,222.294301115803,208.8345270175751,193.45276920870322
2025-01-04,4,161.43815482023064,277.28919469212946,222.75900516816705,209.841714862139,192.20222277344507
2025-01-04,5,161.21020092735702,271.89126995541494,219.06144853890373,206.54602258144342,188.78101401340103
2025-01-04,6,176.2078119074706,272.1976677224302,222.70557803972437,209.14548576391684,193.54589495381217
2025-01-04,7,190.4302851806623,274.04153354632587,227.38756035592158,211.0341870279484,197.77631753589677
2025-01-04,8,166.7784256559767,249.51109485491344,203.6458519664504,187.44668952753966,185.82252838569352
2025-01-04,9,133.43655262018189,200.1699716713881,152.84936149902796,140.09767473010365,147.01156746479742
2025-01-04,10,138.9512246920572,188.31693552414723,150.0178386884868,133.20643165825567,139.56006698437093
2025-01-04,11,145.0650388779885,171.39023155181144,149.1431071759277,125.75132966111758,132.09064909091336
2025-01-04,12,147.09762932666817,167.48930099857347,153.61967442115989,126.17105217880629,131.75715745252828
2025-01-04,13,146.9404618170842,162.23868082727782,153.0997759658125,123.81312357611093,129.49573514583665
2025-01-04,14,141.0820728177111,166.5360256621155,147.70925754466234,122.76044797358611,130.37884319490445
2025-01-04,15,125.9448421237539,173.86347131445171,142.68374466847732,123.31740135507802,131.76407360203973
2025-01-04,16,126.6619907650944,171.81671523730225,138.72595510061285,123.60426244011657,131.77738693768512
2025-01-04,17,196.79444937270307,210.3519201046249,215.75474569708848,180.4141305729232,193.99286670881682
2025-01-04,18,233.6432132336279,208.66691701089,234.5414611077343,191.78412373548738,215.81685605382242
2025-01-04,19,229.30798258345428,203.1926307233812,228.10833668908438,188.36936769872165,213.3874044389345
2025-01-04,20,216.43480325241853,197.4603625618003,225.19768153410232,185.74947164226478,204.9234764347918
2025-01-04,21,202.68864738748687,192.128994429786,221.8888701160877,181.76145973104454,199.09401897312995
2025-01-04,22,211.08646332240988,192.1263563178159,220.89307957509587,180.63072108172025,198.58978767311902
2025-01-04,23,223.7801948485253,190.8193576335169,219.76549918349784,178.91796836660177,194.93243829581593
2025-01-05,0,227.25476207462367,188.2105919003116,216.7901911431151,212.89563772923137,221.45020654649147
2025-01-05,1,232.5048683736026,178.87929416181717,217.90302803326935,209.64437927997685,221.68041084238604
2025-01-05,2,230.6438467807661,175.60896801846357,218.11076592769612,208.48185998081806,218.70156042977592
2025-01-05,3,227.54754046833256,165.8646237951374,216.24510094117468,204.21215355926202,204.1492605938569
2025-01-05,4,228.0081632653061,161.43815482023064,216.61504376529842,202.80419638105673,205.24450310415995
2025-01-05,5,227.1563594883077,161.21020092735702,213.04870264945538,201.41004589852255,204.17990925456746
2025-01-05,6,233.78414338264068,176.2078119074706,220.34694595894217,210.85445748452304,218.1749893578622
2025-01-05,7,241.5389710752925,190.4302851806623,226.8403665270289,218.13461322997026,215.5086101542123
2025-01-05,8,206.1278775968557,166.7784256559767,201.03864527047708,193.00044775667683,182.76025733060428
2025-01-05,9,134.49355716412546,133.43655262018189,152.08475804520063,150.73223934513558,135.83254097656226
2025-01-05,10,136.201105531879,138.9512246920572,149.04286295919113,149.45044582785636,137.76452600577466
2025-01-05,11,141.95500509524183,145.0650388779885,148.34224781750046,150.85607486453785,139.71098614992889
2025-01-05,12,143.50324588022897,147.09762932666817,151.76040235355467,152.88060339797138,140.76416313852076
2025-01-05,13,151.15073419238837,146.9404618170842,151.0719401147307,152.81772153724086,140.90065666703708
2025-01-05,14,140.31288819875778,141.0820728177111,145.99532396960146,148.3490650714,139.76267063141353
2025-01-05,15,131.47702047192303,125.9448421237539,139.27149722373682,139.19648979053392,125.69305203339243
2025-01-05,16,125.08688263991668,126.6619907650944,136.04778365583007,141.51804404363924,126.11013539610252
2025-01-05,17,221.7454679078883,196.79444937270307,215.84891792519838,211.4443493176637,206.14257016734538
2025-01-05,18,254.25066236608689,233.6432132336279,236.96069499218862,237.18492785654223,226.95381590085577
2025-01-05,19,248.6644271979613,229.30798258345428,230.55753847754252,234.20968730288945,221.65932286419041
2025-01-05,20,247.2475224162341,216.43480325241853,225.77048271060752,228.13374530450074,210.9586906506092
2025-01-05,21,242.4547397535831,202.68864738748687,221.49560624661288,220.7062399543986,207.28734952918902
2025-01-05,22,244.70447443654007,211.08646332240988,221.33367388259882,222.90746174313028,209.5742379379839
2025-01-05,23,245.21472829570544,223.7801948485253,221.5403864623518,226.76239672365355,212.96829335440881
2025-01-06,0,254.212223472066,227.25476207462367,218.36474992381042,243.8374938241131,242.36614574905926
2025-01-06,1,267.9479945096843,232.5048683736026,220.83433022193867,246.293548818539,242.14934353813294
2025-01-06,2,265.3560540920816,230.6438467807661,221.1413054423876,245.48123269418028,242.87675499420382
2025-01-06,3,261.8481768312359,227.54754046833256,219.6627670297167,243.68044952574635,242.71765944044128
2025-01-06,4,258.7939449085946,228.0081632653061,220.5077835364005,244.0508373673401,244.87269845070117
2025-01-06,5,263.500274316169,227.1563594883077,217.8257964009524,242.8735714854839,244.76013168128588
2025-01-06,6,265.9627555102932,233.78414338264068,226.35420598293484,250.19549550353065,246.51679817038263
2025-01-06,7,265.9574602373138,241.5389710752925,233.46802005578812,255.69256503948185,247.46715094870552
2025-01-06,8,232.2058071481334,206.1278775968557,206.30134208880267,225.31018415374814,218.2214270130645
2025-01-06,9,163.64505577455338,134.49355716412546,153.6176654825541,166.69608954764686,163.55011245892928
2025-01-06,10,139.64038978983348,136.201105531879,150.61778038762415,164.45285740798647,162.34660920347005
2025-01-06,11,135.36050156739813,141.95500509524183,150.37585747525063,167.04960441965903,162.82758188318778
2025-01-06,12,144.15664335664334,143.50324588022897,153.59768512589616,169.17044221610078,166.2801380620526
2025-01-06,13,150.25409723178626,151.15073419238837,153.4130756859361,171.84909180835749,167.40472729522693
2025-01-06,14,139.75758238553513,140.31288819875778,146.91259793116006,163.78869871516048,162.22373780802107
2025-01-06,15,133.76353006241607,131.47702047192303,139.8374567415479,156.24229054311328,156.02490279969675
2025-01-06,16,139.49797610820417,125.08688263991668,137.78554675277562,155.75053102890683,149.3848070741428
2025-01-06,17,213.059656440371,221.7454679078883,223.09271350304581,240.39530633998004,233.60324517831552
2025-01-06,18,240.41280883932683,254.25066236608689,245.78751560832572,266.90520165641476,254.53756477753828
2025-01-06,19,231.96717012796307,248.6644271979613,240.0245284368385,263.80959291159536,249.7078144572092
2025-01-06,20,222.84842541135447,247.2475224162341,236.3811677311085,262.06458808127366,248.3184069891171
2025-01-06,21,208.0546955624355,242.4547397535831,232.6779773705529,258.0378776728338,248.45208137787296
2025-01-06,22,205.50695131173288,244.70447443654007,233.19641723561503,258.76170373657305,246.61884646195796
2025-01-06,23,209.90198313198084,245.21472829570544,233.69092655319244,258.82356629987834,244.5516973655991
2025-01-07,0,219.43836017569544,254.212223472066,232.36289845404983,224.41167526562,214.9703786510403
2025-01-07,1,218.48699763593385,267.9479945096843,235.57819875993954,230.00111000556066,215.64721700987263
2025-01-07,2,222.1220723917672,265.3560540920816,235.08797247847812,228.5436429138465,214.1368532083153
2025-01-07,3,229.4979390499358,261.8481768312359,231.63862687986875,225.48221360338331,214.3450175126633
2025-01-07,4,235.96555287633484,258.7939449085946,232.3492681048911,224.71135833869903,214.1532277480392
2025-01-07,5,235.89784242090025,263.500274316169,231.63042108656458,226.38353056390298,213.0015779402701
2025-01-07,6,236.79801021076057,265.9627555102932,238.76986369532182,231.5707339757557,217.84576074135612
2025-01-07,7,234.24036281179136,265.9574602373138,245.07326855815856,234.12549395891418,221.7045869546606
2025-01-07,8,223.7872061345979,232.2058071481334,215.78131407781265,203.31774957190703,204.43882025753157
2025-01-07,9,164.43384759233285,163.64505577455338,158.59961531236425,143.70043911661537,147.72972317028277
2025-01-07,10,123.39007575112775,139.64038978983348,152.84747760252685,130.6876651026672,138.63883137735917
2025-01-07,11,129.60087224017755,135.36050156739813,151.24805469304602,128.86285670849801,139.23334571486964
2025-01-07,12,136.43859125503656,144.15664335664334,155.20356876948668,134.5706453419097,142.0469710603436
2025-01-07,13,128.96046251398732,150.25409723178626,155.75804050947536,137.25150361599975,146.21898878055845
2025-01-07,14,125.67296026690931,139.75758238553513,148.42820312257922,128.9978179782209,139.26658951353977
2025-01-07,15,130.40290219285802,133.76353006241607,142.2910439782758,123.5855477303503,136.33296131741218
2025-01-07,16,128.361016609966,139.49797610820417,138.94276859805072,127.0269000048532,138.3551266385199
2025-01-07,17,196.9111906310996,213.059656440371,220.06797725973433,200.25145553830595,216.0738719061686
2025-01-07,18,215.67585401756256,240.41280883932683,243.16507569033243,224.59051226723966,232.19695078355613
2025-01-07,19,199.23108094417992,231.96717012796307,236.60343995198107,220.25119476563256,233.27251860873446
2025-01-07,20,199.08889825152727,222.84842541135447,231.65310458712057,215.54857124222235,232.07822913723498
2025-01-07,21,195.35325495318963,208.0546955624355,225.89113450995384,207.24210755174659,231.79874170077332
2025-01-07,22,198.48670985034624,205.50695131173288,226.3494876463505,205.99174724879796,230.57977408096866
2025-01-07,23,191.33177706448788,209.90198313198084,229.05276246363368,208.06960487029377,231.88942114349305
2025-01-08,0,191.04978820062612,219.43836017569544,231.79641990318765,208.4612663462773,200.12749323025437
2025-01-08,1,198.3950381679389,218.48699763593385,235.93073652430735,209.44541249422284,198.32918753357936
2025-01-08,2,199.69951036286807,222.1220723917672,236.5529094979848,210.65344666633152,197.14583028452577
2025-01-08,3,207.16308231645647,229.4979390499358,234.4706564104557,212.0547851021641,195.74116460245025
2025-01-08,4,206.3972069289647,235.96555287633484,235.60019466825582,214.76990462017105,196.53474675286802
2025-01-08,5,208.7886296372772,235.89784242090025,235.35448744721276,215.11855303733842,198.01194487900133
2025-01-08,6,225.7605548447916,236.79801021076057,240.98822796814676,218.9586613116848,206.96020912281813
2025-01-08,7,239.63939879997625,234.24036281179136,245.45365575635904,219.51384956515082,211.1947486501253
2025-01-08,8,236.68135814560887,223.7872061345979,216.71888854542723,198.72967331433236,200.15545504850385
2025-01-08,9,191.17236711957932,164.43384759233285,158.69704639717338,143.64853469722442,150.81977040459543
2025-01-08,10,165.78959516225822,123.39007575112775,148.31320547302508,120.77115614713843,130.34832885627716
2025-01-08,11,156.7268867168723,129.60087224017755,147.11365777004235,122.3823874521548,132.91236041121843
2025-01-08,12,155.04443058695145,136.43859125503656,150.88741449304968,127.11338256949941,135.7288680637375
2025-01-08,13,150.54551640707697,128.96046251398732,150.00867422546102,123.46782214425765,132.88114099612798
2025-01-08,14,144.41165635131154,125.67296026690931,143.63144165893394,118.60622728822104,127.16861801749813
2025-01-08,15,143.04506246281974,130.40290219285802,139.4407736934132,118.43626731854846,128.8685745209387
2025-01-08,16,142.07129798903108,128.361016609966,136.461091836892,119.05547176214446,127.58526860184068
2025-01-08,17,221.5878773695296,196.9111906310996,212.70920676778314,188.04363326086886,200.41396138641426
2025-01-08,18,257.3421890438028,215.67585401756256,236.44868180482266,208.89905844276188,220.92177183766864
2025-01-08,19,254.9523183163433,199.23108094417992,228.19882111825228,200.79657921106983,220.53985706172708
2025-01-08,20,251.02405268151125,199.08889825152727,223.7396959629545,199.43034136066836,211.72008130328328
2025-01-08,21,246.7769489209043,195.35325495318963,217.1350467063725,194.45591113423342,207.04624160901213
2025-01-08,22,244.0918453895553,198.48670985034624,218.27718451573816,195.45750526429572,207.0122917755161
2025-01-08,23,249.06228131560533,191.33177706448788,220.17968828392569,192.94698521103854,207.17530610891444
2025-01-09,0,250.6321877285116,191.04978820062612,222.63213407446077,227.26609784712943,226.63667859931113
2025-01-09,1,258.78999534357746,198.3950381679389,227.11210566665255,231.2807872337605,242.39036856254262
2025-01-09,2,262.5206697700271,199.69951036286807,227.8878521238476,231.82875617479516,242.77052535515838
2025-01-09,3,262.6289124852523,207.16308231645647,227.23332259372566,234.13681727570534,242.50113955234983
2025-01-09,4,266.9488175079421,206.3972069289647,228.57937996183864,234.48910783157854,243.51380799266826
2025-01-09,5,265.1851595006935,208.7886296372772,228.80561586467118,235.8629661201947,243.0067834352089
2025-01-09,6,262.65916398713824,225.7605548447916,236.77542292967863,246.46611704356627,243.96515352175248
2025-01-09,7,261.08369893453363,239.63939879997625,242.7624349580943,253.39848274834702,249.75716156543638
2025-01-09,8,225.5289892252437,236.68135814560887,219.8669890941116,238.21245096564587,238.71046696633883
2025-01-09,9,154.69025828757373,191.17236711957932,163.85564968638855,189.12315173421823,176.96404461234383
2025-01-09,10,140.5639589848011,165.78959516225822,149.6557526610779,170.1299766524514,164.43157732835556
2025-01-09,11,133.71357263451517,156.7268867168723,147.71929793794385,165.62166518283823,159.2995038873834
2025-01-09,12,138.9980133646379,155.04443058695145,151.11534993522793,166.51807977498973,157.6055496651493
2025-01-09,13,142.52609675741286,150.54551640707697,149.96143496557576,163.57240743545745,155.25715993697685
2025-01-09,14,135.79803971210532,144.41165635131154,143.78802113769274,157.57520935121784,148.13306248037972
2025-01-09,15,122.48455271754104,143.04506246281974,140.12936642538236,154.94259113044023,145.2977575237724
2025-01-09,16,116.85516472282886,142.07129798903108,138.4484136349034,155.9557994841981,145.81435289746923
2025-01-09,17,204.767067410906,221.5878773695296,213.01888126944755,229.3036898813435,217.3459632201516
2025-01-09,18,250.80601442233927,257.3421890438028,238.5285380483869,257.6621732705074,244.74626474611367
2025-01-09,19,249.317626254746,254.9523183163433,231.41379070078324,254.85933109820698,243.77275333723998
2025-01-09,20,254.5982465188241,251.02405268151125,226.86678749635203,252.18788703582996,242.85044514243478
2025-01-09,21,252.2317138280833,246.7769489209043,219.88991586017377,247.0622086642132,239.85771246785794
2025-01-09,22,249.9674123170395,244.0918453895553,220.86864048480942,246.13272814290104,238.6938428119785
2025-01-09,23,251.53179536218025,249.06228131560533,223.31525738023484,247.86054396026913,241.79960918382045
2025-01-10,0,239.3700329521225,250.6321877285116,226.10428249178105,246.90751177690558,249.95587770106846
2025-01-10,1,239.40531139206635,258.78999534357746,230.9914606217121,251.42330075824682,250.43814257869604
2025-01-10,2,232.50515830665245,262.5206697700271,232.8901060384363,253.28932156172766,251.30004771694115
2025-01-10,3,234.50741930549185,262.6289124852523,232.8218720219652,253.2816525493361,251.11237155982124
2025-01-10,4,241.25730766232755,266.9488175079421,233.54871928564322,255.0052735518828,253.65107729934147
2025-01-10,5,234.9123074576788,265.1851595006935,233.3756766065885,254.7876930706759,252.2850335038045
2025-01-10,6,256.2443032730286,262.65916398713824,239.05287250936072,257.76276312983947,250.51758436421017
2025-01-10,7,262.6248034018757,261.08369893453363,243.84738722655652,259.0502243945296,251.24286924903154
2025-01-10,8,232.0147854502598,225.5289892252437,220.0886798230471,230.28649064586043,220.98978824516843
2025-01-10,9,152.03009855278344,154.69025828757373,163.14880146139066,169.92039532162647,160.14049952434428
2025-01-10,10,147.16152286551025,140.5639589848011,147.55046934801484,155.5999866619974,149.0494218096834
2025-01-10,11,145.25239805933114,133.71357263451517,144.83030124057214,151.98568844760823,143.2546990951866
2025-01-10,12,143.87482604280288,138.9980133646379,147.53255068124855,155.99413091828663,149.2453325762596
2025-01-10,13,146.14788889716286,142.52609675741286,147.51657853528766,157.46270659630775,151.298781221645
2025-01-10,14,135.98528659664032,135.79803971210532,141.9387464849208,151.6390806349828,144.87216886701378
2025-01-10,15,129.0508236654143,122.48455271754104,137.28305447796623,143.82734954653858,141.5548151768116
2025-01-10,16,116.15224707978618,116.85516472282886,135.76443486747763,143.18322081145695,141.1696589495021
2025-01-10,17,181.103358854038,204.767067410906,209.31680417673175,219.37214146153048,211.44010306614402
2025-01-10,18,225.0638650815593,250.80601442233927,237.2568084190909,253.12693328012213,250.0244679613219
2025-01-10,19,217.8300429184549,249.317626254746,230.94760516400416,251.06481308837758,249.43006255591428
2025-01-10,20,210.47695701424908,254.5982465188241,226.95747301338147,251.77968933419896,247.53359570991353
2025-01-10,21,199.20729197294912,252.2317138280833,219.95557069078126,247.27399784591,244.09664636919925
2025-01-10,22,178.8767224409449,249.9674123170395,220.85288756363425,246.32794179351154,242.7491753966015
2025-01-10,23,157.51389830508475,251.53179536218025,223.09173109314312,247.0438112099143,243.73140487398697
2025-01-11,0,152.50432298323437,239.3700329521225,224.30970664342243,174.35751247488633,180.42565417131058
2025-01-11,1,151.66131180941932,239.40531139206635,227.7727856549458,175.24047418237865,179.22640921292341
2025-01-11,2,130.04832615763115,232.50515830665245,226.92232567466084,172.2761077781814,179.95674994883828
2025-01-11,3,108.93965595704016,234.50741930549185,227.00824203597745,172.91531693986468,178.45695144790648
2025-01-11,4,96.03014601978332,241.25730766232755,228.40130685281434,175.91411853207592,179.31470874670111
2025-01-11,5,87.2879940619781,234.9123074576788,228.0929676783405,173.96198659053084,179.4535568889275
2025-01-11,6,101.55663400787472,256.2443032730286,236.7738204451605,186.32921989782326,187.47574971182985
2025-01-11,7,136.00751143043763,262.6248034018757,242.21642577734934,190.41512627992512,190.21185501254908
2025-01-11,8,114.5427842621937,232.0147854502598,217.58920705095375,162.6650577895784,172.53961011715026
2025-01-11,9,100.5006220452849,152.03009855278344,156.27167673016146,96.12811292755966,120.72165535140479
2025-01-11,10,127.82861044725162,147.16152286551025,141.67112468249528,86.59699337228685,120.6360313184965
2025-01-11,11,138.49363706672293,145.25239805933114,141.09632502736068,85.98087492808476,121.13507080743986
2025-01-11,12,143.55208003099793,143.87482604280288,144.1590542589956,87.4712244244214,120.91639763268735
2025-01-11,13,138.91977880463602,146.14788889716286,145.21789397384268,88.52763914388999,121.37204460828791
2025-01-11,14,137.5120513126967,135.98528659664032,137.57435518985292,80.62632719677966,120.45658694378113
2025-01-11,15,121.09812163404702,129.0508236654143,130.88124767096087,74.80868509420543,113.99959279420767
2025-01-11,16,88.26512113387903,116.15224707978618,127.81236798783247,70.51144768090509,111.39564818878755
2025-01-11,17,151.40777694252716,181.103358854038,205.13843828379078,139.59054138590588,173.0513683388212
2025-01-11,18,187.1189005169588,225.0638650815593,239.59922957204364,176.16233922175502,201.17530105147512
2025-01-11,19,192.5057130504601,217.8300429184549,233.03866404901467,172.03668029074686,205.95359451527125
2025-01-11,20,180.52746969306165,210.47695701424908,228.8169865065884,168.40502219441152,202.85295136672994
2025-01-11,21,188.10169938084573,199.20729197294912,220.96675605409024,160.33470179753556,204.2878708403655
2025-01-11,22,192.7102144469526,178.8767224409449,218.96008272408125,151.43410939997543,196.55898692740152
2025-01-11,23,182.8355730031708,157.51389830508475,218.33380833193854,142.25257641386204,177.0577029397914
2025-01-12,0,184.01296720061023,152.50432298323437,219.20881108383995,182.03229500164343,179.67644425767782
2025-01-12,1,210.66999087014537,151.66131180941932,223.8845024617461,183.33681709482312,180.2269055854144
2025-01-12,2,213.7256355147113,130.04832615763115,220.4136625516848,173.54371818036708,169.7946078806693
2025-01-12,3,220.7458885169553,108.93965595704016,218.87610377339215,165.00258137534968,152.1133886483766
2025-01-12,4,227.00189338770755,96.03014601978332,219.0573055956076,160.27913045588485,136.99757479880378
2025-01-12,5,224.0,87.2879940619781,217.53265241185778,156.5911393732568,132.3527528881167
2025-01-12,6,228.95347993323173,101.55663400787472,226.10936645950395,166.63726939778036,152.07150889751483
2025-01-12,7,234.18436873747493,136.00751143043763,234.44174381303154,182.51830399447468,189.62047554824835
2025-01-12,8,189.6367603645232,114.5427842621937,210.1269725661276,156.99926761029653,142.5624208208617
2025-01-12,9,115.1111731323844,100.5006220452849,151.56654379089045,115.9961308175138,114.30599427933402
2025-01-12,10,124.0493485098098,127.82861044725162,140.0821797903802,120.87727262299427,130.9136540286688
2025-01-12,11,133.57788872006367,138.49363706672293,140.15755334003703,125.62489303070764,142.6513423517173
2025-01-12,12,139.735041806928,143.55208003099793,143.652547216757,129.9758473803437,143.03400118372795
2025-01-12,13,140.74193430255977,138.91977880463602,144.07208211492153,128.14970778815754,143.61020585801265
2025-01-12,14,138.75215367132228,137.5120513126967,137.064352117708,124.10922002332035,141.97255061601427
2025-01-12,15,132.4780469341408,121.09812163404702,130.1888590295742,114.23088028102043,125.30962686056203
2025-01-12,16,127.81870781099325,88.26512113387903,122.32710089765887,98.4721426022601,101.509389465661
2025-01-12,17,222.22316193053675,151.40777694252716,198.6546279366228,166.21953771348765,167.01941271847465
2025-01-12,18,261.3547599674532,187.1189005169588,232.9528991839481,200.35793224544435,191.17843319185667
2025-01-12,19,265.4599583209288,192.5057130504601,227.78119697287266,201.42610515904857,196.1710780209921
2025-01-12,20,265.334171380683,180.52746969306165,223.68736742668028,195.8096404212067,190.62201847366748
2025-01-12,21,268.18780001078693,188.10169938084573,218.88290633885578,195.95547805040238,189.0388831425341
2025-01-12,22,269.1620894518552,192.7102144469526,216.33490431330165,195.43908683252502,193.05302872150443
2025-01-12,23,272.3594906721943,182.8355730031708,212.48457663974503,188.59005511184176,184.33285714230271
2025-01-13,0,271.6088071558141,184.01296720061023,213.03141181612378,243.9634950956132,254.0785261392753
2025-01-13,1,277.11569242589155,210.66999087014537,220.7652342469665,256.50395346472726,273.3568097009892
2025-01-13,2,271.25625853436503,213.7256355147113,217.9967752279627,255.63458993267994,270.25860188729575
2025-01-13,3,271.1940109123208,220.7458885169553,217.90443920890968,257.2796736436419,267.4086759515979
2025-01-13,4,271.3763832997988,227.00189338770755,218.91355275595066,259.3597304805919,266.22746988073106
2025-01-13,5,259.2908999874828,224.0,217.0817439135281,257.5105604167932,261.67138468381023
2025-01-13,6,245.91648145981983,228.95347993323173,225.41927168101697,264.0393676899077,268.13326638718615
2025-01-13,7,250.2716137959309,234.18436873747493,233.39108633620046,270.00364063427855,274.01148440796715
2025-01-13,8,222.97152271122616,189.6367603645232,207.77109867579435,236.2837867259751,225.41799114086098
2025-01-13,9,149.69745534143766,115.1111731323844,148.79763178635602,174.0199299772757,159.28386921645452
2025-01-13,10,129.49213814404044,124.0493485098098,138.34621450151317,173.11880243431943,161.62141440005638
2025-01-13,11,130.1597618966166,133.57788872006367,138.96082242929725,177.69534057961528,172.52797108409487
2025-01-13,12,136.19427833650448,139.735041806928,143.11423234914258,182.4153588868702,174.52333926428224
2025-01-13,13,135.54823414566118,140.74193430255977,142.58511070208888,181.94955961801688,175.24529335214933
2025-01-13,14,139.45306208200566,138.75215367132228,136.84139004236008,178.13677689632107,172.40656687485514
2025-01-13,15,136.82067176012686,132.4780469341408,130.331862809891,172.22596919530855,169.180988773576
2025-01-13,16,132.36235336419614,127.81870781099325,122.71736163638408,167.52359738619248,166.56685331089122
2025-01-13,17,232.39184460110565,222.22316193053675,198.72286993985833,246.2434954106617,234.14904946003864
2025-01-13,18,276.4160424324199,261.3547599674532,233.96777026985754,281.3846226239754,272.7346975645921
2025-01-13,19,273.59104923853124,265.4599583209288,230.18055856186803,282.67233797109145,274.2741135166707
2025-01-13,20,275.01125795398923,265.334171380683,226.27117442160156,281.36618844543847,271.62596659171504
2025-01-13,21,275.50905148504864,268.18780001078693,222.55905780417064,280.57178127261443,269.45713888585306
2025-01-13,22,275.82595712914576,269.1620894518552,219.82884931548952,278.94505757399384,266.9281173374952
2025-01-13,23,273.5520476377732,272.3594906721943,216.3623998363863,277.0901019514058,262.31011981562926
2025-01-14,0,273.00402862124946,271.6088071558141,215.51663805665922,263.28815574362994,269.06469117071657
2025-01-14,1,277.65365578597834,277.11569242589155,222.0749053778533,268.3944751935942,271.47052526918276
2025-01-14,2,278.80091902632887,271.25625853436503,218.83966157686032,264.38734135089646,268.72858365639706
2025-01-14,3,283.80920369125465,271.1940109123208,219.2395583633504,264.0848474885227,266.625364256103
2025-01-14,4,284.88831356493466,271.3763832997988,220.7110439546941,264.4866216021492,266.62828887758906
2025-01-14,5,278.4850478468899,259.2908999874828,216.4804047237158,258.6094820914892,264.96728420371636
2025-01-14,6,275.4188918558078,245.91648145981983,222.55551824523505,257.74124245707014,264.38814229098756
2025-01-14,7,280.9106803876511,250.2716137959309,231.15025113028864,263.16097998513544,267.86473865240526
2025-01-14,8,251.7587566689863,222.97152271122616,206.45191518480763,236.5240837941607,229.81451798364978
2025-01-14,9,186.5594902948585,149.69745534143766,146.80511743876806,174.5846862420783,158.90236028488164
2025-01-14,10,164.1122118816505,129.49213814404044,136.89646426639987,161.9798873002912,142.80725136801408
2025-01-14,11,164.22044508537903,130.1597618966166,138.21785961918562,163.38864073601155,144.36329865388734
2025-01-14,12,163.64509588858976,136.19427833650448,141.97675163197988,167.88682595195348,148.26069957338558
2025-01-14,13,163.16802294557098,135.54823414566118,140.4842731183567,166.35166114801157,145.099237746654
2025-01-14,14,168.17657837747794,139.45306208200566,136.79788714185588,165.7237598240714,144.25878830484788
2025-01-14,15,169.10887569757935,136.82067176012686,130.7685973381354,161.59226886773487,142.57761135586094
2025-01-14,16,164.13947919784496,132.36235336419614,121.69798695866864,156.72538542886355,142.02747831591122
2025-01-14,17,251.16316560820712,232.39184460110565,201.48461110567752,239.2891641824523,229.05016129926193
2025-01-14,18,285.6653472811234,276.4160424324199,239.11108935458512,276.7954088695795,270.284429579647
2025-01-14,19,283.02483588119173,273.59104923853124,236.1268270062349,275.99767593338595,264.5809812048997
2025-01-14,20,282.2596806667603,275.01125795398923,233.72300764197794,275.971069333801,264.0446562543055
2025-01-14,21,282.7040939048444,275.50905148504864,232.19539436454394,275.19015304053295,262.84148857632084
2025-01-14,22,285.29811320754715,275.82595712914576,229.8744215751199,273.5279190092078,260.25426175396524
2025-01-14,23,287.8122682487552,273.5520476377732,225.45526619435662,269.38036084919224,256.0483452883635
2025-01-15,0,288.6148315649098,273.00402862124946,223.16887640602408,270.28560166666176,276.8472523203088
2025-01-15,1,290.4181483752299,277.65365578597834,230.52728511357392,275.3002124273997,278.1645752254131
2025-01-15,2,292.3353517697734,278.80091902632887,226.936639667512,273.4490174067532,277.49307548770855
2025-01-15,3,291.2368219565345,283.80920369125465,226.99831045496737,274.6715742546947,275.3707670821898
2025-01-15,4,288.7375455650061,284.88831356493466,227.70000976735125,275.00427653229497,274.70437554316595
2025-01-15,5,275.77503601177426,278.4850478468899,222.56429121314292,270.6344974746368,271.8793542041785
2025-01-15,6,277.22692486085344,275.4188918558078,228.07278705167036,272.90432127559734,272.2215834104543
2025-01-15,7,276.21725080785484,280.9106803876511,237.8174393554114,279.3525768738689,272.8388890725316
2025-01-15,8,239.587910814444,251.7587566689863,210.44785097543453,251.17967110351384,240.48077792758716
2025-01-15,9,175.49757649197213,186.5594902948585,149.96592353912885,192.00616119879706,184.88504798096298
2025-01-15,10,159.49886730280772,164.1122118816505,142.713912285046,179.57750464435836,159.86647182692684
2025-01-15,11,161.99341247512524,164.22044508537903,143.16351288278582,180.20751752244672,160.11462488492663
2025-01-15,12,160.14938949725362,163.64509588858976,145.8633951510589,181.66216981125726,159.973180663632
2025-01-15,13,157.03990284524636,163.16802294557098,145.37106746572582,180.93404366096462,159.54040580877438
2025-01-15,14,158.8417758519894,168.17657837747794,142.86983258622283,181.19832925702255,163.49910918849577
2025-01-15,15,161.9110823351678,169.10887569757935,136.29802212452415,178.3464550984075,164.54662795277147
2025-01-15,16,153.79634801288935,164.13947919784496,126.80919589979422,173.21321506752287,159.76486235906543
2025-01-15,17,228.07549068948163,251.16316560820712,209.23489324526435,251.56698230787302,240.61902669224054
2025-01-15,18,280.8210898270411,285.6653472811234,249.10958839223665,287.2213171923335,275.8467807879707
2025-01-15,19,286.1636363636364,283.02483588119173,248.097363425808,287.3824468753254,274.4904370868823
2025-01-15,20,283.9861621011014,282.2596806667603,245.60454798701124,286.4577119591155,272.4218683321102
2025-01-15,21,283.0207208091918,282.7040939048444,244.6740856433518,285.88676467460823,272.1072881765329
2025-01-15,22,281.73564821991425,285.29811320754715,242.27605062614862,284.79846177134567,269.7713882086191
2025-01-15,23,275.3582165749617,287.8122682487552,239.23819350639482,282.87172484185584,268.39120660732056
2025-01-16,0,275.0415327714788,288.6148315649098,237.1067397437789,268.1845510310341,272.1923430790492
2025-01-16,1,281.9356645097063,290.4181483752299,243.67344371461544,271.85077330942045,274.5325275463923
2025-01-16,2,286.4355679938939,292.3353517697734,240.17033129706988,270.31908468201266,272.4844871660816
2025-01-16,3,288.2744798625692,291.2368219565345,239.0088446892642,268.89779605603945,271.62144364454815
2025-01-16,4,291.514704940091,288.7375455650061,239.46291528678574,267.93618322458565,271.3183770584785
2025-01-16,5,289.68274744452754,275.77503601177426,232.13377783807104,260.3782694204726,269.01854641346915
2025-01-16,6,287.420563981316,277.22692486085344,235.4251256253935,263.33521843294545,268.1662021541582
2025-01-16,7,290.3786378934864,276.21725080785484,243.0428467851084,266.4359078222124,272.1221212837677
2025-01-16,8,259.17463559558075,239.587910814444,210.86307278526812,233.55307534573905,233.98643095843764
2025-01-16,9,179.17682803321856,175.49757649197213,147.72666773518495,173.8999243491857,172.24854281566533
2025-01-16,10,144.70944031850547,159.49886730280772,141.81523687655306,164.2658521003859,155.6538597211531
2025-01-16,11,146.99045543363897,161.99341247512524,143.91587370539338,166.23109219822993,157.68749769295434
2025-01-16,12,154.13260087137715,160.14938949725362,146.5926749953878,167.10873276843742,156.73014474750227
2025-01-16,13,156.85194931379297,157.03990284524636,146.29883695689287,165.54429295938246,154.7351186446494
2025-01-16,14,157.39822442613772,158.8417758519894,144.9312782291768,165.3307238350617,155.64826509700202
2025-01-16,15,159.30728167486862,161.9110823351678,138.9931678205739,164.3435411246249,158.68284400480232
2025-01-16,16,173.23880100707805,153.79634801288935,128.4842030460597,157.38239195201294,157.0138826101989
2025-01-16,17,228.905451218856,228.07549068948163,210.1616951481146,230.1156421593446,224.9057486339151
2025-01-16,18,249.80881300480524,280.8210898270411,252.4637170755564,273.21316805417047,270.16569922955665
2025-01-16,19,240.20686149936463,286.1636363636364,252.55612314684987,276.6377379318355,270.46955658956546
2025-01-16,20,236.95116291062865,283.9861621011014,250.3134207612384,275.3541171943874,269.06801330191894
2025-01-16,21,232.8225224296174,283.0207208091918,249.85176734167857,274.50800704442236,268.5139086468368
2025-01-16,22,221.03335097935417,281.73564821991425,247.65373674477135,272.1449851985048,264.04354275471115
2025-01-16,23,211.822340185227,275.3582165749617,242.99475568630288,266.50153309009005,263.84228781076763
2025-01-17,0,202.04337899543376,275.0415327714788,240.5937890356313,226.10418535846182,209.92402432284356
2025-01-17,1,194.325449385052,281.9356645097063,246.9799678812053,231.46684662528406,210.70742848568318
2025-01-17,2,187.4136582822885,286.4355679938939,243.5867453290509,230.86347175416378,209.2978050181277
2025-01-17,3,184.12954412434155,288.2744798625692,242.67249717173806,230.50003477485663,208.2129608570259
2025-01-17,4,182.12129065699105,291.514704940091,242.97232777709272,231.44443025072832,208.14766047086638
2025-01-17,5,181.5936614274672,289.68274744452754,235.6334332586188,227.64709180159522,205.30538610820386
2025-01-17,6,192.6390740516301,287.420563981316,238.96246848170458,229.39061522391214,208.80621341402167
2025-01-17,7,209.3140181144504,290.3786378934864,247.2278380649588,234.1125633918731,217.91683139349732
2025-01-17,8,193.4078593870953,259.17463559558075,215.6695936953163,203.47692730309882,193.51835736857743
2025-01-17,9,146.04913969087198,179.17682803321856,151.22474912741995,137.33339467292217,147.70070674196546
2025-01-17,10,146.927431298338,144.70944031850547,142.40744849565368,119.12384118434643,138.13645579312913
2025-01-17,11,147.52677205507393,146.99045543363897,145.81257124812538,121.7362052295212,138.96984293250284
2025-01-17,12,144.84043761971236,154.13260087137715,148.754758924922,126.40643955388644,139.81997844975012
2025-01-17,13,147.53250198991776,156.85194931379297,148.34538732209003,127.10468964853484,143.22668025495258
2025-01-17,14,144.26210235131396,157.39822442613772,148.01701890261,126.59299262466227,143.65809729743643
2025-01-17,15,133.50374157220122,159.30728167486862,144.25355767162068,125.53722685289377,142.3146017034017
2025-01-17,16,124.82423305395068,173.23880100707805,136.53900822952386,128.87074968879023,148.69046504313002
2025-01-17,17,184.9874781458205,228.905451218856,213.61003569210746,193.0231712657689,200.06793611395295
2025-01-17,18,219.8009202742041,249.80881300480524,252.3212597301944,223.2302562085084,231.51451341824986
2025-01-17,19,209.5355919299581,240.20686149936463,251.25458532465254,221.08398774846125,236.18590602433127
2025-01-17,20,208.6164458339537,236.95116291062865,247.7924088172105,218.85255229561037,233.97950646563177
2025-01-17,21,202.7986637415237,232.8225224296174,247.07902571332627,216.75247508356404,234.98921014275686
2025-01-17,22,204.6919160432253,221.03335097935417,243.52029941081628,209.96706065351935,229.23858881858484
2025-01-17,23,202.87708414114,211.822340185227,237.32197637530956,202.49431625142066,219.27327852997996
2025-01-18,0,209.00797917491937,202.04337899543376,235.26140989896152,202.49228695897293,191.91344447373362
2025-01-18,1,219.43970272310284,194.325449385052,240.539987594489,202.0217028212041,190.97003815586723
2025-01-18,2,214.344616492618,187.4136582822885,237.14510246842747,197.48172389672308,183.6310243689579
2025-01-18,3,220.41497101985448,184.12954412434155,235.47565786014516,195.01416192023768,183.41447226242593
2025-01-18,4,226.7794565769426,182.12129065699105,234.5243253477589,193.62023697389245,182.26633971963693
2025-01-18,5,235.17394716191475,181.5936614274672,228.0164838257314,190.91009087014075,182.82154991690643
2025-01-18,6,247.83241252302025,192.6390740516301,229.87600716436194,196.77231967917876,188.46478014521009
2025-01-18,7,257.0434782608696,209.3140181144504,239.6120115953266,207.04225754007228,195.7528553957835
2025-01-18,8,232.73495641080163,193.4078593870953,210.15431854343564,182.99474514943643,171.01448255097813
2025-01-18,9,145.8730726256983,146.04913969087198,150.37032643286116,131.64978510637192,132.98435990450855
2025-01-18,10,131.85718154036596,146.927431298338,142.3740068432005,127.74153820077413,134.1198771979542
2025-01-18,11,131.79298642533936,147.52677205507393,146.13748181894576,129.90465416838038,137.0606526377655
2025-01-18,12,135.741227568865,144.84043761971236,148.89270343590903,130.57927944127547,140.20185202699184
2025-01-18,13,140.82211411547308,147.53250198991776,148.5431891924836,131.39712853574693,138.97349156507929
2025-01-18,14,142.47920380273322,144.26210235131396,149.19942115327765,129.63854188526517,136.6310205494235
2025-01-18,15,138.7692653841827,133.50374157220122,144.88968880116167,123.08964988536681,128.94645751195657
2025-01-18,16,130.46526449968133,124.82423305395068,137.77786336869022,117.52390097993657,122.66535334905535
2025-01-18,17,210.0517955801105,184.9874781458205,214.16490987664784,182.21673050459452,181.21131921439422
2025-01-18,18,266.4742146456524,219.8009202742041,251.56941047200078,216.5739656238882,221.26177705368306
2025-01-18,19,269.90401856344266,209.5355919299581,250.06966375486726,213.76145531135583,219.76661359467684
2025-01-18,20,270.0153309367731,208.6164458339537,247.5266215057397,212.83152431877167,216.80553737624126
2025-01-18,21,269.6346111958179,202.7986637415237,247.59207882312265,210.5786723836221,218.19162854132915
2025-01-18,22,272.6510742453087,204.6919160432253,247.20818421114205,210.2521400056844,216.47582106563334
2025-01-18,23,271.4975817595578,202.87708414114,243.80243149474603,206.9213022112912,213.65688227862967
2025-01-19,0,272.3580013422,209.00797917491937,243.33336078348793,237.0690179254599,260.3119195076527
2025-01-19,1,276.8946317254736,219.43970272310284,250.22261486787232,243.82656275067885,261.5870099991027
2025-01-19,2,282.76133383289624,214.344616492618,249.1874296591399,241.1771209129529,258.74104940032487
2025-01-19,3,288.7685459940653,220.41497101985448,251.40070286911865,244.25792242809442,259.33797229666106
2025-01-19,4,289.4317814941564,226.7794565769426,253.20279828449597,247.3756018403495,258.32358358430065
2025-01-19,5,281.51664217721844,235.17394716191475,249.14304855429378,249.13786742682151,257.9390738814564
2025-01-19,6,275.82678604056275,247.83241252302025,250.77254695223988,255.39334964724011,256.3518538646409
2025-01-19,7,278.9812394726143,257.0434782608696,256.902863999674,261.02056501493405,258.31882743139477
2025-01-19,8,242.6789061638549,232.73495641080163,227.03891456466536,233.172548922686,228.21572115189565
2025-01-19,9,142.60208476912473,145.8730726256983,156.85210508720593,160.732996009574,139.77993127655634
2025-01-19,10,125.79378872600876,131.85718154036596,142.9495169993597,147.9302747495271,135.25501238361537
2025-01-19,11,125.05450156526987,131.79298642533936,145.1802460130338,148.81377146570279,135.98173662409783
2025-01-19,12,136.34115001606168,135.741227568865,147.77686736989003,151.97954540055386,140.96373947123362
2025-01-19,13,138.5349364000697,140.82211411547308,148.81495137974602,154.40420860789763,141.62933160660128
2025-01-19,14,143.29355285844687,142.47920380273322,149.90901436614004,154.97235159723775,142.3804923817417
2025-01-19,15,136.22849324439883,138.7692653841827,147.4141379083239,151.87161525437446,138.18819798586924
2025-01-19,16,135.70277777777778,130.46526449968133,143.8064552780905,148.67225160111127,130.88455851759247
2025-01-19,17,190.79568088898208,210.0517955801105,222.54262682487405,223.18200110225948,220.60880608460607
2025-01-19,18,233.99970470987745,266.4742146456524,262.90588391895704,267.42524141995165,261.22267899548655
2025-01-19,19,242.3338292460527,269.90401856344266,261.12656454243626,268.8976595335456,259.89321049898996
2025-01-19,20,238.27618392611515,270.0153309367731,260.31060168341276,269.3010314825018,259.31718978400045
2025-01-19,21,232.8665659617321,269.6346111958179,259.239637653833,268.2008826429603,258.9170788569429
2025-01-19,22,235.940863079382,272.6510742453087,258.62830703947867,268.16793037050275,257.66408508849474
2025-01-19,23,243.48451834862385,271.4975817595578,256.46843274565845,265.8190743570446,256.6930151741329
2025-01-20,0,250.0123281760464,272.3580013422,255.9540799465722,256.9609102927967,240.54778581259887
2025-01-20,1,259.5909005215861,276.8946317254736,259.6832778472049,260.0988753676057,242.47132267483735
2025-01-20,2,261.52481817021817,282.76133383289624,259.04967227602344,261.4403799244777,242.89385266902548
2025-01-20,3,267.8371187540558,288.7685459940653,261.1182253658486,264.5604618941006,243.91033122487232
2025-01-20,4,268.5445826853292,289.4317814941564,262.12135372827436,265.39253143778524,244.0782465130364
2025-01-20,5,264.4412950365331,281.51664217721844,257.3597117224678,261.2809754648785,243.14164408630398
2025-01-20,6,261.793023255814,275.82678604056275,257.46873353900145,260.55564066557497,247.6330408538616
2025-01-20,7,255.80384016606124,278.9812394726143,263.3024169618368,264.0176204064879,251.1241812648789
2025-01-20,8,216.25325567078656,242.6789061638549,234.61636396456987,232.2843775853633,225.47672021889258
2025-01-20,9,137.94663298334254,142.60208476912473,160.77937817816883,152.7661866751695,155.79262806703207
2025-01-20,10,122.60979729729728,125.79378872600876,143.19872274453098,136.78596823741037,144.2518361655547
2025-01-20,11,109.01405381849877,125.05450156526987,143.9626192766347,136.468093985517,143.35481585744012
2025-01-20,12,114.92466240227434,136.34115001606168,147.2920256854806,143.44525986842973,147.4349522260662
2025-01-20,13,122.69139594671296,138.5349364000697,148.49966596510458,145.02907679100264,149.1105355254403
2025-01-20,14,124.35890825895017,143.29355285844687,150.5577856785864,147.63037132340446,153.7686587086983
2025-01-20,15,126.42614463679016,136.22849324439883,147.94991595264648,143.27767346570863,147.31752058084987
2025-01-20,16,114.79608227228208,135.70277777777778,144.93275098763118,143.37096918875338,148.9717864254349
2025-01-20,17,179.61270062805303,190.79568088898208,218.05298667608048,205.9494292437934,198.2681711592958
2025-01-20,18,239.85947106470184,233.99970470987745,258.99801888216047,245.9731773663829,251.61489128431373
2025-01-20,19,247.6421978446818,242.3338292460527,257.8228318174539,249.85812050624884,253.77768414818493
2025-01-20,20,256.16657742296644,238.27618392611515,256.4451749041888,248.6212230187687,253.94204924855742
2025-01-20,21,262.47350540033466,232.8665659617321,254.1937470753966,245.24848131902513,249.86897005621353
2025-01-20,22,268.75,235.940863079382,253.88241755769675,245.4636526547718,251.40691136229802
2025-01-20,23,268.9921962095875,243.48451834862385,252.34343669943408,246.5699031272687,245.7815919770563
2025-01-21,0,277.4102145522388,250.0123281760464,252.8688686637482,261.58000884580446,272.3274569197547
2025-01-21,1,287.62346780911577,259.5909005215861,257.17973614658985,266.6355505944365,276.0191429188014
2025-01-21,2,291.09577681691644,261.52481817021817,257.65946650971676,267.17075612318183,277.49795100734883
2025-01-21,3,294.36592950932965,267.8371187540558,260.6386693432393,270.7709941366921,277.38582533029876
2025-01-21,4,292.10167899495127,268.5445826853292,261.7168107833501,271.5622979303012,277.7569877354164
2025-01-21,5,284.0674591555894,264.4412950365331,258.0954824437608,268.9786329903175,275.7061562648648
2025-01-21,6,277.075436038663,261.793023255814,259.7368109384292,269.7192552269572,276.6163683892814
2025-01-21,7,280.2934145769861,255.80384016606124,264.09273501471256,269.1518230822375,275.9598001763241
2025-01-21,8,242.17009949380343,216.25325567078656,233.65661153022137,235.7805032851463,237.43550550659413
2025-01-21,9,169.55153336020226,137.94663298334254,159.10068926986952,164.16725485285795,162.67410767366994
2025-01-21,10,154.49572086899275,122.60979729729728,142.21553119499623,148.9808372795588,139.60143161199406
2025-01-21,11,160.79728177641653,109.01405381849877,140.9418038369036,142.65804535147566,136.94761576482847
2025-01-21,12,160.32905323306295,114.92466240227434,144.2535091234477,147.16076557561206,140.83758827967017
2025-01-21,13,163.296651994131,122.69139594671296,146.66297479382624,151.64920495917357,143.56962196633418
2025-01-21,14,161.45339273474983,124.35890825895017,148.40147798957847,152.9068943728916,146.2243754685384
2025-01-21,15,157.17514532259813,126.42614463679016,146.46498350645552,152.86082725101826,145.0631324552791
2025-01-21,16,145.84730784153123,114.79608227228208,142.4232836887863,148.1916875357457,144.5222197777809
2025-01-21,17,228.1925363441075,179.61270062805303,210.51310896564442,211.23963646641135,212.05668367353562
2025-01-21,18,275.1279871540569,239.85947106470184,253.77565154391507,257.9973057752667,263.3541041556488
2025-01-21,19,280.532302297352,247.6421978446818,254.115853046904,262.48450253424875,267.0615003053556
2025-01-21,20,283.2949995344073,256.16657742296644,253.75307768547125,266.16476618892614,265.8457641724
2025-01-21,21,282.8347459703101,262.47350540033466,252.33152620615172,267.23584697813186,266.213392952494
2025-01-21,22,279.3707046876603,268.75,252.87156653924737,268.92654687845027,267.84886151538024
2025-01-21,23,275.9271085663951,268.9921962095875,251.69202935255043,267.7105505041227,269.11395010028497
2025-01-22,0,277.6715729739316,277.4102145522388,253.49832379674672,268.0472118316138,272.5149728604806
2025-01-22,1,295.570360545038,287.62346780911577,258.6039950070381,273.72129020044144,274.5656981728349
2025-01-22,2,296.3386577661223,291.09577681691644,259.41587476551496,274.8582030589373,276.2603146753197
2025-01-22,3,297.37864654506564,294.36592950932965,262.14677303153576,277.2181451844169,277.08131153029836
2025-01-22,4,299.9661925856843,292.10167899495127,262.7472915590668,276.7787899905042,276.10872803022556
2025-01-22,5,292.82431730269616,284.0674591555894,258.8929697735749,272.85932698600124,272.91995482397425
2025-01-22,6,290.59007694348634,277.075436038663,259.97346010740847,271.9290194719007,272.06343727724294
2025-01-22,7,299.4468183929401,280.2934145769861,264.0045541846175,274.24189101342324,271.66478344462166
2025-01-22,8,280.12467623688485,242.17009949380343,232.2868033623381,240.86806763835196,237.82144788600684
2025-01-22,9,212.32923737078207,169.55153336020226,156.6709811363472,171.56074520496958,165.49941384478365
2025-01-22,10,167.7822934973638,154.49572086899275,140.84174676461657,157.06844084915969,150.35004435887592
2025-01-22,11,152.64443469357906,160.79728177641653,140.4527805070518,158.5425121730292,152.53715485333024
2025-01-22,12,150.93060328031456,160.32905323306295,143.77978874408674,160.2782729788534,152.6990945594821
2025-01-22,13,157.4196763797056,163.296651994131,146.68135037219196,162.77246636538268,155.70190970004037
2025-01-22,14,155.55394323895658,161.45339273474983,147.44102289776018,162.22548965724673,152.72529404702175
2025-01-22,15,155.69818298190094,157.17514532259813,144.7601648814582,159.28289665931658,150.05712630494918
2025-01-22,16,157.14195210541877,145.84730784153123,139.81011635217007,153.80969884491287,150.48773892023002
2025-01-22,17,236.4493670886076,228.1925363441075,207.23159049934446,224.11419974847865,222.07913396840314
2025-01-22,18,279.43447078708147,275.1279871540569,252.27031438290558,266.80556530990384,265.9583865866287
2025-01-22,19,275.8671553323379,280.532302297352,253.75977682064118,270.7413932376923,265.5535367409984
2025-01-22,20,276.5661750980026,283.2949995344073,253.90098038084938,272.73058922749703,267.6047990578803
2025-01-22,21,281.12820512820514,282.8347459703101,252.35019078693253,271.5145566417633,266.0232045307617
2025-01-22,22,276.14184106841327,279.3707046876603,252.02479389354923,269.56737475633054,267.2307231280168
2025-01-22,23,280.03786239723064,275.9271085663951,249.99414939792754,266.64558307075794,265.7731651726368
2025-01-23,0,281.0188679245283,277.6715729739316,251.93500114089264,267.2574568402045,279.49512373520827
2025-01-23,1,283.3864639529181,295.570360545038,259.34002531701066,276.5076350577385,283.4753995466389
2025-01-23,2,286.4213816817756,296.3386577661223,259.9877756221362,276.67690399512514,282.8751784596432
2025-01-23,3,292.22621852908344,297.37864654506564,263.0241765441831,278.3311383370366,283.9005969980811
2025-01-23,4,291.42725936811166,299.9661925856843,264.3513839905923,279.8421329359597,284.51742591934067
2025-01-23,5,286.7096928409227,292.82431730269616,261.32858138656377,276.52764344322014,280.97027113863453
2025-01-23,6,285.10182086335016,290.59007694348634,261.8824818334989,276.95966388586413,281.1132358566247
2025-01-23,7,278.7972783670202,299.4468183929401,267.32306383962975,282.01168331672983,282.4371243571142
2025-01-23,8,242.23234311347096,280.12467623688485,238.07776985125818,257.41859246511916,262.4136525047115
2025-01-23,9,176.9316836598312,212.32923737078207,161.9326469761772,190.34771753461993,196.8168416817618
2025-01-23,10,168.09545018500754,167.7822934973638,142.02509336383886,162.45187207352723,158.97294594205226
2025-01-23,11,161.56381717597472,152.64443469357906,139.11721225254522,154.67258182648246,155.04957062582898
2025-01-23,12,156.1994815208721,150.93060328031456,142.462819284524,155.98808028549433,154.38567179584146
2025-01-23,13,153.22870733655083,157.4196763797056,146.73560373425758,160.53407703121204,155.92249615547695
2025-01-23,14,155.35765604738373,155.55394323895658,146.97133252446974,159.5644315704418,155.69146748453727
2025-01-23,15,151.84658268172603,155.69818298190094,143.8726078309915,158.30245708812419,155.6525279041012
2025-01-23,16,155.0201211505062,157.14195210541877,140.28805979396,158.4565985295987,155.763263561462
2025-01-23,17,245.9174830444612,236.4493670886076,208.42785855636248,227.26088032000052,225.6788180555139
2025-01-23,18,288.1263933754948,279.43447078708147,252.07222594862563,268.32697605041005,269.3708623125185
2025-01-23,19,281.9020172910663,275.8671553323379,252.28885095902712,268.5812673095204,265.92157515407234
2025-01-23,20,290.6411923112638,276.5661750980026,252.84098223754955,269.8423694915223,265.9403498060242
2025-01-23,21,287.233654722502,281.12820512820514,252.0798314039344,270.51337623228204,266.7101767807633
2025-01-23,22,285.80410758439723,276.14184106841327,251.22567858619192,267.69590543549737,262.46432559798814
2025-01-23,23,280.96972309018423,280.03786239723064,250.66267022968026,267.76455303306074,263.5249730928166
2025-01-24,0,290.5901879149319,281.0188679245283,252.7889061627569,273.8146563877708,273.06564736300186
2025-01-24,1,296.2633870777922,283.3864639529181,259.54728238032664,277.50853754390954,275.2873130266579
2025-01-24,2,297.95288432497733,286.4213816817756,259.9857490061193,278.34651066653595,275.22653208461077
2025-01-24,3,297.79852994336665,292.22621852908344,263.5887106393994,281.8780974130782,275.6072585046818
2025-01-24,4,298.1237100886245,291.42725936811166,264.3388917660238,282.0353858423256,275.2582245135376
2025-01-24,5,293.002582737702,286.7096928409227,260.90385930033455,279.40872338417927,274.9877881833168
2025-01-24,6,292.0560951653389,285.10182086335016,261.55123281664663,280.2368329987506,272.9480590974726
2025-01-24,7,289.49203799083307,278.7972783670202,265.6685839072774,279.4304356785764,271.65013234261625
2025-01-24,8,251.8441801416544,242.23234311347096,235.65744235381393,247.2273865351221,242.70099141037892
2025-01-24,9,198.42500462363603,176.9316836598312,161.6119120656933,181.01822919888417,172.43219104917677
2025-01-24,10,162.23696020743992,168.09545018500754,145.3659519161963,168.98106290014533,164.30951671808768
2025-01-24,11,147.65061927086978,161.56381717597472,141.19912107287888,164.26083576879657,155.58227885621417
2025-01-24,12,137.1076755183703,156.1994815208721,142.75808794873757,163.2434805927559,154.52347874669766
2025-01-24,13,141.3414052467437,153.22870733655083,146.2179977375087,163.61988452300872,154.3371282553453
2025-01-24,14,141.5030097123232,155.35765604738373,146.67982275607636,164.21254595025965,154.2315462385442
2025-01-24,15,137.6653352792073,151.84658268172603,142.80679368911402,160.96056557862818,154.17630467005574
2025-01-24,16,150.3454981232759,155.0201211505062,137.68539124302114,161.2377180718873,154.57125270388158
2025-01-24,17,239.8768824306473,245.9174830444612,210.8581488171632,236.19189521382913,235.2585810097782
2025-01-24,18,282.269194594327,288.1263933754948,257.5461660015813,278.5888413183521,266.5922421664368
2025-01-24,19,278.2477222359025,281.9020172910663,258.24530178641305,278.2997620675056,266.2898915759671
2025-01-24,20,278.2628322174883,290.6411923112638,260.51098643764027,283.10239350750703,268.7129922170936
2025-01-24,21,272.2221082328802,287.233654722502,259.85285030291794,281.25208835654064,266.9707900343266
2025-01-24,22,266.3422251804824,285.80410758439723,260.47864381548385,280.4616025099745,266.71954024710476
2025-01-24,23,262.1974904528096,280.96972309018423,260.5408677875313,278.12093613537775,265.8194665575867
2025-01-25,0,263.1958033714488,290.5901879149319,265.43845029411375,253.68566820844796,252.27498113464205
2025-01-25,1,265.6082041144128,296.2633870777922,274.1098449078609,259.5333219548156,254.7944520670414
2025-01-25,2,263.2628781166941,297.95288432497733,275.77706701221774,260.602106833946,253.98907738144484
2025-01-25,3,255.5588139459107,297.79852994336665,279.82713718497445,262.55304232978705,254.15104409729534
2025-01-25,4,256.38729096989965,298.1237100886245,280.9106659705429,263.3598198381862,253.80351514920682
2025-01-25,5,257.5274008350731,293.002582737702,276.81941948751097,260.42772948335596,254.30462701038434
2025-01-25,6,256.55509752045776,292.0560951653389,275.75366440431935,260.49180422044776,254.5016594436575
2025-01-25,7,256.5203149244296,289.49203799083307,277.12258674676065,259.27783970050956,253.9047450380916
2025-01-25,8,251.44707079846188,251.8441801416544,244.00548817589382,224.89026932321497,220.14685844382242
2025-01-25,9,206.3627535606388,198.42500462363603,169.09417848465958,162.40949130338487,157.8008362643135
2025-01-25,10,173.4080866631824,162.23696020743992,147.55302747463944,137.59251971396225,137.30207102130737
2025-01-25,11,146.22097874638,147.65061927086978,141.2168135322783,128.6964233520245,134.55713402722142
2025-01-25,12,147.6520441084413,137.1076755183703,141.65340764854585,125.00431686556826,134.28992606173205
2025-01-25,13,152.84774348994532,141.3414052467437,145.3335553456267,128.19775787775666,136.7639602944671
2025-01-25,14,150.06754772393538,141.5030097123232,146.28566666479193,128.41094492293007,136.7167191674249
2025-01-25,15,153.65465213746856,137.6653352792073,143.40130707582915,125.68470473864008,134.00141097235948
2025-01-25,16,156.59453836150846,150.3454981232759,141.33128625292477,131.3958288374091,135.40614954423796
2025-01-25,17,230.7375,239.8768824306473,218.69949228642417,208.1427943943796,209.34493923671997
2025-01-25,18,252.1124279308136,282.269194594327,266.4702051901703,251.34720151578026,249.62554624800592
2025-01-25,19,255.1939238920499,278.2477222359025,268.06132040154796,252.5822930678795,249.75120052105075
2025-01-25,20,249.4959710129252,278.2628322174883,270.4604702067167,254.46380626033556,250.41974089137668
2025-01-25,21,254.94592158630013,272.2221082328802,269.77048523025456,251.6360692446243,249.69540828227048
2025-01-25,22,259.4472390864412,266.3422251804824,269.285830835092,248.81322095904858,246.87896255186047
2025-01-25,23,262.09407371717657,262.1974904528096,269.0152115463412,246.61243639040703,245.95355450008284
2025-01-26,0,262.85069857778336,263.1958033714488,273.17956803647513,260.16055455983656,256.3290581205061
2025-01-26,1,264.0699963095092,265.6082041144128,280.7053451066195,264.23944067172414,256.8721347523599
2025-01-26,2,267.37517036302813,263.2628781166941,282.76539010137145,264.2575103255655,256.0215833805058
2025-01-26,3,270.8907747725746,255.5588139459107,284.847686174411,262.3664935748211,255.59555041746893
2025-01-26,4,270.8282877209978,256.38729096989965,285.1403565981081,262.8520444140038,255.29244423945912
2025-01-26,5,266.9006735028214,257.5274008350731,280.01277001224787,261.4592576063411,254.15220923317654
2025-01-26,6,264.8460508701473,256.55509752045776,276.9997622610961,260.3902231320523,254.09190907152185
2025-01-26,7,258.4623535644905,256.5203149244296,277.0478491272692,259.33623287679694,254.77316209207902
2025-01-26,8,244.359623937398,251.44707079846188,246.678647374131,239.6704247386104,238.14610014379758
2025-01-26,9,204.17673130193907,206.3627535606388,177.73556147536536,185.0385358232918,185.92971070268703
2025-01-26,10,188.929388363998,173.4080866631824,153.4888710636132,159.35341150523146,158.08062720544194
2025-01-26,11,184.36413112802416,146.22097874638,143.27795529242695,143.50447175282227,141.9088538244577
2025-01-26,12,186.8662751106572,147.6520441084413,143.35495286848533,144.304338468274,144.0554222232882
2025-01-26,13,194.76261869065468,152.84774348994532,147.0515023991227,147.65853125402893,149.64811500995575
2025-01-26,14,191.45260144052253,150.06754772393538,147.36971579639226,146.2874154936291,147.53306445312523
2025-01-26,15,195.42259540449496,153.65465213746856,145.52779089772713,146.87794243191934,148.5388451820577
2025-01-26,16,214.76185170742576,156.59453836150846,145.0640396617572,149.49352088173816,149.672786127022
2025-01-26,17,264.2962716008224,230.7375,221.65459291783694,219.02190263033924,227.14740907516816
2025-01-26,18,284.64252312168765,252.1124279308136,264.41852137376475,251.2879556395492,247.5901071589895
2025-01-26,19,285.7936467855159,255.1939238920499,265.95987830563473,255.00282946099372,246.78703451068412
2025-01-26,20,282.51123315027456,249.4959710129252,267.5291330747384,254.29086814521526,246.56128257586002
2025-01-26,21,279.5321667261874,254.94592158630013,267.6721010003235,255.8544061448422,247.44940388126477
2025-01-26,22,277.5505129002176,259.4472390864412,267.39956866953946,256.76325363157997,247.65411904312157
2025-01-26,23,271.76914778856525,262.09407371717657,267.6718532545725,257.1797333646831,247.3849123055809
2025-01-27,0,272.13569689075155,262.85069857778336,271.82138192727274,277.62537605814424,273.67679007502517
2025-01-27,1,279.7505256577826,264.0699963095092,278.8732543329103,280.89732160670536,275.6928740966301
2025-01-27,2,277.2553093259464,267.37517036302813,280.5673667485332,282.71819782593445,275.7274860994209
2025-01-27,3,283.2663584637269,270.8907747725746,282.29371885705524,284.512745918346,277.7847454627399
2025-01-27,4,283.73821505003184,270.8282877209978,282.48271463051407,284.64386847267383,278.572947320166
2025-01-27,5,286.83396573531104,266.9006735028214,277.924774487334,281.8003310993302,274.5866058401977
2025-01-27,6,291.4772068511199,264.8460508701473,275.4310858081796,280.65329565928715,273.50030815591833
2025-01-27,7,290.6659388646288,258.4623535644905,274.11657971182296,276.8125267066088,269.0594876406007
2025-01-27,8,270.80960408219056,244.359623937398,246.91874991320856,254.95987115122495,245.96271970928876
2025-01-27,9,221.74459824442943,204.17673130193907,186.53193955148168,206.86528386261938,187.82495439222686
2025-01-27,10,190.80521500796328,188.929388363998,162.50824244046882,188.14371307794303,179.6852821596898
2025-01-27,11,185.0315341997979,184.36413112802416,151.75075951567757,179.64500977272166,176.7607902037056
2025-01-27,12,186.1595857040646,186.8662751106572,150.57282788199896,180.38675054508826,178.9402904838526
2025-01-27,13,183.1227239621268,194.76261869065468,155.08402844063488,185.83665320766437,177.7365290068019
2025-01-27,14,181.7282820189997,191.45260144052253,154.2495798795459,183.74796307328552,178.31667256779838
2025-01-27,15,174.05462435800453,195.42259540449496,153.9840912063123,185.60079747273824,179.66914958423087
2025-01-27,16,179.13533514800952,214.76185170742576,156.35819308027837,195.44061588216553,182.31795228899475
2025-01-27,17,243.81538310701504,264.2962716008224,232.15467730524273,254.58802578007032,249.4897403568515
2025-01-27,18,285.80621437764296,284.64252312168765,271.65320971830903,284.4247523401792,270.2151599461978
2025-01-27,19,283.9675522945814,285.7936467855159,272.1684236684152,286.9613755716541,269.95434248969065
2025-01-27,20,286.146252285192,282.51123315027456,273.8484258210469,287.26041542585176,272.02393507058935
2025-01-27,21,289.7584701527949,279.5321667261874,274.33861539524565,286.45928401549503,268.264494379343
2025-01-27,22,294.98357064622127,277.5505129002176,273.3438043582303,284.96245817836643,266.2342521802174
2025-01-27,23,291.9673302705462,271.76914778856525,271.7125146031355,281.55010932432776,264.0215956028533
2025-01-28,0,292.77541471714164,272.13569689075155,274.9818631722306,279.5634075039528,287.86160808839816
2025-01-28,1,296.72154382904495,279.7505256577826,281.75320078093836,284.88130703707594,287.63818066021094
2025-01-28,2,296.6752664049355,277.2553093259464,282.81457977078,284.34741731547354,287.46918296792717
2025-01-28,3,303.6087928871434,283.2663584637269,284.4978959584368,287.081020359644,287.29700511874273
2025-01-28,4,305.46234092522803,283.73821505003184,284.6532335397573,287.36611456392524,287.16951709705296
2025-01-28,5,305.4344879926275,286.83396573531104,281.12372744430223,287.3770520045167,288.3826012405117
2025-01-28,6,300.54494690133123,291.4772068511199,279.6716834646519,288.79642393895523,288.51079978400213
2025-01-28,7,291.56386770744035,290.6659388646288,279.09687952590406,287.14309871724953,287.27444748499374
2025-01-28,8,260.0124522663125,270.80960408219056,254.71251397198057,264.7871148755214,264.24899657438505
2025-01-28,9,193.7735849056604,221.74459824442943,198.50307744592268,214.3002362627153,211.6175146604096
2025-01-28,10,158.8915225878416,190.80521500796328,172.25044497056393,188.3356053475908,185.47987478958694
2025-01-28,11,160.80109807836286,185.0315341997979,162.6103995701489,181.03147366335511,178.55275915962136
2025-01-28,12,158.69557375275062,186.1595857040646,160.74924549654042,180.60194339651878,177.66407898352037
2025-01-28,13,158.45725995316158,183.1227239621268,163.7170752999797,180.82472623951497,177.31462520782182
2025-01-28,14,154.34626252247625,181.7282820189997,162.44520470241014,179.712560681255,177.9804656563153
2025-01-28,15,150.19853947968963,174.05462435800453,160.78815973791436,176.11493785288826,167.29449003782744
2025-01-28,16,153.98344370860926,179.13533514800952,165.54951491966798,181.4554953680092,174.63226084757548
2025-01-28,17,227.2742573807033,243.81538310701504,241.3264890879516,247.95547523672582,241.36659514731687
2025-01-28,18,261.3402780804603,285.80621437764296,278.21703019158633,285.47903465657515,281.65111576623616
2025-01-28,19,261.73089124825515,283.9675522945814,277.3577600184008,286.3196776593336,281.676190124461
2025-01-28,20,257.8452051881778,286.146252285192,278.1312365156505,287.8590605648492,282.35045048887565
2025-01-28,21,255.1072887551064,289.7584701527949,278.23646750274,288.9782024529468,282.7182898410172
2025-01-28,22,254.76857078347257,294.98357064622127,277.09145730769046,289.61566335156397,282.1645809103444
2025-01-28,23,268.7085572943919,291.9673302705462,274.99467661184394,286.7919943061944,280.8051145448841
2025-01-29,0,274.6264150943396,292.77541471714164,277.1768917672167,268.09214715761266,266.1436860548015
2025-01-29,1,281.68413985436143,296.72154382904495,283.05292592664256,271.9061708166912,269.0487803751105
2025-01-29,2,285.6396605345,296.6752664049355,283.6116497119256,271.95770445425137,268.98484764012045
2025-01-29,3,292.8302285081007,303.6087928871434,285.8183050124102,275.24013148177903,269.3066939892005
2025-01-29,4,303.07379713914173,305.46234092522803,286.56189952979685,276.2478599250987,270.1694587141003
2025-01-29,5,303.4879315943284,305.4344879926275,284.1761601353077,275.58186586752873,268.65191904518014
2025-01-29,6,302.9725347116652,300.54494690133123,283.0244707307474,274.03368083489846,267.81268115000705
2025-01-29,7,298.2922574585141,291.56386770744035,280.7069442588261,268.89921336721284,265.6240343683804
2025-01-29,8,273.26299668169827,260.0124522663125,257.26142151091045,242.01545766902498,238.0912591617859
2025-01-29,9,193.3458061647896,193.7735849056604,201.9633705238453,184.59074602724428,180.64387198288296
2025-01-29,10,161.07561906763337,158.8915225878416,172.8784166446852,155.78269644961523,155.42398946010323
2025-01-29,11,162.38674894886748,160.80109807836286,162.6109447561412,151.35773065277266,156.51000389310173
2025-01-29,12,159.7408443019846,158.69557375275062,160.51589128506723,149.42805704659793,151.90157251484825
2025-01-29,13,169.28316123907862,158.45725995316158,163.02573357984122,150.52765292891428,153.97089696539302
2025-01-29,14,157.2514598932397,154.34626252247625,161.42990038637103,148.0927810233641,153.69958816656987
2025-01-29,15,154.77668966540546,150.19853947968963,159.79150176035597,145.8792058929069,151.6327370018043
2025-01-29,16,158.2082783641161,153.98344370860926,166.71182004353628,152.3127495678916,155.02455009966496
2025-01-29,17,216.0697327363994,227.2742573807033,241.19530637889383,222.14111479255413,220.8667571783941
2025-01-29,18,269.2788316121505,261.3402780804603,276.2473574667868,256.22184888654147,258.24579006814923
2025-01-29,19,269.5690904441224,261.73089124825515,274.6718441542441,257.4222328685397,257.8978158162171
2025-01-29,20,264.4639301901978,257.8452051881778,274.4955516090463,256.5707081111685,256.1103601736592
2025-01-29,21,259.0100564348453,255.1072887551064,274.27540218628235,255.3037941033392,255.78584970400811
2025-01-29,22,255.99415980886647,254.76857078347257,273.5768667499494,254.31473096975233,255.41915467652308
2025-01-29,23,257.2035751640201,268.7085572943919,273.96345500155775,258.7975692770561,258.1951296124956
2025-01-30,0,258.9737152226264,274.6264150943396,276.7418692129893,253.4398765540321,255.1388733638517
2025-01-30,1,243.69067103109657,281.68413985436143,281.06918011368873,257.68274141485307,256.1119309902652
2025-01-30,2,235.4214098073556,285.6396605345,282.0832215359796,259.3854271012372,256.1530619764165
2025-01-30,3,242.14277893353773,292.8302285081007,285.1685310071295,263.1192275788506,255.9934057098792
2025-01-30,4,253.92179216781625,303.07379713914173,287.00584303743364,267.52299583605065,256.7540745037895
2025-01-30,5,252.24945219697844,303.4879315943284,285.6995336055409,267.44675668361435,257.29896299101966
2025-01-30,6,261.0297251225229,302.9725347116652,284.79339326905864,267.3957415423063,257.25222950299656
2025-01-30,7,268.1908548707753,298.2922574585141,280.5420069824795,262.89272670828035,256.8327051285935
2025-01-30,8,232.92014876394663,273.26299668169827,256.2811815744552,237.80124212532905,235.97552266240467
2025-01-30,9,163.24394055016535,193.3458061647896,199.2514517801321,174.1328293374596,168.31129019420894
2025-01-30,10,148.65694968232935,161.07561906763337,171.92032029758087,147.48875671982842,150.07993862371225
2025-01-30,11,147.87436656123523,162.38674894886748,164.00270393546813,144.19463010570283,149.6861034940424
2025-01-30,12,150.46014516880868,159.7408443019846,161.77449714530582,142.22372436997063,147.51908915686764
2025-01-30,13,148.0242220353238,169.28316123907862,164.72051713118023,147.35280229943004,151.1968862559523
2025-01-30,14,144.12532070971704,157.2514598932397,161.67240276555435,140.96706855292973,147.71564614715396
2025-01-30,15,137.73409773409773,154.77668966540546,159.6598598579995,138.96977250497838,145.27763013283118
2025-01-30,16,148.4236305048335,158.2082783641161,166.8641523662073,145.0637162160614,147.30814842673624
2025-01-30,17,202.56360832690825,216.0697327363994,238.28393004286409,207.2719285561865,205.89347086720255
2025-01-30,18,264.488039187711,269.2788316121505,274.7965518703681,249.50950032725356,247.65920770155236
2025-01-30,19,269.0286538114976,269.5690904441224,273.77212059878474,251.04432575785415,248.92444002674085
2025-01-30,20,272.7480245829675,264.4639301901978,272.76665947935993,249.25207993643093,247.51306957085174
2025-01-30,21,271.4515901060071,259.0100564348453,271.1156666586595,246.31098706007344,247.33757215913374
2025-01-30,22,273.6916303917689,255.99415980886647,270.6986265700141,244.31703949166894,246.86721599604
2025-01-30,23,276.4920744314266,257.2035751640201,270.701413968242,244.44240055052498,247.75390875933238
2025-01-31,0,277.3068227928816,258.9737152226264,273.5925616841462,270.7269852534225,271.11405252284953
2025-01-31,1,274.7794679039173,243.69067103109657,275.39835255342854,265.6222244578721,269.9699467032949
2025-01-31,2,272.15057702875987,235.4214098073556,274.7975112682053,262.18363592902455,270.2783362973935
2025-01-31,3,269.11057092994264,242.14277893353773,278.0137539220515,265.998896993291,271.5150751354538
2025-01-31,4,270.6990291262136,253.92179216781625,281.6479191516771,272.05827049406344,271.0442353003589
2025-01-31,5,268.9802445907808,252.24945219697844,280.7766420849774,271.40760613342417,269.4858092450837
2025-01-31,6,278.2011357391464,261.0297251225229,281.35452244894043,275.48666365736864,271.1827204258174
2025-01-31,7,285.39328220047605,268.1908548707753,279.02680362587313,276.2153981606288,270.95305647657574
2025-01-31,8,251.5839345839346,232.92014876394663,254.95086809595173,246.80221855249704,234.99780296795922
2025-01-31,9,202.30692556118177,163.24394055016535,197.29605990732264,185.92130619896588,171.67803532895277
2025-01-31,10,181.55958587267787,148.65694968232935,169.14339165434112,165.73497592952106,156.54758027910447
2025-01-31,11,178.06485671191552,147.87436656123523,162.0470681333625,162.07717433658385,155.0501215153768
2025-01-31,12,174.60547445255474,150.46014516880868,160.9545919521539,162.64038173659463,154.69114154665348
2025-01-31,13,171.1684251660805,148.0242220353238,163.97701923100493,163.10620558878398,155.37901347300655
2025-01-31,14,171.44092110230275,144.12532070971704,160.06778343160198,159.65927144440624,149.98764478004915
2025-01-31,15,169.8208366219416,137.73409773409773,157.6437905797669,156.21601530755626,148.38593708633806
2025-01-31,16,179.23334418150543,148.4236305048335,165.92179655968263,165.5259960082375,160.14090671794617
2025-01-31,17,228.9435336976321,202.56360832690825,232.09051936892797,223.25644990566894,211.9271929380301
2025-01-31,18,255.5236743384366,264.488039187711,271.41964412925614,271.0310376159615,263.94888320762226
2025-01-31,19,253.754408623516,269.0286538114976,271.93306867313214,274.590557640458,263.72360263858286
2025-01-31,20,251.3812490502963,272.7480245829675,270.2104926610319,275.7235434101305,266.18355958452395
2025-01-31,21,241.81212866215932,271.4515901060071,268.86108599916025,274.2908185370545,265.0664346831125
2025-01-31,22,241.62030905077265,273.6916303917689,268.96827268535293,274.3806803363528,265.3332590706972
2025-01-31,23,240.0906512086828,276.4920744314266,270.06174987413374,275.3132672366127,266.2791128281108
2025-02-01,0,245.22679927424232,277.3068227928816,271.6949380952818,241.40247052222955,242.8577009788807
2025-02-01,1,233.2525072125292,274.7794679039173,272.329221242875,240.0874651902093,241.66174154493888
2025-02-01,2,204.96365968362548,272.15057702875987,271.11146736874565,238.22777547644728,241.70599732554592
2025-02-01,3,198.4601860669548,269.11057092994264,273.91547406299094,238.5534395548434,243.0539456226953
2025-02-01,4,197.873246676948,270.6990291262136,277.73010758561844,241.1749753353494,243.39288911130433
2025-02-01,5,195.76314171533969,268.9802445907808,277.3448794925601,240.68623053879244,244.58343168042305
2025-02-01,6,188.40567860859224,278.2011357391464,279.375242530913,245.63033873022442,250.43359439504485
2025-02-01,7,200.0573907240574,285.39328220047605,278.44126708439353,247.15559715947148,250.38131524329523
2025-02-01,8,174.83884699586474,251.5839345839346,254.91369015913463,218.74352878266853,232.1996579069398
2025-02-01,9,133.1421858684302,202.30692556118177,197.85062004125777,167.0152632001323,179.43351192695164
2025-02-01,10,128.3930144383593,181.55958587267787,171.9037667493751,145.64732288174275,165.0899205968803
2025-02-01,11,134.02718195968262,178.06485671191552,166.39195919636902,141.78145928021706,161.80574661315134
2025-02-01,12,141.78330333033304,174.60547445255474,166.3114203713231,140.21388983533973,158.13839433846596
2025-02-01,13,144.14454057279235,171.1684251660805,168.23802207662447,139.2462415468259,155.42379376425157
2025-02-01,14,142.8245248029671,171.44092110230275,164.34462791588476,137.13454254030802,154.8750874797072
2025-02-01,15,137.84578216227098,169.8208366219416,162.23743362872892,135.7555618685904,155.95411389848937
2025-02-01,16,123.3366449049106,179.23334418150543,170.04863171085827,145.11473794412387,162.57914444753982
2025-02-01,17,172.60724499523354,228.9435336976321,230.52861240706866,198.93010601808032,226.50543439848317
2025-02-01,18,217.4525818064585,255.5236743384366,267.5988555212718,231.91090241551132,251.6359356578828
2025-02-01,19,223.35159336318145,253.754408623516,268.4340238713626,233.3696842100197,253.97414072608143
2025-02-01,20,223.16876310272536,251.3812490502963,266.37026649429015,232.38710480784607,253.6569488337167
2025-02-01,21,214.91883381291052,241.81212866215932,264.51680320334293,227.88309682396513,252.81493438749325
2025-02-01,22,206.07579393871745,241.62030905077265,265.4365703811087,227.53528078428576,254.88096867054008
2025-02-01,23,200.2897487621493,240.0906512086828,266.90362998211566,227.07129566471616,255.25729004506633
2025-02-02,0,200.6518938417933,245.22679927424232,269.12793750996667,219.64305994931817,198.24726302217988
2025-02-02,1,206.2553405378236,233.2525072125292,267.7069788283202,214.32535625493315,198.6416393852394
2025-02-02,2,208.9306245100601,204.96365968362548,262.783007592593,201.89703741164533,202.88460343802456
2025-02-02,3,215.0224704673857,198.4601860669548,265.7585272231401,200.79325648490334,204.16873925609278
2025-02-02,4,211.8739490145961,197.873246676948,269.37095840091104,202.31608830523658,205.11395813920015
2025-02-02,5,209.24737133370223,195.76314171533969,268.5214139040267,201.50872269142363,208.59061011728105
2025-02-02,6,203.30112073015235,188.40567860859224,269.63961125778934,200.3949883410449,217.22028873678994
2025-02-02,7,205.84424666242847,200.0573907240574,270.3751350557689,204.37744024731694,216.86947652067937
2025-02-02,8,158.28480053862987,174.83884699586474,243.96965818733503,177.32149751516943,190.5602681880843
2025-02-02,9,138.18453669093054,133.1421858684302,187.39053894237082,127.56400259931196,153.31187963043905
2025-02-02,10,144.38872246696036,128.3930144383593,165.47304214582897,113.83839965815089,145.06541080001688
2025-02-02,11,150.0460278978251,134.02718195968262,164.64998822684083,115.950874196206,145.9155238937126
2025-02-02,12,153.66683147337196,141.78330333033304,165.47302883159335,119.50763594784148,148.46252661427138
2025-02-02,13,143.21184851893514,144.14454057279235,166.99470737417406,120.78368356766632,149.17162580849788
2025-02-02,14,131.63316880552813,142.8245248029671,163.30991035574647,118.34601986064374,145.1881920576883
2025-02-02,15,120.8698315467075,137.84578216227098,159.97902363227215,115.29622681681283,142.39787479713485
2025-02-02,16,115.88065805372248,123.3366449049106,165.29750407420144,114.42234705441196,144.1523722524789
2025-02-02,17,159.54044726017682,172.60724499523354,222.22429026353058,165.67392362841775,197.52026348910047
2025-02-02,18,229.55219512195123,217.4525818064585,262.6474489320782,205.9097210751232,232.1356451848558
2025-02-02,19,236.3511818620357,223.35159336318145,263.8851195100957,210.0416136364029,234.28566014562307
2025-02-02,20,237.45693921995644,223.16876310272536,262.60923679283303,210.12375279901894,233.41508542037104
2025-02-02,21,236.38785594213235,214.91883381291052,258.7986478071444,204.89905815461864,231.5538967518257
2025-02-02,22,232.7502008032129,206.07579393871745,257.8120782171481,200.54484491442918,234.4396558435292
2025-02-02,23,234.187321530554,200.2897487621493,258.07444070282605,197.95336405894093,234.3902297415037
2025-02-03,0,227.7335947552233,200.6518938417933,260.24239397625377,240.91100281943238,249.2850254309871
2025-02-03,1,226.4960051134548,206.2553405378236,259.44774228950797,241.81079156381648,252.87528519341717
2025-02-03,2,218.21014297275423,208.9306245100601,254.4337867564547,239.4979810898159,256.56288206469173
2025-02-03,3,226.61973675594265,215.0224704673857,257.7773408938274,242.72608895692338,259.7191643529976
2025-02-03,4,234.6336028522315,211.8739490145961,260.9489100142822,243.06337351428374,263.32574938835944
2025-02-03,5,233.87162897956568,209.24737133370223,260.2852278798669,242.11068561668125,263.8143685128349
2025-02-03,6,244.6858762399622,203.30112073015235,260.8474783806472,240.78588517270515,268.4174533689593
2025-02-03,7,262.92518598231413,205.84424666242847,262.8582626411886,242.3962536458075,270.2046218471801
2025-02-03,8,231.425223312992,158.28480053862987,231.67325484465388,203.57675392055333,217.19324285611316
2025-02-03,9,188.1263334349284,138.18453669093054,177.96308256936962,164.58225964733307,181.35737804265693
2025-02-03,10,165.02578282639564,144.38872246696036,159.1100898748236,158.0772688617202,173.77223312968425
2025-02-03,11,159.97972324001282,150.0460278978251,159.7474020510981,161.11564934252635,175.8788470495089
2025-02-03,12,157.22162611193798,153.66683147337196,160.73025116912405,163.62850339327574,179.4817436826027
2025-02-03,13,159.16402657128256,143.21184851893514,159.63031163535697,159.29834397849555,173.0131843601989
2025-02-03,14,159.5679418383244,131.63316880552813,154.7642771221758,152.39965365328698,173.73124613049913
2025-02-03,15,169.0149433507735,120.8698315467075,149.32862879544535,146.10955189252786,169.41401856095183
2025-02-03,16,176.91616165670024,115.88065805372248,151.17161926652958,145.6710736044068,171.300927611454
2025-02-03,17,224.44126074498567,159.54044726017682,207.25917250058117,192.9036694899947,208.71940920550728
2025-02-03,18,268.17359555223635,229.55219512195123,254.777402074973,247.25577815152153,275.3886158529178
2025-02-03,19,277.03941487200325,236.3511818620357,256.8219102353128,252.42631118133502,273.79862792515024
2025-02-03,20,274.8377882064885,237.45693921995644,256.1729090885019,253.23588639641815,272.9404070118734
2025-02-03,21,271.1795297613845,236.38785594213235,252.63517483799367,250.51276359910244,273.5199584296382
2025-02-03,22,271.06885583309946,232.7502008032129,251.41203363186176,247.5933204974781,275.2209360634684
2025-02-03,23,262.70284482305306,234.187321530554,252.70560838025298,247.76269538311976,274.0535747785727
2025-02-04,0,263.47552522128615,227.7335947552233,253.89923652832118,250.92648373310743,263.90761628467595
2025-02-04,1,260.6316928069227,226.4960051134548,251.83995364031827,249.42681083468509,263.8867081242741
2025-02-04,2,260.9057913839356,218.21014297275423,245.99876299171297,243.53783169455272,264.808251686207
2025-02-04,3,262.08981792289694,226.61973675594265,249.68496636414395,247.9836987582972,266.8271361950575
2025-02-04,4,261.643040575244,234.6336028522315,253.93396541459646,252.4584994578261,267.5186966219737
2025-02-04,5,252.18671645772207,233.87162897956568,252.71917977190327,251.8796775929074,266.5819652185116
2025-02-04,6,256.01512267887455,244.6858762399622,254.16300257905323,256.49773632670144,266.7640795246842
2025-02-04,7,263.57828202446456,262.92518598231413,258.8952979437151,264.2097830178928,267.2234300097465
2025-02-04,8,229.6138220074413,231.425223312992,226.04691473476836,231.77936562921187,233.46292812560174
2025-02-04,9,161.26525932420583,188.1263334349284,173.1604733108695,186.74140194319733,190.70793047806004
2025-02-04,10,141.10788368642062,165.02578282639564,155.42731384888535,169.60354689110358,171.37237717088968
2025-02-04,11,147.58002881663847,159.97972324001282,156.16857191398594,168.14703587813133,165.0621155723031
2025-02-04,12,157.32153159444934,157.22162611193798,156.59625694167738,167.72900449094573,163.83793914507675
2025-02-04,13,157.853788785563,159.16402657128256,156.2076405795221,167.73388903286846,163.89086793066406
2025-02-04,14,163.72668579626972,159.5679418383244,151.5985142392222,165.01572807268658,163.94966346511268
2025-02-04,15,165.7094617876094,169.0149433507735,148.6086743658409,167.46789038184664,172.68832427401833
2025-02-04,16,170.15354099324125,176.91616165670024,150.85459448205683,172.66146182676482,177.01116016340154
2025-02-04,17,201.2817967489763,224.44126074498567,204.49144073457703,220.7518118406953,225.50898758788645
2025-02-04,18,243.93666652904503,268.17359555223635,252.2584565284864,264.5086817740743,258.2505818845799
2025-02-04,19,247.26834055778195,277.03941487200325,255.83217631780167,270.75998714604606,264.12516921488515
2025-02-04,20,243.7960398495308,274.8377882064885,254.55741422011565,270.2271930663801,263.96554369355596
2025-02-04,21,237.22695882001875,271.1795297613845,249.98104049636365,266.51772323024545,260.2097009267938
2025-02-04,22,235.16580562546915,271.06885583309946,247.99564580141578,264.68856898300794,260.0304360449806
2025-02-04,23,234.7846889952153,262.70284482305306,248.52496760203968,261.3191611643035,257.9597331598652
2025-02-05,0,228.10068534569643,263.47552522128615,249.71353802891326,243.07428857671198,239.6494753973203
2025-02-05,1,214.93931164440505,260.6316928069227,246.68426063715793,240.50422636053096,238.99122071550778
2025-02-05,2,215.7395880488909,260.9057913839356,240.888837988713,237.28374906024646,236.53185624185136
2025-02-05,3,219.7171097477846,262.08981792289694,243.75368422639445,239.065240317118,238.00194192896487
2025-02-05,4,220.87582000230177,261.643040575244,247.6740653645987,240.70882606949615,242.1083836052242
2025-02-05,5,218.587227143767,252.18671645772207,245.11235526691675,236.7247044568453,240.85005821047784
2025-02-05,6,233.90032445082707,256.01512267887455,247.80159911870228,239.7915974398851,245.99841152643558
2025-02-05,7,250.2800445103857,263.57828202446456,254.8973571318614,245.35083503691186,249.90777877915343
2025-02-05,8,210.05102930914163,229.6138220074413,221.70425326921534,212.38475435811932,216.70791717155439
2025-02-05,9,155.54545454545453,161.26525932420583,168.5164267992331,156.68351642832783,158.21926616151535
2025-02-05,10,138.1969713090045,141.10788368642062,152.88679400582524,140.99722866582178,148.7830820939875
2025-02-05,11,142.67203386889682,147.58002881663847,154.27984773373962,144.31979512813507,151.03259926648207
2025-02-05,12,155.04388949373978,157.32153159444934,156.3999652047772,149.56410950671273,152.869175874826
2025-02-05,13,160.33894858150018,157.853788785563,156.12143041272228,149.61394227912857,153.87016022699348
2025-02-05,14,159.27092867704008,163.72668579626972,152.938574706907,150.51609620491283,156.9343288492885
2025-02-05,15,164.45119388729705,165.7094617876094,150.8245204098295,150.48724277445515,156.05403380672223
2025-02-05,16,151.02492263945803,170.15354099324125,153.1646083798614,154.49486621005252,160.766720977674
2025-02-05,17,198.2757243643786,201.2817967489763,200.77823207290172,193.92951250272353,205.5167096744589
2025-02-05,18,269.3096496729684,243.93666652904503,249.7722263068556,237.58263311717175,251.67675144861295
2025-02-05,19,269.4616950326967,247.26834055778195,253.76609764773406,242.28597698646468,256.50334250898754
2025-02-05,20,271.1463691046988,243.7960398495308,252.55039060030896,241.2982506564015,255.18847565253682
2025-02-05,21,271.00641539695266,237.22695882001875,247.42670764849396,236.260209662166,254.20617653645013
2025-02-05,22,263.67767228756315,235.16580562546915,245.19525077884387,233.6656920425581,252.5475669192091
2025-02-05,23,258.6851712928232,234.7846889952153,243.6787007021573,231.81749580905512,251.45713560268604
2025-02-06,0,255.1414098775855,228.10068534569643,243.0670052076785,245.40929264258818,266.0314904680576
2025-02-06,1,245.0128190187624,214.93931164440505,237.14928517859272,238.35750208226543,263.8388691430342
2025-02-06,2,239.39356289196544,215.7395880488909,230.90311334791167,235.50065894419635,264.78176902096317
2025-02-06,3,240.6479394254668,219.7171097477846,233.30895297492071,237.9600259856968,265.31857258313113
2025-02-06,4,238.9265372544461,220.87582000230177,235.93149720219301,239.46213459539425,266.71549283537666
2025-02-06,5,238.3846965080853,218.587227143767,232.98368320255082,237.59214877468256,266.23264899909367
2025-02-06,6,240.9723466188984,233.90032445082707,237.9341405100111,245.17336919453854,267.51740786290446
2025-02-06,7,249.0013392003061,250.2800445103857,248.0384695678431,254.5451513787362,268.0062122028907
2025-02-06,8,205.44210053859965,210.05102930914163,212.67397221599296,218.04791766921852,231.57328007308735
2025-02-06,9,161.6851865479432,155.54545454545453,163.11637656789952,168.92904614337155,169.03013940279857
2025-02-06,10,156.41899251191288,138.1969713090045,149.61841575459252,154.92440652002813,159.03130335389454
2025-02-06,11,161.79851523396823,142.67203386889682,151.46345986517235,157.08448016763668,155.9129894569226
2025-02-06,12,163.37440848604186,155.04388949373978,155.72897166074222,164.30650845981887,165.5402385785873
2025-02-06,13,158.1907105894232,160.33894858150018,154.84368574735393,165.7389076301298,167.77145234485857
2025-02-06,14,153.1891606777873,159.27092867704008,153.22707024744992,164.1573401386335,168.78482953473898
2025-02-06,15,148.0082538393884,164.45119388729705,152.20659244152827,164.70835300658206,168.4495536281492
2025-02-06,16,158.0739314302975,151.02492263945803,152.13841470491022,160.52971358132243,164.40947720940736
2025-02-06,17,195.45462637411543,198.2757243643786,198.23623087689876,205.1237944930573,208.31391308807287
2025-02-06,18,238.5508063117739,269.3096496729684,249.77662888697245,261.4499618855745,264.5291534781095
2025-02-06,19,242.95137840286463,269.4616950326967,253.75075544610178,265.20521650671606,265.2116148432241
2025-02-06,20,242.2225127467643,271.1463691046988,253.50502473095193,266.2787850531972,264.41872760347076
2025-02-06,21,240.3546802469692,271.00641539695266,249.1404732145093,263.6000473299663,265.569378912159
2025-02-06,22,236.1502281172099,263.67767228756315,246.29289541865768,259.0741369557722,266.2523334263059
2025-02-06,23,232.6697523015106,258.6851712928232,243.8903572919863,255.5496813747654,262.6146983280527
2025-02-07,0,222.25631968208413,255.1414098775855,242.51953301552982,243.52374168794688,232.17077032671162
2025-02-07,1,219.11758016829657,245.0128190187624,237.33816346254503,237.4595252529528,228.6017443121654
2025-02-07,2,222.5502173146952,239.39356289196544,231.47056378857022,232.64334782779144,225.56549544525868
2025-02-07,3,223.4627678465728,240.6479394254668,233.09540447376773,233.95582209002896,226.4774163472269
2025-02-07,4,215.32648162963875,238.9265372544461,233.78931792885442,233.75811711688343,227.58105505575475
2025-02-07,5,208.45639719923616,238.3846965080853,231.00300381842322,232.7121582145433,227.42849389095343
2025-02-07,6,216.53922691913405,240.9723466188984,235.06880072377905,235.9590879219343,230.34723352821135
2025-02-07,7,229.31106690398911,249.0013392003061,245.29711018634748,242.68338441616615,237.55691355163668
2025-02-07,8,193.6142734143308,205.44210053859965,208.74853675522914,204.07727026088324,202.05227345830508
2025-02-07,9,143.0248934226553,161.6851865479432,162.8936974247249,160.60440908800786,149.06599236849064
2025-02-07,10,119.02099671135846,156.41899251191288,150.72727901596159,152.48693839360962,144.88680709995103
2025-02-07,11,111.27839897443202,161.79851523396823,153.45262396127708,156.63748487490358,146.55616775527264
2025-02-07,12,120.83826429980276,163.37440848604186,157.57386642034697,159.80134051053722,147.26291966125618
2025-02-07,13,130.03333900323184,158.1907105894232,156.2960412550824,156.89152749873284,144.8907407186416
2025-02-07,14,128.46885844095445,153.1891606777873,154.5219045286028,153.6282125733003,144.19386747625646
2025-02-07,15,129.67747741262014,148.0082538393884,153.67432902799834,151.24060257773027,139.85442961441993
2025-02-07,16,122.28907277086071,158.0739314302975,153.51702912283366,156.041203609345,146.8092166458078
2025-02-07,17,129.20843684543817,195.45462637411543,197.22066202649975,196.5206651681416,191.13262838162822
2025-02-07,18,184.84969469234383,238.5508063117739,246.07130990469574,240.63042048466286,243.720890080499
2025-02-07,19,195.18491594729667,242.95137840286463,250.02543038772566,245.46403731163397,250.26442154547766
2025-02-07,20,200.54348805768365,242.2225127467643,249.14423732578007,245.64849387525678,248.50780005689933
2025-02-07,21,196.25381097560967,240.3546802469692,244.69805752036103,242.55053820979919,243.9927867234598
2025-02-07,22,193.84224813995576,236.1502281172099,240.92983795086352,238.49709211819774,244.51051117582733
2025-02-07,23,186.660162601626,232.6697523015106,237.6300255591412,235.03563465331308,239.5203815460319
2025-02-08,0,181.03579812206573,222.25631968208413,234.65517542827303,198.61516980069962,183.82286314324855
2025-02-08,1,183.25617936786125,219.11758016829657,229.3864652145992,195.08307162175907,183.01676535367454
2025-02-08,2,186.75,222.5502173146952,224.38479811513244,193.76216484064108,183.2059595913204
2025-02-08,3,175.56007226738933,223.4627678465728,226.57428974757204,195.08544562967182,183.60363847030166
2025-02-08,4,167.95755794972249,215.32648162963875,225.87895400077232,192.05912423543887,184.3221021225054
2025-02-08,5,164.30136804356488,208.45639719923616,222.35673990534545,188.6004302881243,187.7903771667533
2025-02-08,6,176.58703715345445,216.53922691913405,226.25995660663443,193.46959304013592,195.7419110654172
2025-02-08,7,190.78357990760773,229.31106690398911,237.2853651439922,201.91510272295523,201.68081035620173
2025-02-08,8,145.9261616804583,193.6142734143308,200.46715658814284,165.82180773082106,181.60868861346398
2025-02-08,9,116.43258321082588,143.0248934226553,154.4248356906497,119.47362163222991,143.38957859566176
2025-02-08,10,124.6097128677774,119.02099671135846,141.79319485005882,103.40189596129358,129.88610134051558
2025-02-08,11,131.1863490576237,111.27839897443202,143.91170142735086,101.15597830953182,127.661192965136
2025-02-08,12,139.58734782283963,120.83826429980276,149.89283639852528,107.826281623142,135.84131230347413
2025-02-08,13,123.94771803688651,130.03333900323184,150.41960037467547,111.63772890596925,137.57100458584603
2025-02-08,14,118.97644853720152,128.46885844095445,148.38303843412444,110.26741583001555,135.64241594644585
2025-02-08,15,112.70814071236737,129.67747741262014,147.9395634266667,110.41540284264467,134.67572853272054
2025-02-08,16,98.47695670371576,122.28907277086071,145.38213320702727,108.28447254671542,130.1206981569904
2025-02-08,17,123.25966266589118,129.20843684543817,182.97279104761492,135.13721364588872,156.63528361726992
2025-02-08,18,182.94315652315544,184.84969469234383,235.97502709811104,185.5808842291264,217.24962689234354
2025-02-08,19,196.6645872322728,195.18491594729667,241.6583600054086,193.4550260321229,223.92356330768507
2025-02-08,20,203.91763905604105,200.54348805768365,241.88170004112112,196.19322025522297,221.06065818236738
2025-02-08,21,218.9479997913733,196.25381097560967,238.18972642228252,192.68505705737454,220.70995268841114
2025-02-08,22,234.32722780254605,193.84224813995576,234.10440067788969,189.24141630093786,222.06706833390209
2025-02-08,23,246.7317463035908,186.660162601626,229.99709861527592,184.12677800828672,219.37152707159794
2025-02-09,0,248.0715181932246,181.03579812206573,225.4850324065335,223.20453840536683,241.11681350633884
2025-02-09,1,252.6934134031815,183.25617936786125,222.24413266536092,222.5056982281888,239.30526304878492
2025-02-09,2,250.5849246231156,186.75,221.78284673175736,223.48641836283724,236.99933259656538
2025-02-09,3,247.9288091841587,175.56007226738933,223.30284491906266,220.28227452056487,239.10915308429603
2025-02-09,4,246.7278162793858,167.95755794972249,221.60528418259725,216.71983129795137,240.92316545681877
2025-02-09,5,249.1584359355973,164.30136804356488,217.8622008093776,214.03805052023156,241.3819854943382
2025-02-09,6,250.27112721625468,176.58703715345445,224.57157925590045,222.1275927401062,240.37067487264338
2025-02-09,7,247.312706518474,190.78357990760773,235.96053502735657,231.5253081760253,243.7992511734484
2025-02-09,8,196.03421727972625,145.9261616804583,196.33677297165622,189.91690054811588,187.28836927664705
2025-02-09,9,131.42557112854143,116.43258321082588,152.03774959670622,151.0639849414982,145.379507620005
2025-02-09,10,127.33417213856012,124.6097128677774,141.25272319711854,147.8294199544955,139.65252219346067
2025-02-09,11,126.52154740428944,131.1863490576237,143.50586815562818,150.78854841701175,144.9917311683629
2025-02-09,12,129.99610379490375,139.58734782283963,149.57912846888334,157.60284700405487,150.74471241971537
2025-02-09,13,128.60836501901142,123.94771803688651,147.5343400124032,150.70055952973996,141.3248999392122
2025-02-09,14,122.48062326814184,118.97644853720152,144.97617039615793,147.45546168395998,136.86979015383022
2025-02-09,15,115.47077293647038,112.70814071236737,144.34847179096622,144.92172886897825,135.28911388650926
2025-02-09,16,122.98343070587109,98.47695670371576,141.83074917828515,139.1489773820309,133.80474793097787
2025-02-09,17,161.0333484573503,123.25966266589118,175.92313642913746,169.1814238586102,166.88665887726253
2025-02-09,18,237.69852777158152,182.94315652315544,231.04510920049634,224.4106534594177,242.31362410905854
2025-02-09,19,252.97066272688892,196.6645872322728,237.84593055813596,234.28738366022873,246.25197694670257
2025-02-09,20,253.76052727938483,203.91763905604105,239.13153946302333,238.3181335126216,244.66535554863776
2025-02-09,21,257.377490849939,218.9479997913733,238.76532156206295,242.76958394588902,243.22895596984247
2025-02-09,22,259.6278454208576,234.32722780254605,238.14031980129377,246.89658046620724,243.58765702987057
2025-02-09,23,257.9485549132948,246.7317463035908,236.6316696926247,249.45057906284947,244.20523320207784
2025-02-10,0,256.13326818542726,248.0715181932246,232.25926445673798,259.16243664728387,266.6017462391956
2025-02-10,1,259.8464718039563,252.6934134031815,228.87814307469776,259.0847264902512,267.3931449147217
2025-02-10,2,258.3243275696446,250.5849246231156,227.73346103362243,258.05638121534594,268.34645173944426
2025-02-10,3,258.9672091910005,247.9288091841587,228.00375045003028,256.8894578471346,269.07421072982436
2025-02-10,4,255.57621040047812,246.7278162793858,226.5844080775672,255.57448727910068,269.5349634076421
2025-02-10,5,263.8433742076891,249.1584359355973,223.5637814667912,255.23113724391294,269.83206974089336
2025-02-10,6,277.8035961272476,250.27112721625468,231.2815801824865,260.28229615597274,269.85871703317105
2025-02-10,7,281.13365445433755,247.312706518474,241.88460072107733,263.7519636580968,270.22325289665275
2025-02-10,8,226.8272777572852,196.03421727972625,201.72954679181288,220.27459251528788,219.6582388645874
2025-02-10,9,155.35901151090718,131.42557112854143,151.07218308779352,165.881868174442,153.17267236332253
2025-02-10,10,135.98641804788213,127.33417213856012,138.81635886448993,158.07361163793195,141.2377312369012
2025-02-10,11,140.9921553978334,126.52154740428944,140.14522808512308,158.49559362649833,142.0018165725071
2025-02-10,12,151.00081655838392,129.99610379490375,146.19759594338788,162.850056472068,149.21439326879755
2025-02-10,13,148.8694719357741,128.60836501901142,145.44812808384268,161.21507740051317,142.30733816356445
2025-02-10,14,144.77811109961726,122.48062326814184,143.66866389081704,157.39839377822784,141.45820403636517
2025-02-10,15,143.25956078538687,115.47077293647038,143.57717770378946,154.2131502612238,139.5943286465444
2025-02-10,16,139.07493381421938,122.98343070587109,142.84543098573494,158.13565982396028,146.32985677352065
2025-02-10,17,157.2984350690949,161.0333484573503,176.13640802873368,192.93971689991577,180.3965088233137
2025-02-10,18,228.98529822275984,237.69852777158152,232.20887100758634,254.19664599288296,262.423397375728
2025-02-10,19,237.92144671162097,252.97066272688892,240.22014211025785,265.38288465418356,266.1802366694024
2025-02-10,20,230.8428276666368,253.76052727938483,241.46062347151312,267.3745629695281,265.5070343449629
2025-02-10,21,224.5229307003784,257.377490849939,241.76384083460673,268.7791751838323,265.7437293699569
2025-02-10,22,227.0580922782692,259.6278454208576,241.97998331810018,269.4111195094975,265.13780801214585
2025-02-10,23,219.2489434288915,257.9485549132948,240.02613160444483,267.4852224298338,263.03285598652405
2025-02-11,0,207.8338602420146,256.13326818542726,236.31636066105284,228.58392806802343,215.6081341293157
2025-02-11,1,203.7923935420956,259.8464718039563,233.64249545905508,228.36985035546206,216.5302479683975
2025-02-11,2,203.78073089701,258.3243275696446,233.46405883317817,227.8235161448203,216.04165219198717
2025-02-11,3,208.2596949400574,258.9672091910005,232.6248179407528,227.4334289681543,216.4597075367877
2025-02-11,4,212.82044168238812,255.57621040047812,229.57620915588814,224.79683681536662,215.19655565149228
2025-02-11,5,216.5041367898511,263.8433742076891,227.84545935652312,226.95619219550667,217.3839188246136
2025-02-11,6,234.62881433125847,277.8035961272476,236.01268302352725,236.02302856284624,222.06838919394923
2025-02-11,7,250.73000468224572,281.13365445433755,244.48581050279498,240.374010264839,223.9483183327566
2025-02-11,8,216.4765637498,226.8272777572852,201.07269742671187,194.2121687046224,195.84337169540572
2025-02-11,9,138.62622691888234,155.35901151090718,146.39113709864765,136.22879514316207,135.28575557742278
2025-02-11,10,129.40633608815426,135.98641804788213,134.66787818184517,122.22300618826081,129.4547706309208
2025-02-11,11,136.56430195393588,140.9921553978334,137.43271839338314,125.12232282786746,131.53877452178455
2025-02-11,12,141.68293309361758,151.00081655838392,145.30890886430873,133.097575836453,133.52488719502537
2025-02-11,13,143.04645025911677,148.8694719357741,143.97747742162719,131.3622371305953,130.43026356182
2025-02-11,14,143.01077534312546,144.77811109961726,141.5558309281446,128.07553277073012,129.210233270155
2025-02-11,15,139.226661456807,143.25956078538687,139.89783733730565,126.57400847100949,129.29049605705237
2025-02-11,16,137.7494613269931,139.07493381421938,137.43954129395198,125.61553550067282,130.01621856190695
2025-02-11,17,180.0293280805428,157.2984350690949,166.5445757893207,151.66639884206245,145.81567885814079
2025-02-11,18,236.67379993286332,228.98529822275984,226.61054281766113,213.93645919180886,218.78247373292467
2025-02-11,19,241.1791229400264,237.92144671162097,234.63186094448892,223.01764545053226,224.26788795504552
2025-02-11,20,242.4491716097361,230.8428276666368,235.17562910867719,221.97223050957763,224.5945768297028
2025-02-11,21,242.00025595085745,224.5229307003784,235.09861239732012,219.71692248157063,222.35512499862634
2025-02-11,22,245.4490799781381,227.0580922782692,235.69273138169586,220.33208311825413,223.01291637740758
2025-02-11,23,247.02557532153943,219.2489434288915,233.8184314052789,215.92806164566397,219.98617249921773
2025-02-12,0,241.8141311266709,207.8338602420146,228.36755137829974,236.31964615828372,254.89850186085985
2025-02-12,1,239.8486695104611,203.7923935420956,225.5225955640798,233.50612464252276,255.25073277879326
2025-02-12,2,241.93291889547493,203.78073089701,225.30333590647453,233.49576619812254,255.64830115313606
2025-02-12,3,242.2499276550593,208.2596949400574,224.93480037177574,234.64161900984186,256.5113469470808
2025-02-12,4,246.1443116423196,212.82044168238812,222.60155217119447,234.983257901648,256.711248959836
2025-02-12,5,247.1971095521916,216.5041367898511,222.74794797539872,236.4864325625926,258.29611256172257
2025-02-12,6,258.0875437718859,234.62881433125847,232.957496116725,248.0804036672628,259.6666227668174
2025-02-12,7,263.1433297567954,250.73000468224572,242.65034231104943,257.2977789240552,262.94587616033857
2025-02-12,8,236.36912202060256,216.4765637498,199.19594624704882,219.02261097283082,225.05099418668954
2025-02-12,9,195.10504848391565,138.62622691888234,143.15698961217285,157.92634544902427,162.5622797920102
2025-02-12,10,186.1160458452722,129.40633608815426,132.99622852494997,148.08987499169586,149.63705710815867
2025-02-12,11,183.43674760954804,136.56430195393588,135.85904312728277,151.74220485152063,153.43203984554128
2025-02-12,12,177.90935522490165,141.68293309361758,143.07482336418988,157.18597198067334,154.88414410604128
2025-02-12,13,186.4630696699843,143.04645025911677,141.8621433464206,156.7682866129648,153.79741100520985
2025-02-12,14,197.9303804529733,143.01077534312546,138.59641514912397,154.75077942888953,153.05749135656458
2025-02-12,15,207.31502902789296,139.226661456807,136.11458014719102,152.35402812415037,157.9578249862251
2025-02-12,16,223.6343006132007,137.7494613269931,132.8103870559165,151.97201975109934,158.18210211423997
2025-02-12,17,255.22000663098564,180.0293280805428,163.50850883668733,187.5126170808286,196.9445575448717
2025-02-12,18,278.2982201235016,236.67379993286332,225.57299044677805,242.8680891289651,256.62717171064094
2025-02-12,19,275.1762017752,241.1791229400264,233.76197271338103,250.23273598971775,256.8781526703433
2025-02-12,20,275.2090975788701,242.4491716097361,234.98321936013508,252.02657370180202,257.1937588609584
2025-02-12,21,276.2040874660569,242.00025595085745,235.78051198743995,251.88672707882284,257.11480670968797
2025-02-12,22,273.9707769769967,245.4490799781381,237.16177057493425,253.1879519092249,256.52418340705094
2025-02-12,23,266.8381011932677,247.02557532153943,235.56712945189662,251.97856913758366,255.95978578530293
2025-02-13,0,261.88965587250027,241.8141311266709,230.32661506129608,251.07090278386735,266.1136267434255
2025-02-13,1,257.6349749802476,239.8486695104611,229.08107525923066,249.6765857036929,264.7707635944912
2025-02-13,2,249.9193676728025,241.93291889547493,229.0452403131294,250.38851466178573,264.9032120905602
2025-02-13,3,247.5090348639456,242.2499276550593,228.15377435852926,249.97423074661128,264.77812431556646
2025-02-13,4,245.4943039733259,246.1443116423196,226.21133669119698,250.38948732640142,264.0222095155937
2025-02-13,5,241.90696175333048,247.1971095521916,226.83507403374506,251.2461854380587,264.6306916563823
2025-02-13,6,244.3701785010417,258.0875437718859,236.4128131625905,260.24258720019105,266.438485240006
2025-02-13,7,250.1483978067307,263.1433297567954,244.48795448910798,265.44851338628064,266.559485871966
2025-02-13,8,246.9159011946124,236.36912202060256,202.95567377725754,231.709181558327,231.3202784200273
2025-02-13,9,249.1423433393277,195.10504848391565,148.80836017481013,185.30969392384736,179.72436601218516
2025-02-13,10,250.5547923959764,186.1160458452722,139.84181060155964,176.16857136325743,173.3375518541758
2025-02-13,11,231.35619709138268,183.43674760954804,141.68257366166154,175.6136110882149,170.96961990012892
2025-02-13,12,213.37645918496355,177.90935522490165,146.34131846864162,175.91827684548366,168.42644113341026
2025-02-13,13,201.27729608220932,186.4630696699843,145.59416064477546,178.59539864808286,173.49093752650037
2025-02-13,14,196.3264538927108,197.9303804529733,144.1191939742573,182.0199668993795,179.12176456001868
2025-02-13,15,198.48946751303927,207.31502902789296,142.23798516727615,185.40650313109225,182.6084024244763
2025-02-13,16,205.23451327433628,223.6343006132007,143.18315533787975,193.3341276430201,200.3312524656415
2025-02-13,17,231.5326815136701,255.22000663098564,171.6434063033455,222.50169311298328,239.08597414446382
2025-02-13,18,253.5679854084336,278.2982201235016,226.85707193971137,261.4148179985118,263.6603746211282
2025-02-13,19,254.7560279327156,275.1762017752,234.57833081945293,265.7788457804703,265.018376526447
2025-02-13,20,245.67691241044605,275.2090975788701,235.56360914215955,267.2233910171932,265.2231752010255
2025-02-13,21,243.181362964376,276.2040874660569,236.52303656874054,267.6692921074028,265.3490940320067
2025-02-13,22,239.755859375,273.9707769769967,238.6322141019962,267.3863587409554,264.5214859077112
2025-02-13,23,233.2377876463464,266.8381011932677,236.7318337233887,263.4002333797059,259.73120851171996
2025-02-14,0,224.45231784497213,261.88965587250027,231.29065020342676,244.0759658902428,219.55674820074384
2025-02-14,1,217.58405136002705,257.6349749802476,230.88424039658568,242.27381643272093,219.83215245989092
2025-02-14,2,198.4389264195728,249.9193676728025,230.54892671039187,239.64563910500024,220.24878002947415
2025-02-14,3,189.06612385887,247.5090348639456,229.1339308497405,238.03821217313455,219.1591208223207
2025-02-14,4,180.509106732144,245.4943039733259,227.1495890796084,236.505123563493,217.4027580124571
2025-02-14,5,179.7538048343778,241.90696175333048,227.33825478306582,235.633569662823,217.2908476351196
2025-02-14,6,194.84923687802456,244.3701785010417,236.8982177171824,241.87835916291243,219.04343825539058
2025-02-14,7,201.3942547185476,250.1483978067307,244.65182000431147,246.93539468271973,221.54058777291232
2025-02-14,8,154.02539898793304,246.9159011946124,208.88050244240222,225.262940879887,185.99722621868685
2025-02-14,9,107.80893429785964,249.1423433393277,161.3022397164365,199.8280532233038,178.85870997784895
2025-02-14,10,102.14662574571535,250.5547923959764,153.28978201356873,195.08951544641235,168.48300875892338
2025-02-14,11,105.37028221693302,231.35619709138268,151.61938535557786,187.3408622672192,161.32777334839983
2025-02-14,12,108.30839496915368,213.37645918496355,153.48446856848756,182.16903180536394,146.3570321388565
2025-02-14,13,111.50594227504244,201.27729608220932,151.74938714374488,176.94408959302808,141.94319495510135
2025-02-14,14,111.30069680185814,196.3264538927108,150.2816644335321,173.43305953607685,140.15107593059935
2025-02-14,15,101.181096379592,198.48946751303927,149.44958712065485,173.65878140900583,140.76496660490795
2025-02-14,16,93.52891156462584,205.23451327433628,149.92038131559957,178.72335638928075,145.21740712839892
2025-02-14,17,115.5996108002919,231.5326815136701,176.79741418042474,204.19875822539555,176.61895447092908
2025-02-14,18,179.94594043247653,253.5679854084336,229.00238323923415,240.5369038818535,217.04679947166773
2025-02-14,19,192.473255471587,254.7560279327156,236.26470932371734,246.0953416703427,226.30637956290238
2025-02-14,20,199.83509660755973,245.67691241044605,236.0570948083998,243.9861720387048,226.0388665390489
2025-02-14,21,200.2851428278373,243.181362964376,236.92684838551298,243.285741858679,226.09125122409586
2025-02-14,22,200.338844773197,239.755859375,239.1473042816805,242.52601080267428,225.88099706995104
2025-02-14,23,198.70744439400812,233.2377876463464,236.81298162979377,238.2208983328656,221.6304821887971
2025-02-15,0,195.3393990183168,224.45231784497213,231.6043642266965,207.12461846764654,206.14235579270263
2025-02-15,1,200.9735001840265,217.58405136002705,230.66516485254718,204.12809845277195,206.6795238796123
2025-02-15,2,201.1734528216118,198.4389264195728,227.1044565825172,195.86962393840383,204.33321463271483
2025-02-15,3,200.27897865441773,189.06612385887,224.22012456578298,191.20511652861487,204.04022150956428
2025-02-15,4,203.8755586112066,180.509106732144,222.17567837996629,187.31238499217557,204.9538445980733
2025-02-15,5,211.3176325185389,179.7538048343778,223.2378844452289,187.71582716558814,207.117879607585
2025-02-15,6,232.25861279989545,194.84923687802456,233.79964771130963,198.41793744189224,212.00854155446748
2025-02-15,7,229.99105011933173,201.3942547185476,240.6637039778198,203.11020113585437,211.7656787409796
2025-02-15,8,155.51485908542602,154.02539898793304,203.2249489529168,162.36398689424075,176.13399700959158
2025-02-15,9,106.98559714492076,107.80893429785964,156.27138841289428,117.100886549747,130.60540436915394
2025-02-15,10,122.79121125917054,102.14662574571535,150.87915758990542,110.8705646547886,126.71689863181797
2025-02-15,11,124.68302658486708,105.37028221693302,150.77536867593517,112.18862135654705,129.77538394080113
2025-02-15,12,131.71635531833778,108.30839496915368,151.69448723553768,114.16355663817708,130.41954973960526
2025-02-15,13,132.3033089680107,111.50594227504244,149.102616182575,113.72707046311497,130.076002589992
2025-02-15,14,124.7948280879724,111.30069680185814,147.8290699136612,112.71481948322077,129.19875626703612
2025-02-15,15,118.47740667976424,101.181096379592,145.37867554450798,107.54765598764565,122.81552195977483
2025-02-15,16,108.67359004678424,93.52891156462584,145.81178685756603,105.36907550268009,123.45567741600638
2025-02-15,17,149.419472638419,115.5996108002919,174.85329617397525,133.0556803579743,142.40370783073706
2025-02-15,18,236.5800979824053,179.94594043247653,228.301846916396,189.29543426952253,218.50149421339484
2025-02-15,19,250.3771060455897,192.473255471587,235.87732925575884,199.1649349566668,222.80781786407192
2025-02-15,20,248.6446423150865,199.83509660755973,235.95589602981067,202.5965456727339,219.53228535623288
2025-02-15,21,248.33762277430537,200.2851428278373,237.5027529358312,203.13221245735224,220.8041122228288
2025-02-15,22,248.1861495844876,200.338844773197,240.0753895150007,203.71129618565695,219.53036111523136
2025-02-15,23,249.2109201939772,198.70744439400812,238.5340218858484,201.4785025951728,219.63042354839564
2025-02-16,0,244.0780869342224,195.3393990183168,233.64773578330377,223.2260176226154,242.796723895863
2025-02-16,1,239.78355272085764,200.9735001840265,233.19621068342795,224.46438895198082,242.88972754402744
2025-02-16,2,240.939393939394,201.1734528216118,229.16494984274746,222.1294733603686,241.49263714587724
2025-02-16,3,241.30259787779,200.27897865441773,227.75139690678702,220.962202461955,241.4736689607154
2025-02-16,4,234.6845716815465,203.8755586112066,227.3068213316069,221.89837165889065,241.0015142908011
2025-02-16,5,231.5643088025257,211.3176325185389,229.9544936559395,225.70001188997665,243.7614701619329
2025-02-16,6,239.4109287287714,232.25861279989545,241.75272994651547,239.2250987747318,239.0446374199542
2025-02-16,7,237.54675890340764,229.99105011933173,246.26477115092325,239.64898920989103,240.2865423402939
2025-02-16,8,171.79385775196192,155.51485908542602,204.59476286791218,184.8501865327337,178.19507597114
2025-02-16,9,113.42178126442086,106.98559714492076,154.92181897490784,135.61128265527415,121.77464108895086
2025-02-16,10,115.41637247165345,122.79121125917054,150.61937164581872,138.4240742111793,128.12785908091683
2025-02-16,11,126.2367717176416,124.68302658486708,149.84632260839848,139.2949310957645,130.34641433700264
2025-02-16,12,131.95688540795376,131.71635531833778,150.57005973489456,143.1229163075913,134.4052419595022
2025-02-16,13,122.7181897164521,132.3033089680107,150.29627202987845,143.23955546428928,136.1174695261835
2025-02-16,14,121.8781070184366,124.7948280879724,148.66026699234274,139.40418497568828,131.6115178242235
2025-02-16,15,120.55922518944766,118.47740667976424,146.20285639699324,135.42208396175687,128.1159200132748
2025-02-16,16,116.68177902706624,108.67359004678424,147.26844876371865,133.470003036053,119.57823579061149
2025-02-16,17,137.12800781025672,149.419472638419,178.59041188433636,168.73823562304932,167.17191272968182
2025-02-16,18,207.261329652634,236.5800979824053,235.96426712486024,235.66436923023866,240.20418285389533
2025-02-16,19,211.08730843945608,250.3771060455897,243.5505462290898,246.35643840707593,242.82718888025133
2025-02-16,20,204.87122364703325,248.6446423150865,242.34546792396,246.32860503689207,240.05196843558758
2025-02-16,21,199.52776663419107,248.33762277430537,241.70127050482148,245.5354253821692,238.57450953127767
2025-02-16,22,195.00957739734227,248.1861495844876,242.05523548384946,245.0223185062876,238.7095368286258
2025-02-16,23,189.2005116725296,249.2109201939772,238.88818958447501,243.09936629999333,237.3338488234185
2025-02-17,0,178.72266666666667,244.0780869342224,233.07724560344633,215.6262650131613,187.6257520048752
2025-02-17,1,175.47306263269638,239.78355272085764,231.3519448716674,213.3624707387561,188.02357455429924
2025-02-17,2,175.57065399290448,240.939393939394,227.7870168879301,211.9306667113515,189.0228535021269
2025-02-17,3,177.6882789710952,241.30259787779,226.8047952915915,211.5983802018165,188.24460350174857
2025-02-17,4,173.8514357053683,234.6845716815465,225.58635781762982,209.0413895766352,189.85154818815857
2025-02-17,5,177.78121702427015,231.5643088025257,227.4410469226435,209.293133015545,190.8365941894405
2025-02-17,6,189.61776388617568,239.4109287287714,240.20127301973216,218.82428144845503,201.47642983806708
2025-02-17,7,195.2758562510545,237.54675890340764,244.86963577734235,219.41322449503673,205.9406473898464
2025-02-17,8,152.53258845437617,171.79385775196192,201.13185436394588,166.93244270408377,174.9772072022395
2025-02-17,9,109.12384095552412,113.42178126442086,152.3498489943192,114.21701787374002,121.16041020447418
2025-02-17,10,109.34904996481352,115.41637247165345,148.91682883626063,112.43247995153013,126.05677343897129
2025-02-17,11,114.29693990584326,126.2367717176416,149.80564036744883,117.07908831730698,132.48182808879852
2025-02-17,12,120.954257565095,131.95688540795376,150.8501713939017,120.3903885895283,136.54711562583418
2025-02-17,13,120.1057962468348,122.7181897164521,149.4548184152271,116.1975624516151,132.4765793032875
2025-02-17,14,111.0333625346766,121.8781070184366,148.57419324238484,115.19732594379823,131.30662773578172
2025-02-17,15,108.23343728607288,120.55922518944766,146.92977814741857,113.88726204199729,127.21829091087973
2025-02-17,16,96.1323467230444,116.68177902706624,146.36821280960368,112.92361553040023,118.2261379836409
2025-02-17,17,121.78331735378715,137.12800781025672,175.17536322046587,141.1082520935118,148.16290000273284
2025-02-17,18,188.74825662482567,207.261329652634,231.6160959650106,202.10115119131586,214.1787135028739
2025-02-17,19,200.68138240658467,211.08730843945608,237.56720990231366,208.75733138142868,218.95092791946212
2025-02-17,20,195.9258194364577,204.87122364703325,235.36128169076693,206.6224768012014,219.05629268183787
2025-02-17,21,194.31290598720983,199.52776663419107,233.43702418828607,203.62350088613508,214.1312905733924
2025-02-17,22,200.87381231984628,195.00957739734227,232.82405433763302,201.2114475499763,211.36305584014707
2025-02-17,23,194.66383792505823,189.2005116725296,229.06704055007998,196.91428945965973,207.81283848044623
2025-02-18,0,184.608712793219,178.72266666666667,222.01858824362338,200.3833524729567,207.62063969811118
2025-02-18,1,181.5834138264109,175.47306263269638,219.29860070434455,197.96393425031133,207.14011677703934
2025-02-18,2,179.3751822688831,175.57065399290448,215.96506351982435,196.38495739657105,207.5068689135909
2025-02-18,3,183.18626062322943,177.6882789710952,215.19351954589072,196.69013949977858,207.28973583854003
2025-02-18,4,176.25,173.8514357053683,213.91139000404272,194.65665071564604,210.4422334484893
2025-02-18,5,187.18664897702675,177.78121702427015,215.14645303929797,196.89887711414133,211.26892675255567
2025-02-18,6,209.1069971760276,189.61776388617568,227.60329698529333,207.4023532266047,217.86292980853995
2025-02-18,7,229.5144689335561,195.2758562510545,232.6042360340162,210.54144451034952,225.6937061499387
2025-02-18,8,178.11303511303512,152.53258845437617,190.51832732067314,167.12694569718167,183.23224117546158
2025-02-18,9,134.84529517530717,109.12384095552412,145.74482462926443,121.711942120928,134.7975405729987
2025-02-18,10,140.63619668041164,109.34904996481352,145.1114905386794,120.24527843897872,135.79624684738894
2025-02-18,11,149.27414286711823,114.29693990584326,145.99203815430738,123.16949707687793,138.01798987023085
2025-02-18,12,151.9269345963641,120.954257565095,146.55780582343186,127.1435135033645,145.20706074781538
2025-02-18,13,148.54118746405982,120.1057962468348,145.34572188823577,126.070380008976,144.95945036352694
2025-02-18,14,144.89176829268294,111.0333625346766,143.75351487596475,121.14067988978115,137.44732468244945
2025-02-18,15,138.19007339221295,108.23343728607288,141.92604621894515,119.06933054088525,134.57790950906875
2025-02-18,16,136.6688473112652,96.1323467230444,140.23355751086442,114.74676651771195,132.0650294826866
2025-02-18,17,182.63879566593155,121.78331735378715,170.1017749754219,144.56304786791748,156.24499996170445
2025-02-18,18,264.8564651207823,188.74825662482567,225.8679471653057,203.07045701887398,227.45289764366316
2025-02-18,19,275.49034106664203,200.68138240658467,232.24720071587993,212.3993825626274,231.4766932564254
2025-02-18,20,272.7455230914232,195.9258194364577,230.3731376578842,210.72372452541336,231.14924007847168
2025-02-18,21,274.94947550765085,194.31290598720983,229.12130637211914,209.17202210055092,229.64929525918086
2025-02-18,22,274.4535730894435,200.87381231984628,229.08344291500111,210.6442416379986,225.98871327693647
2025-02-18,23,278.54029628782246,194.66383792505823,225.55488262096097,206.08711925477357,224.69287898565517
2025-02-19,0,276.7923710446467,184.608712793219,218.70071003665262,239.69662601420606,264.1489794457143
2025-02-19,1,272.99676949388737,181.5834138264109,216.12588931638962,237.42941750748918,262.6758969195846
2025-02-19,2,272.23096412855045,179.3751822688831,212.47855657294912,234.89615072684114,260.1813335137216
2025-02-19,3,271.1984202641972,183.18626062322943,211.61160035777246,235.81084632087965,260.0459730243919
2025-02-19,4,273.4607031356047,176.25,208.68704119227297,231.99237726764972,257.63502401121116
2025-02-19,5,276.1414962360936,187.18664897702675,210.95824049460876,237.3196185971113,257.10208111120374
2025-02-19,6,289.85503670347293,209.1069971760276,223.9573231059746,251.62543749667415,272.40491017640056
2025-02-19,7,291.25716369698864,229.5144689335561,229.57344521277483,260.0775860743234,270.1926048813454
2025-02-19,8,222.71345511147737,178.11303511303512,185.03782322970673,212.00090609958266,216.51336875275874
2025-02-19,9,149.97754160818127,134.84529517530717,145.20469152303943,169.34781077750117,158.4634730893516
2025-02-19,10,147.87793893400476,140.63619668041164,146.7157563375733,170.63525474619195,161.6805094835414
2025-02-19,11,152.25746853975667,149.27414286711823,147.80772971333343,175.1529020164691,169.01320703384502
2025-02-19,12,156.5328503873629,151.9269345963641,148.02123460953848,177.41401272792365,171.53559945575273
2025-02-19,13,155.80785735670804,148.54118746405982,146.1306843460848,174.96630260312526,168.81576776113224
2025-02-19,14,148.2800357609518,144.89176829268294,144.02222815447297,171.9810760424308,167.94912183053918
2025-02-19,15,145.7432233352976,138.19007339221295,141.77796220971743,167.98970927763816,162.8967199915277
2025-02-19,16,135.4181974517314,136.6688473112652,140.07918408004613,167.1129595986219,159.0368625913837
2025-02-19,17,160.3063063063063,182.63879566593155,170.47455605904887,203.62898376358987,201.70058077821116
2025-02-19,18,241.1869674185464,264.8564651207823,229.8940421921513,269.75305195354724,271.66618453520095
2025-02-19,19,248.6327957756529,275.49034106664203,237.14880330539646,279.28461382864384,273.14527616542364
2025-02-19,20,241.82483520744475,272.7455230914232,234.70118786955376,278.0006807350077,272.78667203043096
2025-02-19,21,238.3229341043981,274.94947550765085,233.8283377373753,277.8565499413317,272.8918275677095
2025-02-19,22,233.53019278772103,274.4535730894435,233.22694193090192,277.0431309838374,271.11655773944767
2025-02-19,23,227.3185624563852,278.54029628782246,230.05698561614423,275.96587057112777,272.8803877306012
2025-02-20,0,208.53666285423816,276.7923710446467,223.69760145350628,228.1258004299767,226.8221969646059
2025-02-20,1,188.659195781147,272.99676949388737,220.86133217116478,225.47663284007453,226.64935534241766
2025-02-20,2,189.4356284443264,272.23096412855045,216.80684874910273,223.2305134551429,226.0097568279842
2025-02-20,3,198.14702588762268,271.1984202641972,215.74709930193498,222.5459057971208,226.22826563437818
2025-02-20,4,197.91419602371812,273.4607031356047,212.58938283417086,221.62228244680168,225.5180113267128
2025-02-20,5,188.1673743322833,276.1414962360936,215.09315287802335,224.41538260241472,227.3171970951397
2025-02-20,6,209.39302922220136,289.85503670347293,228.49553638191563,236.48084065975124,230.56942266418847
2025-02-20,7,216.58147138964577,291.25716369698864,233.58970720423102,238.78512359588717,230.80127842264992
2025-02-20,8,160.84160638563233,222.71345511147737,183.0870136712603,183.26607704864477,200.82362305171233
2025-02-20,9,114.784510958456,149.97754160818127,138.75790482650592,128.3171205281177,135.78330993468293
2025-02-20,10,116.13311960919012,147.87793893400476,141.25316963596367,127.27471863753442,134.67497192983978
2025-02-20,11,124.99841353781068,152.25746853975667,143.3535469890775,130.53363431116355,140.88743731567166
2025-02-20,12,128.4109332779048,156.5328503873629,144.96744820417584,133.61525037375782,144.19806511739068
2025-02-20,13,129.2482891735392,155.80785735670804,141.75136830133104,131.98056562419137,142.82456082475926
2025-02-20,14,130.80979147778783,148.2800357609518,136.92932176989845,126.56541027235653,139.6471190873575
2025-02-20,15,124.09688715953308,145.7432233352976,132.98198996791808,123.96606756369586,137.41405521297654
2025-02-20,16,112.4714970257766,135.4181974517314,127.47688362840766,118.4622207470058,134.40532449273556
2025-02-20,17,137.27744589168543,160.3063063063063,156.91545601266608,147.44868447371806,152.738676997308
2025-02-20,18,244.7254387319232,241.1869674185464,224.59243466287197,217.50874559928064,233.78055304603512
2025-02-20,19,264.16355953268703,248.6327957756529,233.35688816260398,226.4999337874029,238.11563343906897
2025-02-20,20,265.8792140434869,241.82483520744475,229.93200753077875,223.61987091229756,237.76050573718138
2025-02-20,21,261.6159056828172,238.3229341043981,228.41674439999548,221.40972194255068,237.53401458656577
2025-02-20,22,258.2883500263574,233.53019278772103,227.44971561814825,218.8472114709735,232.34773976504312
2025-02-20,23,255.9423412929528,227.3185624563852,224.41133722516105,214.62877526273712,229.62762362854627
2025-02-21,0,248.08469259723964,208.53666285423816,216.07574530804027,239.59350294373337,259.1136398788608
2025-02-21,1,245.10200166272304,188.659195781147,211.0076494284361,230.44851585549182,258.8163629114092
2025-02-21,2,245.37166351236704,189.4356284443264,208.16631457360612,229.3389499565982,257.84540401489716
2025-02-21,3,242.8139381985536,198.14702588762268,208.69538373388886,232.5482736838216,256.0878466893929
2025-02-21,4,238.0450784965149,197.91419602371812,205.79222455565545,231.13173123023174,256.29435168444195
2025-02-21,5,247.1474278544542,188.1673743322833,207.41606896073088,229.1201170126889,256.0964847510832
2025-02-21,6,259.9714353725303,209.39302922220136,223.4988007706527,244.42026902503483,258.40171902235454
2025-02-21,7,263.77051792828684,216.58147138964577,228.79443200179028,248.12024294272248,257.1495375148987
2025-02-21,8,185.9300192607539,160.84160638563233,170.790685841406,192.77660425262005,191.9730376180393
2025-02-21,9,139.42702341633577,114.784510958456,119.5639287720957,145.03012114364887,135.49195847662028
2025-02-21,10,137.3211700945905,116.13311960919012,122.05007352356563,145.31424703219088,135.10638666916822
2025-02-21,11,141.07495332088556,124.99841353781068,128.1595779099958,151.61355111220703,141.54451721886971
2025-02-21,12,141.9363894689993,128.4109332779048,132.82951593173885,155.5382649378807,147.2454760191209
2025-02-21,13,141.55128162394587,129.2482891735392,131.461510171521,154.5647977758258,145.64060748112135
2025-02-21,14,135.6031882809134,130.80979147778783,127.56979856776663,152.94126689822355,146.69405399126276
2025-02-21,15,133.09912420382165,124.09688715953308,122.35447848884579,148.18026388546159,135.7953665557835
2025-02-21,16,123.39702580180486,112.4714970257766,114.22502416432769,140.9313496367824,128.05529766472497
2025-02-21,17,149.2495584153419,137.27744589168543,143.45042235238256,168.33226810706373,159.40482290979952
2025-02-21,18,254.3320479636575,244.7254387319232,223.3292137090848,253.07310119702402,254.04972357918166
2025-02-21,19,264.2899363057325,264.16355953268703,234.70082124831418,267.32538203749596,260.5305363655734
2025-02-21,20,262.5154289240897,265.8792140434869,232.81805062121316,267.6694460731852,258.13756589502606
2025-02-21,21,264.3119513114666,261.6159056828172,231.05025050262995,265.00906574876376,256.7614174773377
2025-02-21,22,264.5120115935567,258.2883500263574,230.09721428262787,262.79158844231387,253.65705241835508
2025-02-21,23,265.68572813181487,255.9423412929528,227.65484488896195,259.819806629583,252.1603950855723
2025-02-22,0,261.4161980479607,248.08469259723964,219.45179884407847,241.15197625538147,266.48000371053433
2025-02-22,1,251.53078088417573,245.10200166272304,214.93878518596412,237.54296198865347,267.4179990266051
2025-02-22,2,245.8223440509705,245.37166351236704,214.8709913011482,237.59429449628394,265.98528026625576
2025-02-22,3,240.16637616859447,242.8139381985536,216.37364292527224,237.78481152767912,265.6725911865242
2025-02-22,4,236.300153386615,238.0450784965149,214.0116490934227,235.09087782650556,266.0748805108432
2025-02-22,5,234.88213598460555,247.1474278544542,217.04372939217038,239.51806008140844,264.86227879858586
2025-02-22,6,231.82682871593568,259.9714353725303,232.80197198415357,252.1423041100443,267.8488410095567
2025-02-22,7,223.6547707726688,263.77051792828684,237.70532674603876,254.6404526040373,265.19568476322246
2025-02-22,8,131.71126961483594,185.9300192607539,175.34848873752327,189.9693713816609,181.09872678447502
2025-02-22,9,129.93994377715308,139.42702341633577,124.0807986461637,143.7941586999528,130.6433863697631
2025-02-22,10,134.71157859587612,137.3211700945905,127.0750084305478,143.22736560270715,130.45669665964314
2025-02-22,11,146.4034595979819,141.07495332088556,133.26024521056044,147.43083429181314,132.5729434354339
2025-02-22,12,149.29294967512814,141.9363894689993,137.6335151460025,149.87939047840084,134.10127299058678
2025-02-22,13,145.19358805818243,141.55128162394587,135.75370150707866,148.1178180860534,132.4530498766182
2025-02-22,14,137.52455009997777,135.6031882809134,131.04158306477453,143.37840138357421,127.25650959745035
2025-02-22,15,128.67666263603385,133.09912420382165,126.91419674945,140.68608717308877,124.01986870443912
2025-02-22,16,115.36028024791162,123.39702580180486,118.49189762678186,134.08292191831282,122.2068375402262
2025-02-22,17,120.20586999579857,149.2495584153419,148.25755772596114,162.4165779592802,140.1884424315101
2025-02-22,18,204.71274743697208,254.3320479636575,233.95580049925348,249.80216484546673,257.48437646763074
2025-02-22,19,214.7084378633054,264.2899363057325,244.96034708176356,260.8161653804612,261.20764095121757
2025-02-22,20,209.951769495772,262.5154289240897,241.77238380928887,259.42409525812224,261.1993110302516
2025-02-22,21,207.67452315201336,264.3119513114666,240.1969374288627,258.7924577565202,259.8257382127918
2025-02-22,22,202.65786680817192,264.5120115935567,239.26480954267927,257.73906556966307,258.4406330097757
2025-02-22,23,184.13803019410497,265.68572813181487,237.22317113722005,256.13825369472573,258.9258031046114
2025-02-23,0,181.9790198841397,261.4161980479607,228.89134156259905,200.57119731794364,189.93949572248124
2025-02-23,1,167.53328599325403,251.53078088417573,222.161253857414,193.91601196358468,187.08084560625562
2025-02-23,2,144.8594615993666,245.8223440509705,221.2494043339137,191.62197946395236,186.10718225443966
2025-02-23,3,140.72440142638817,240.16637616859447,222.07184257015464,190.42505231507886,185.35500506996306
2025-02-23,4,132.34191293295203,236.300153386615,218.6437340613382,187.47283341459493,183.62481100839867
2025-02-23,5,133.7691489361702,234.88213598460555,220.4100870301799,188.3418130952799,183.0626455278883
2025-02-23,6,160.8049359278595,231.82682871593568,232.74028854358787,194.0313960896553,186.87612306198852
2025-02-23,7,157.90900457567125,223.6547707726688,236.80014398222974,191.7286163175721,186.81000712496314
2025-02-23,8,95.85799182864923,131.71126961483594,171.9479759560104,118.45897781618353,133.47978074732742
2025-02-23,9,130.46105292045922,129.93994377715308,127.3599910221969,92.37760341808227,117.46015554501416
2025-02-23,10,148.2077616302671,134.71157859587612,128.77791805007718,93.87413051887059,119.29427473880898
2025-02-23,11,148.99959066721243,146.4034595979819,136.363164212434,101.62613745531759,120.58914880180049
2025-02-23,12,148.9769757311761,149.29294967512814,140.14445719697258,104.76656644080133,123.26936508856845
2025-02-23,13,143.01891704269352,145.19358805818243,137.59516994853178,102.03599559763258,121.2445538869731
2025-02-23,14,128.94895469549826,137.52455009997777,132.8601147807753,96.44931907504835,120.28339383895143
2025-02-23,15,119.33148754090108,128.67666263603385,128.37123331463138,91.2021506776985,115.04747349959949
2025-02-23,16,91.32299061140372,115.36028024791162,119.44713908408575,83.13565039285486,107.51237856919535
2025-02-23,17,93.5597988746558,120.20586999579857,144.0841859198725,101.67199874873653,112.68065428214236
2025-02-23,18,157.233523189585,204.71274743697208,229.4033218499059,181.38713137204365,198.41705733499325
2025-02-23,19,172.95877576514678,214.7084378633054,239.86482305572295,192.27373392386946,208.66612742761114
2025-02-23,20,169.3630006357279,209.951769495772,236.2448305493868,189.66308051687218,209.68873123667865
2025-02-23,21,166.89447373827295,207.67452315201336,234.3879231971067,187.65985581024503,209.4965996354624
2025-02-23,22,163.13514322040237,202.65786680817192,232.76076914606273,184.6308705394181,207.74371532146685
2025-02-23,23,151.59285290879836,184.13803019410497,227.92704399438114,175.24842195527506,207.67094806763595
2025-02-24,0,140.48187199408065,181.9790198841397,220.02004626973007,185.48618854887906,159.87864919891973
2025-02-24,1,132.2239502332815,167.53328599325403,211.83978718204207,176.53540082945793,160.43804607639638
2025-02-24,2,127.02484346596648,144.8594615993666,207.5236997139098,166.6235490010545,160.42327242683712
2025-02-24,3,145.9410934032681,140.72440142638817,207.70352879138295,165.3481794099951,163.25270399068955
2025-02-24,4,162.77777777777777,132.34191293295203,204.02335424011042,160.78857476591088,162.64396717548522
2025-02-24,5,179.11764705882354,133.7691489361702,206.43934990641483,162.57279682295683,166.81330446204421
2025-02-24,6,180.10392064241853,160.8049359278595,221.51086100060044,179.27756882558964,180.3637849444679
2025-02-24,7,178.16753201799932,157.90900457567125,225.42332193541026,178.0074145347433,183.57886623090275
2025-02-24,8,116.06022656116582,95.85799182864923,161.09999510982288,113.8651459422639,131.55825939247367
2025-02-24,9,121.64623394071712,130.46105292045922,129.79417268734522,109.2394493238726,127.88206790208508
2025-02-24,10,139.39196769127216,148.2077616302671,133.4624022155934,116.86444070291697,134.3544127396068
2025-02-24,11,137.1477129978571,148.99959066721243,139.6149954909441,119.96570356092232,134.8131240028054
2025-02-24,12,143.84869355296792,148.9769757311761,142.57589867171865,121.7738984440418,134.34799598086857
2025-02-24,13,128.529000698812,143.01891704269352,140.49527385228052,118.19584038002692,134.24944157112685
2025-02-24,14,124.73938942665674,128.94895469549826,133.87023587749837,109.75559641851603,128.12859545158864
2025-02-24,15,122.1557831839522,119.33148754090108,128.19584222198188,103.6491226407848,120.49690310239544
2025-02-24,16,103.19284862932062,91.32299061140372,115.82445502470539,88.21415485907458,116.27260109243684
2025-02-24,17,99.91765878218912,93.5597988746558,137.86015607192954,103.412185023662,127.086271780273
2025-02-24,18,168.39350889999437,157.233523189585,222.25649235518458,175.6890990221209,195.91493147741136
2025-02-24,19,178.24734982332154,172.95877576514678,234.41788981653593,189.52293656263774,211.50297400962103
2025-02-24,20,172.59877421473132,169.3630006357279,231.17222726205748,187.36024844985033,210.9512260546508
2025-02-24,21,173.19727501717426,166.89447373827295,229.72602421197553,185.41189633519872,209.94468190121304
2025-02-24,22,173.13050440352282,163.13514322040237,228.207278549357,182.6986400320232,208.20290952331266
2025-02-24,23,162.70627290960647,151.59285290879836,222.55452131384814,174.89644426752457,187.60800679066375
2025-02-25,0,146.00550542896468,140.48187199408065,214.55707560221776,168.40083406757245,174.3119521053535
2025-02-25,1,144.45180910792266,132.2239502332815,205.66134255355422,161.0931091359129,167.50313745656013
2025-02-25,2,135.22006227383656,127.02484346596648,200.5885839243472,156.26685143512785,163.0348606801005
2025-02-25,3,131.55929787044462,145.9410934032681,203.16821656740765,163.95970341585127,168.8997647315137
2025-02-25,4,135.67842851946162,162.77777777777777,202.44140310759752,169.01188166504457,172.91602699376347
2025-02-25,5,156.5182082407249,179.11764705882354,206.6302684827796,176.56461635778098,177.37566992799933
2025-02-25,6,177.09934903905764,180.10392064241853,220.15174053720654,184.50586636725797,188.04704972477197
2025-02-25,7,184.34622836907863,178.16753201799932,222.9792756164024,183.31015907126067,187.94719244984913
2025-02-25,8,116.14358917846714,116.06022656116582,155.8896576965071,119.46229405228966,126.46371170666873
2025-02-25,9,112.40796499257296,121.64623394071712,131.5830859709442,107.88030009110201,129.1394642203869
2025-02-25,10,120.2233184199457,139.39196769127216,137.7542476050875,117.05536365578274,133.6752500226956
2025-02-25,11,136.1711047278938,137.1477129978571,142.8793916469461,118.86849517909123,134.677731539969
2025-02-25,12,141.79661777910806,143.84869355296792,145.8465323842719,123.03895543768013,138.33316837867756
2025-02-25,13,142.0392260201777,128.529000698812,141.69858877399156,115.06393490047279,133.67862146387534
2025-02-25,14,130.10588906084547,124.73938942665674,135.82823971920982,110.39695391514103,129.27587842937402
2025-02-25,15,123.50803872233358,122.1557831839522,130.18474877882178,106.48880667030159,125.72946401838672
2025-02-25,16,105.27865682137832,103.19284862932062,116.83309815417343,93.89636347403703,110.18764379461703
2025-02-25,17,98.4763659909349,99.91765878218912,134.73649056170126,105.42436422138906,120.88752214502995
2025-02-25,18,171.6653653095371,168.39350889999437,219.34867125163728,177.8920543433566,201.29788900401482
2025-02-25,19,198.27819262004687,178.24734982332154,231.21302801892688,189.41012143791875,217.10663331834058
2025-02-25,20,204.6489036913683,172.59877421473132,227.83979223038227,186.65812198461236,212.88443289617908
2025-02-25,21,201.8210361067504,173.19727501717426,226.70950550197045,185.95751839423403,204.250539477038
2025-02-25,22,193.20069097415012,173.13050440352282,224.24394884702514,184.093986987954,199.65692667126683
2025-02-25,23,186.63307000817213,162.70627290960647,217.9891548830693,176.36613538469422,192.26951483013397
2025-02-26,0,179.36026430394955,146.00550542896468,209.04233169303856,179.5849618522473,195.82005914198453
2025-02-26,1,207.70289855072463,144.45180910792266,200.3568275937702,174.65366715812584,193.82999748183957
2025-02-26,2,210.26219192448872,135.22006227383656,194.28070963934056,168.29426766777905,181.19686028550421
2025-02-26,3,217.9554565701559,131.55929787044462,195.79293617415266,168.35114440085712,181.73288728186594
2025-02-26,4,223.46136329133145,135.67842851946162,196.64546432466346,170.5613677371693,185.74049526801218
2025-02-26,5,228.19310750238813,156.5182082407249,202.2490626633079,180.7539936105871,198.0322474918639
2025-02-26,6,238.36034872457216,177.09934903905764,215.57921937478227,194.61097938553036,206.98119509832787
2025-02-26,7,236.2991084268047,184.34622836907863,216.52666982147704,195.51796323462895,207.9559854171945
2025-02-26,8,155.8702842624994,116.14358917846714,147.03687970585455,128.63022708440243,132.63645263933233
2025-02-26,9,121.36108204472347,112.40796499257296,128.37775308769648,115.45884896594202,121.00976134064378
2025-02-26,10,129.1795884896377,120.2233184199457,134.83812213930665,120.85157055151012,130.96825707408019
2025-02-26,11,132.7384080227954,136.1711047278938,141.0075290556283,130.11096871156124,137.2418011815251
2025-02-26,12,140.48326862636347,141.79661777910806,144.39934426752103,134.1142130414656,137.59285929069173
2025-02-26,13,141.25339317383907,142.0392260201777,140.76973713915123,132.04870008807958,135.35757135291084
2025-02-26,14,131.89119865242526,130.10588906084547,133.71597125751876,124.29565800445143,130.46325619784636
2025-02-26,15,125.46203904555314,123.50803872233358,128.0873152545533,119.19310921857924,125.46254194271994
2025-02-26,16,110.19868610799551,105.27865682137832,112.34878522704673,106.2016704401391,109.17232839801704
2025-02-26,17,127.60703585580362,98.4763659909349,122.71328632241601,112.43597813732019,121.34769137251565
2025-02-26,18,227.84207418540984,171.6653653095371,206.03565699288794,186.13853791311783,201.98920700270668
2025-02-26,19,244.05015476627668,198.27819262004687,220.1827210979847,204.79505075662343,215.339826730269
2025-02-26,20,239.01023706896552,204.6489036913683,218.11170374466016,206.61747853340762,213.678465210686
2025-02-26,21,237.0111824623561,201.8210361067504,216.26258558755612,204.5177793094285,209.58467338600957
2025-02-26,22,231.32715137912703,193.20069097415012,212.63639425912606,199.42712246257852,199.01792496426344
2025-02-26,23,226.66932376776936,186.63307000817213,204.85955112883354,192.46211280887036,192.83126077934975
2025-02-27,0,213.7232337946104,179.36026430394955,195.12345930151042,198.97635387215337,213.26024146275267
2025-02-27,1,210.883025773982,207.70289855072463,191.02913174474696,206.27826653798158,222.72753427584666
2025-02-27,2,211.8522042499207,210.26219192448872,185.42802789590317,204.04166867575327,220.46850192942705
2025-02-27,3,209.2833173537872,217.9554565701559,188.18679850357537,207.96280417950385,219.60433357284077
2025-02-27,4,204.5571132706707,223.46136329133145,189.50270148976728,210.69602670287685,221.20792544016524
2025-02-27,5,205.6200218647509,228.19310750238813,195.3992928442071,215.82355239715173,222.47326667200744
2025-02-27,6,215.6517775752051,238.36034872457216,208.22283537779646,226.4391900376719,232.14727360377947
2025-02-27,7,217.5398166023166,236.2991084268047,208.6755190685936,224.27490650104286,227.88798413881844
2025-02-27,8,138.17562760443136,155.8702842624994,137.48785529885768,152.9625588685168,152.99357511664368
2025-02-27,9,113.00469483568077,121.36108204472347,124.28968743577396,130.52911940500243,127.94963093993357
2025-02-27,10,114.38820276497697,129.1795884896377,132.16692921868278,136.4082905091537,133.57507441296883
2025-02-27,11,121.79451166810718,132.7384080227954,138.21909183891955,140.95723347843298,136.63885540190176
2025-02-27,12,124.7026088189423,140.48326862636347,142.10654687309255,145.99202605414283,139.2317211429232
2025-02-27,13,115.57436881514091,141.25339317383907,138.69052797016997,144.21380039628042,138.75593038946454
2025-02-27,14,110.70631813781202,131.89119865242526,131.37470881344353,136.77918961601523,134.66693285259748
2025-02-27,15,94.0004553734062,125.46203904555314,125.19000321316123,131.35858926771556,129.44729822874626
2025-02-27,16,95.04753803042432,110.19868610799551,108.74599789222732,118.42261053717158,116.75824798129817
2025-02-27,17,145.41700758195603,127.60703585580362,118.0419619723442,132.92722688261742,130.39833438878418
2025-02-27,18,221.15615532911045,227.84207418540984,204.12924367386844,217.88971596775852,216.38038676315685
2025-02-27,19,241.37762313797973,244.05015476627668,219.52805809664528,233.94292497516332,231.92952222549536
2025-02-27,20,242.67120206904303,239.01023706896552,217.70961829630593,232.21253423336844,230.2526412008044
2025-02-27,21,238.7644491625384,237.0111824623561,216.07519249583584,230.39964873386884,226.95050017792465
2025-02-27,22,241.1232449297972,231.32715137912703,212.32167405789832,225.95226334529627,222.63013243659367
2025-02-27,23,239.79568747504325,226.66932376776936,204.76680274474555,219.7294987465791,220.10359500127862
2025-02-28,0,231.1164170465234,213.7232337946104,195.8643980072779,224.41884853437824,240.89213739229547
2025-02-28,1,218.4819064430715,210.883025773982,194.2039646008662,223.1900340470412,238.5506996651261
2025-02-28,2,207.95247918099167,211.8522042499207,188.63039586813096,220.55978929463964,236.35533367828072
2025-02-28,3,206.07303457900449,209.2833173537872,189.77769728445602,220.63233475892713,236.77136393461757
2025-02-28,4,193.5554662379421,204.5571132706707,190.45168966790334,219.7252828725296,238.78030807367153
2025-02-28,5,195.2143489101585,205.6200218647509,197.89252820598819,224.12277229059163,242.09502725613547
2025-02-28,6,211.15398750459389,215.6517775752051,209.11694228536842,233.71318649615563,244.84927396065245
2025-02-28,7,216.001367903998,217.5398166023166,208.8124255275466,232.00549056407363,240.62436698631774
2025-02-28,8,168.40264761012185,138.17562760443136,134.24985833011468,159.89936941926675,147.67933774117043
2025-02-28,9,113.09732138064308,113.00469483568077,124.03542798966319,141.7457309688668,126.65289923410538
2025-02-28,10,115.8259737845124,114.38820276497697,131.9176553837952,144.8901232549468,125.81506129499857
2025-02-28,11,114.04597311166717,121.79451166810718,137.76139157181905,150.50602907271227,133.05026602549037
2025-02-28,12,122.1721687299404,124.7026088189423,141.57678623609792,153.86379168058977,134.90533728515823
2025-02-28,13,124.01192784749918,115.57436881514091,136.73711077611307,147.6980332690456,126.61306913431781
2025-02-28,14,117.78855442636888,110.70631813781202,128.50278405058984,141.89066866719375,126.0157106901483
2025-02-28,15,108.0314305907787,94.0004553734062,120.89051295800024,131.69219004357927,123.5596087514154
2025-02-28,16,115.20972810493237,95.04753803042432,106.25686089289128,126.55838802563598,119.20154845020141
2025-02-28,17,163.20264794841066,145.41700758195603,119.20475649952571,156.29699880646447,151.31970715943595
2025-02-28,18,240.64289301858364,221.15615532911045,200.7622031877523,228.88469495255464,233.30525581936212
2025-02-28,19,245.7396031530307,241.37762313797973,216.27292432597278,246.0354780522203,244.62707568904105
2025-02-28,20,236.2690253288151,242.67120206904303,214.39418801424253,246.34091628583332,242.66374850237696
2025-02-28,21,225.47771462758,238.7644491625384,212.8106987072246,243.94647057871668,240.41961486348552
2025-02-28,22,226.66845846025203,241.1232449297972,209.86951618696116,242.4388131147998,240.56248363274892
2025-02-28,23,224.5307822465183,239.79568747504325,202.46013791361563,237.37675807741903,238.44977823275298
2025-03-01,0,211.41614306428227,231.1164170465234,193.44035864288986,211.1661337145068,216.20536972177916
2025-03-01,1,204.10406640161816,218.4819064430715,190.40109385520174,205.66823644839744,215.00990524935062
2025-03-01,2,193.07435688338649,207.95247918099167,183.2847981065059,198.70159556869402,209.97546610113804
2025-03-01,3,180.32839858720973,206.07303457900449,184.52899676737758,198.85962613617338,208.1673513774595
2025-03-01,4,169.00875500816144,193.5554662379421,184.09603077382152,194.8247831993324,210.24367090357725
2025-03-01,5,163.00818952910208,195.2143489101585,190.47351692823167,199.0599958073261,210.60734127058868
2025-03-01,6,169.70420852947376,211.15398750459389,202.1430211613775,211.05674478249327,215.46264195832083
2025-03-01,7,169.980912262226,216.001367903998,201.98826123836247,211.1063652446784,209.3026818647387
2025-03-01,8,107.89913883898149,168.40264761012185,131.7459480943101,153.53724220319657,150.05635965653914
2025-03-01,9,85.11228406909788,113.09732138064308,120.27404198456425,124.07184577409093,114.37249031523731
2025-03-01,10,87.36547776309996,115.8259737845124,128.84691305378402,126.711509404365,114.41528299815643
2025-03-01,11,99.0636762252144,114.04597311166717,133.90010868478785,127.98128913057421,116.75802702055391
2025-03-01,12,113.93128825673142,122.1721687299404,138.75332613051805,133.3362915644783,120.39112226112334
2025-03-01,13,119.43221969564456,124.01192784749918,134.23148880804928,130.7850399761836,118.87281378369505
2025-03-01,14,115.36061908856406,117.78855442636888,125.95783635708348,124.07427741918875,111.59811618797768
2025-03-01,15,102.68131630222992,108.0314305907787,117.30941387042267,116.17272900540847,105.01939423068163
2025-03-01,16,89.77187920753991,115.20972810493237,105.08724693619521,115.0642391743806,108.51308924388907
2025-03-01,17,83.95401632613631,163.20264794841066,121.19805500424981,146.4537902580726,146.5836174526535
2025-03-01,18,139.89237617625514,240.64289301858364,198.80660962417033,217.17265455028084,212.05966131201325
2025-03-01,19,157.64728596646071,245.7396031530307,213.62287673272968,228.47251821541226,216.53663314967145
2025-03-01,20,149.16805048156758,236.2690253288151,210.64470178634616,224.94740327016382,212.52051852443526
2025-03-01,21,145.45848857254074,225.47771462758,207.26295060952648,219.68889425542665,211.02813323025256
2025-03-01,22,145.275962030353,226.66845846025203,204.46329431077476,218.08937726959527,210.21375720150243
2025-03-01,23,122.25583183799026,224.5307822465183,196.58085993000185,212.6871346832261,203.61843397269092
2025-03-02,0,129.92503237238466,211.41614306428227,186.29749364522152,149.36252264126648,111.10308762580075
2025-03-02,1,132.4670939287437,204.10406640161816,183.62584892912204,145.2965117583663,111.68398911456123
2025-03-02,2,129.1117984975696,193.07435688338649,175.74937136827958,137.62420117912987,106.87805696562582
2025-03-02,3,122.17025940811106,180.32839858720973,175.98071425575117,133.86738588432848,105.03755800965935
2025-03-02,4,117.74745269286754,169.00875500816144,174.48297386261387,129.4959152505564,107.20423694160851
2025-03-02,5,123.75924583031184,163.00818952910208,180.20581029173118,130.85983385397665,111.45996118338368
2025-03-02,6,135.5436468763221,169.70420852947376,193.2683611347401,140.35113159418864,113.38182673754038
2025-03-02,7,145.9777403035413,169.980912262226,194.32056716544207,139.57905517830346,112.65191229438506
2025-03-02,8,96.32498722534493,107.89913883898149,128.3442151263309,78.39779121048304,93.33413520118746
2025-03-02,9,109.1402497598463,85.11228406909788,113.87009059769922,56.06641138578664,97.48453658498178
2025-03-02,10,114.6332513851686,87.36547776309996,122.08318436338743,58.730180889902286,96.20122188053355
2025-03-02,11,119.89604764482944,99.0636762252144,127.13728248867822,64.74360911769665,104.22661264245711
2025-03-02,12,123.66999670655396,113.93128825673142,133.70166021360424,74.0145626495491,111.7975714273814
2025-03-02,13,116.02095053346264,119.43221969564456,130.5512933276867,74.9726882641157,108.93085593840135
2025-03-02,14,114.4720399875039,115.36061908856406,122.79156049831009,69.95990027794025,100.57658028918844
2025-03-02,15,98.28783905773116,102.68131630222992,113.59579296559353,60.65871188330789,98.2411608336376
2025-03-02,16,83.79933672754449,89.77187920753991,101.43176107328497,52.298734835958385,87.31304805696925
2025-03-02,17,80.29638087673138,83.95401632613631,116.01921876572665,63.42423831846371,80.74418627409709
2025-03-02,18,135.7641591635202,139.89237617625514,189.54655658692508,127.13091145856549,129.19066845667697
2025-03-02,19,167.21408572043936,157.64728596646071,205.471283604609,142.80519336181518,145.92950852474104
2025-03-02,20,166.82032137639993,149.16805048156758,201.96131335574552,138.894754479154,144.35403610014495
2025-03-02,21,168.16213803492718,145.45848857254074,198.37494566960183,135.54919706385266,141.1827410582056
2025-03-02,22,161.10434782608695,145.275962030353,196.26587934251498,133.85417526650366,139.8425776147953
2025-03-02,23,144.25609835851154,122.25583183799026,187.74054587912832,121.32379032926733,130.9844552862841
2025-03-03,0,137.50052101424106,129.92503237238466,178.86120971497078,160.73913192483823,138.33412115763358
2025-03-03,1,148.63005138175254,132.4670939287437,178.6163929199063,161.16524066222075,137.9884188028774
2025-03-03,2,147.04761904761904,129.1117984975696,173.49970521088002,157.28254677932907,137.43425157853855
2025-03-03,3,147.8249762791037,122.17025940811106,173.33012253885445,154.68020839129747,141.1723783434196
2025-03-03,4,154.61208490496264,117.74745269286754,172.39805097117323,152.67421392783382,140.45027740801032
2025-03-03,5,157.30823463056964,123.75924583031184,178.77582413375143,157.90632202453708,146.6069942437781
2025-03-03,6,182.84676066836448,135.5436468763221,189.659605555949,167.64285804326087,153.37493745380036
2025-03-03,7,177.09446038402118,145.9777403035413,192.61610084085208,170.3748900875751,157.2256864957505
2025-03-03,8,108.28101128579172,96.32498722534493,128.41092875443027,113.21453076960745,104.61545076163588
2025-03-03,9,96.28049007559676,109.1402497598463,110.82426157475452,104.48661249968217,102.17278804441341
2025-03-03,10,97.76560198325728,114.6332513851686,117.2868257569448,108.70784841120275,109.28746884699987
2025-03-03,11,104.8789959087442,119.89604764482944,122.97963348548065,113.59336192266713,110.78807397732092
2025-03-03,12,106.37431344778749,123.66999670655396,130.0863774958011,119.11151361660664,119.26372075781305
2025-03-03,13,108.74680132382544,116.02095053346264,126.69444096922516,114.95871153439273,111.82340669864466
2025-03-03,14,106.21976431672525,114.4720399875039,120.72342982573947,111.52352997452329,110.99761894913398
2025-03-03,15,106.98172558418214,98.28783905773116,110.58955746799784,101.07231218882487,98.1287536376114
2025-03-03,16,92.08001287933672,83.79933672754449,100.3569533755908,92.38048848916421,89.83872416147105
2025-03-03,17,85.51775791253927,80.29638087673138,114.12444476602313,100.13586893101063,92.24945426242675
2025-03-03,18,170.14320568579612,135.7641591635202,186.47950458320153,162.291832803515,152.14318446475053
2025-03-03,19,196.81815929028105,167.21408572043936,204.6506135982222,184.37669293203615,184.40148380748596
2025-03-03,20,200.8536156972952,166.82032137639993,201.5980734615558,183.37050770248877,182.5070614442393
2025-03-03,21,189.4316182351373,168.16213803492718,198.5560405691239,182.08069800051342,180.0938833954636
2025-03-03,22,180.538410669018,161.10434782608695,195.97576571475562,177.9634943668496,174.90630773039044
2025-03-03,23,168.47336127817266,144.25609835851154,186.69243808623017,166.41557261151067,160.50387298021298
2025-03-04,0,159.31214514129087,137.50052101424106,178.43530243213658,161.7461642204193,156.26213601526848
2025-03-04,1,156.08518165736834,148.63005138175254,180.9601216554022,166.64660359483383,155.92117816842133
2025-03-04,2,162.84425613339712,147.04761904761904,176.36010172254467,163.80304853164373,153.28367546163463
2025-03-04,3,170.60977307531672,147.8249762791037,173.5992486639738,162.44385648462287,153.06735734602324
2025-03-04,4,173.49648891051936,154.61208490496264,171.23152341791393,163.5316165836547,153.46509813622203
2025-03-04,5,182.5092250922509,157.30823463056964,175.66019378685797,167.0364998491471,155.9493031265901
2025-03-04,6,201.1775663628501,182.84676066836448,190.05143984536988,182.80239212553238,170.63185990699714
2025-03-04,7,204.7188392284832,177.09446038402118,192.4628048931409,180.3482734639203,167.4855887375033
2025-03-04,8,135.96147094962262,108.28101128579172,127.2996122865197,116.47400040849037,113.04600865029087
2025-03-04,9,127.23119310849928,96.28049007559676,107.20058387973732,98.87960101681088,103.00843323297481
2025-03-04,10,138.14431590731758,97.76560198325728,111.34020208437123,100.67969890056915,105.64001418843822
2025-03-04,11,136.8218575537134,104.8789959087442,118.36981675846451,106.26224111053241,112.08673492917694
2025-03-04,12,140.11551966292134,106.37431344778749,124.73289462363245,109.7059763908508,114.62152511890073
2025-03-04,13,134.22532001367418,108.74680132382544,123.86841248708423,109.49530181584808,114.8704284895019
2025-03-04,14,132.38745314657723,106.21976431672525,118.07776909574928,105.55651508884486,113.60534300179958
2025-03-04,15,132.29808121374387,106.98172558418214,108.42183495374498,101.53332274397538,107.52205425213234
2025-03-04,16,122.72266285268496,92.08001287933672,98.76940541130737,91.98165033476185,98.27228283701245
2025-03-04,17,139.4562989191204,85.51775791253927,112.06731607035887,99.21574767611806,99.85503979864998
2025-03-04,18,234.2880033080064,170.14320568579612,186.72946126688748,173.84223122303743,171.47617183646813
2025-03-04,19,247.9796845490276,196.81815929028105,207.30358637921645,196.19190624673732,195.19872131799556
2025-03-04,20,250.0798603765602,200.8536156972952,205.6344793876364,197.359217571104,190.2312084259475
2025-03-04,21,251.28604480559787,189.4316182351373,200.8752324574043,191.3716879822168,187.45195231606522
2025-03-04,22,251.70636538349544,180.538410669018,197.03403803839774,185.8921229325927,178.16421877154025
2025-03-04,23,249.8436923076923,168.47336127817266,187.5163078531682,175.88788760086553,168.8862198862047
2025-03-05,0,245.78016339207343,159.31214514129087,180.3362509624689,211.31492388046883,235.9040825969583
2025-03-05,1,251.86325818572195,156.08518165736834,182.62203201960867,211.66396809192253,236.70953355008564
2025-03-05,2,253.3870967741936,162.84425613339712,180.30641513105334,212.65262277930256,240.86680989443275
2025-03-05,3,252.42744640513345,170.60977307531672,179.17788797895557,214.45755429542345,248.58139166473268
2025-03-05,4,258.1784769185534,173.49648891051936,176.6341034737793,214.4080032867867,249.59208099025528
2025-03-05,5,259.8340636448531,182.5092250922509,179.37319619421888,218.9682919903794,250.56165723348153
2025-03-05,6,272.05633980337785,201.1775663628501,193.4911851773402,232.8501524993996,252.74362746883844
2025-03-05,7,264.280088034287,204.7188392284832,195.37317787305588,232.39160887860186,243.25945560148847
2025-03-05,8,225.62820093712543,135.96147094962262,130.13073825382762,167.19928646729733,161.50993629359394
2025-03-05,9,212.1215480264109,127.23119310849928,109.31818789629823,150.05726380371482,136.26777177042408
2025-03-05,10,203.99674645596096,138.14431590731758,113.90034458256721,155.2724661521721,146.8147406687363
2025-03-05,11,196.02203237410072,136.8218575537134,118.4627814478673,157.2328659931874,145.99387682664252
2025-03-05,12,201.05571356867995,140.11551966292134,124.49273774989148,161.46325396805634,147.14067788018326
2025-03-05,13,200.28570174668656,134.22532001367418,122.75214020044085,158.61048736063228,142.750925233919
2025-03-05,14,204.12466072120972,132.38745314657723,118.40370682228237,155.83844549793847,139.08387286163133
2025-03-05,15,211.9632363311551,132.29808121374387,109.67755530966075,151.56026818438252,136.69423416924792
2025-03-05,16,207.6852933249484,122.72266285268496,101.26140627292261,144.91638143020612,134.61053199214967
2025-03-05,17,209.57883526165463,139.4562989191204,117.92159220295682,160.92104832739588,156.87115759500892
2025-03-05,18,223.9731895378723,234.2880033080064,195.67555240952598,240.28214252772358,245.6107483806843
2025-03-05,19,226.5079137378664,247.9796845490276,214.40379951192799,257.6395544451012,256.46205536224653
2025-03-05,20,222.41080706615864,250.0798603765602,212.1246160569495,258.08496314642144,256.9948899218342
2025-03-05,21,222.6686694841896,251.28604480559787,207.94166227152536,255.89329531047335,254.1688280975116
2025-03-05,22,206.5787568517944,251.70636538349544,205.39199152544708,253.83388322701765,252.8915568820521
2025-03-05,23,204.2413591095489,249.8436923076923,196.54639675309969,247.3876078664614,245.50990916994454
2025-03-06,0,204.74945652173912,245.78016339207343,189.824807975058,202.11867561466423,184.15177380685293
2025-03-06,1,197.45372567631705,251.86325818572195,188.93065482460833,203.61533437524346,184.54605291775653
2025-03-06,2,195.54870751555768,253.3870967741936,186.46711582386834,203.07762066040834,184.62516506165034
2025-03-06,3,190.40774134267505,252.42744640513345,184.1024579553809,201.9221630354553,183.09688558415166
2025-03-06,4,178.52643622786945,258.1784769185534,181.59369113481102,202.64461129774307,182.9540429086727
2025-03-06,5,197.1098615393917,259.8340636448531,183.89333278599958,204.92423485007623,182.3237863832899
2025-03-06,6,210.0056487600972,272.05633980337785,198.30489818859817,216.69841031623815,183.57500887812398
2025-03-06,7,199.73684210526315,264.280088034287,199.37046067412479,213.59463080468777,178.85045250507937
2025-03-06,8,137.09740071903798,225.62820093712543,140.09615492163135,165.17322120233072,159.20695654844428
2025-03-06,9,117.10305830431336,212.1215480264109,122.283968750825,148.20966160074033,156.11050415552364
2025-03-06,10,112.74548429100864,203.99674645596096,124.58851000632767,146.18046805588364,151.31527891862152
2025-03-06,11,120.07553630778528,196.02203237410072,127.5032992123395,144.80958696562064,149.76077331685843
2025-03-06,12,122.47448891942965,201.05571356867995,133.1459441702224,149.19961540350857,151.16523200597672
2025-03-06,13,116.8956112965156,200.28570174668656,131.18532713941906,147.85694361781196,152.72101264161154
2025-03-06,14,97.96900226025186,204.12466072120972,128.72277283210875,148.24321810014848,154.1006213257358
2025-03-06,15,96.73097940311057,211.9632363311551,122.03486920760386,148.07517499866006,153.94137367875047
2025-03-06,16,101.58024798404578,207.6852933249484,115.18806444677304,144.21036843289477,152.38844882104314
2025-03-06,17,125.75737233277393,209.57883526165463,129.63184926093552,156.78828946616073,159.5915573474171
2025-03-06,18,183.5109544195417,223.9731895378723,195.12285460273486,199.5417327296015,188.4573702114528
2025-03-06,19,197.04693799193703,226.5079137378664,211.89776507929793,210.66530915110573,210.72471547254472
2025-03-06,20,197.11492697494285,222.41080706615864,209.75326891369141,209.05997158074769,211.16808556549066
2025-03-06,21,198.4288846387088,222.6686694841896,205.89273184607302,207.0271613357898,209.16573305625946
2025-03-06,22,204.39595039720984,206.5787568517944,201.85650659297102,199.2733481715262,198.55675329856876
2025-03-06,23,199.87090163934425,204.2413591095489,193.3424018019253,193.07202753626666,187.59017894062322
2025-03-07,0,191.45870736086167,204.74945652173912,188.54283979321923,202.24876336959815,198.7751723849289
2025-03-07,1,175.37618395186752,197.45372567631705,187.01218338208471,199.52600037313812,196.67337634956613
2025-03-07,2,168.47178976211234,195.54870751555768,184.13804486181647,197.61192452407465,196.80925463128352
2025-03-07,3,167.21019844582878,190.40774134267505,181.4059470966506,194.69399274026662,195.81370410683348
2025-03-07,4,171.16942790577272,178.52643622786945,177.87502298583942,189.48152525644392,196.99811360677327
2025-03-07,5,189.418561542264,197.1098615393917,182.67759559666254,198.02281566286013,198.4841304147702
2025-03-07,6,203.25973875852503,210.0056487600972,197.49830835786847,209.96500448216588,202.54659404647407
2025-03-07,7,206.2754686226569,199.73684210526315,196.82717860311712,204.45022237979842,201.9911663104127
2025-03-07,8,142.46406861128128,137.09740071903798,139.9421225094323,146.5371029661444,140.16733726307217
2025-03-07,9,99.0680862766668,117.10305830431336,122.86944924634393,126.32299033904945,122.09809400904749
2025-03-07,10,98.03514319594667,112.74548429100864,124.3538359386179,124.61861926885788,118.83347023057121
2025-03-07,11,105.42917771883288,120.07553630778528,127.25773130372208,129.0429683435067,122.25710873772283
2025-03-07,12,124.61956166175987,122.47448891942965,132.82764132743486,133.15742721767776,128.73893474507585
2025-03-07,13,131.75598376633752,116.8956112965156,131.37407606532975,130.4191871646242,122.9993859970278
2025-03-07,14,114.05955207598024,97.96900226025186,126.90315627817155,121.44677517569214,117.21267602950016
2025-03-07,15,103.90030986572484,96.73097940311057,122.4249440689902,119.18545434617492,116.41476303211786
2025-03-07,16,83.17069434338019,101.58024798404578,116.12130872586181,119.50427573362678,116.51296828406925
2025-03-07,17,84.92269213278763,125.75737233277393,126.82332993962379,137.56841826894467,135.3117307710858
2025-03-07,18,172.36846322311845,183.5109544195417,189.7449687585108,194.36569526287175,206.99398975148108
2025-03-07,19,206.3933173738094,197.04693799193703,205.5648100584347,209.32106859024947,215.3589402079386
2025-03-07,20,203.96461269416727,197.11492697494285,203.24522961453422,208.82461942950323,215.42338334409038
2025-03-07,21,206.9719941040219,198.4288846387088,200.13050834266878,207.4920015385676,208.36273833887049
2025-03-07,22,212.883765507694,204.39595039720984,196.6097502311728,206.57345705058174,207.35786506087067
2025-03-07,23,209.05817174515235,199.87090163934425,187.63886096825402,199.4963309507851,205.00887922305827
2025-03-08,0,209.05817174515235,191.45870736086167,182.87745269526758,192.33444411010538,208.13761491832116
2025-03-08,1,175.37618395186752,175.37618395186752,180.85422302619847,186.09716904986118,206.17346542906577
2025-03-08,2,168.47178976211234,168.47178976211234,178.4979463734051,182.69228677096837,204.67191307493658
2025-03-08,3,167.21019844582878,167.21019844582878,175.85411336333976,181.00982951495556,204.07325635477878
2025-03-08,4,171.16942790577272,171.16942790577272,174.67701750981522,181.39227147744333,204.44844411866927
2025-03-08,5,189.418561542264,189.418561542264,181.8496259726776,191.33888930761495,204.88575083755774
2025-03-08,6,203.25973875852503,203.25973875852503,196.3705585370015,203.53466704190802,208.3684806969066
2025-03-08,7,206.2754686226569,206.2754686226569,195.43776442006836,202.65045717492686,201.3522167669682
2025-03-08,8,142.46406861128128,142.46406861128128,136.23661122388364,144.14809825032154,146.0246128584866
2025-03-08,9,99.0680862766668,99.0680862766668,120.86527280291875,115.32957913933542,107.7748474350035
2025-03-08,10,98.03514319594667,98.03514319594667,121.81228871167995,114.01603757610273,105.833592865758
2025-03-08,11,105.42917771883288,105.42917771883288,126.02676053331719,119.04725514048056,105.13447084809678
2025-03-08,12,124.61956166175987,124.61956166175987,133.17726888912338,129.40490830491203,119.91893921845877
2025-03-08,13,131.75598376633752,131.75598376633752,132.48036976802092,131.22127671807633,124.50029694071875
2025-03-08,14,114.05955207598024,114.05955207598024,126.37044165668748,120.566860422699,102.96012406536647
2025-03-08,15,103.90030986572484,103.90030986572484,121.83478396541109,114.30831883312,101.88165465363855
2025-03-08,16,83.17069434338019,83.17069434338019,111.54430390278291,102.94215040074309,92.02472886413891
2025-03-08,17,84.92269213278763,84.92269213278763,115.6404791088205,110.82295865846089,96.52624325954883
2025-03-08,18,172.36846322311845,172.36846322311845,179.99147878773005,182.52202655239518,179.38239374502305
2025-03-08,19,206.3933173738094,206.3933173738094,199.9439120899745,207.21708879246688,205.30677350149938
2025-03-08,20,203.96461269416727,203.96461269416727,198.63031352387023,206.44015971317395,204.57103397159722
2025-03-08,21,206.9719941040219,206.9719941040219,197.4868339821605,206.4748907973201,202.5997908172238
2025-03-08,22,212.883765507694,212.883765507694,194.6405083808074,206.417507217876,199.5726971355817
2025-03-08,23,209.05817174515235,209.05817174515235,185.42848803948746,199.50098134645378,198.47728271943922
2025-03-09,0,228.1340003031681,209.05817174515235,182.5405996496776,197.640496684303,209.00486785872084
2025-03-09,1,237.55746700281773,175.37618395186752,176.7502398190912,184.03971804334913,207.76313350669352
2025-03-09,2,,168.47178976211234,174.9832939275088,180.67195204284667,204.21141302113523
2025-03-09,3,238.4077954090279,167.21019844582878,173.98008477171393,179.78733364867986,202.64021711390268
2025-03-09,4,239.3013441700532,171.16942790577272,174.9856850666168,181.5678535018262,203.73021664549037
2025-03-09,5,237.16252804208247,189.418561542264,185.62253626027217,193.11223484273265,205.0333345408273
2025-03-09,6,237.477599578345,203.25973875852503,201.16420571258024,205.84817800353716,208.96615105983437
2025-03-09,7,249.6149358226371,206.2754686226569,200.62270104298707,205.43718802289192,202.501513564657
2025-03-09,8,214.0577137974101,142.46406861128128,141.17445833421218,146.74329944260117,148.05876024809834
2025-03-09,9,113.22479462285288,99.0680862766668,122.85895883257146,115.75898576337805,108.72122721102055
2025-03-09,10,127.76917749623172,98.03514319594667,123.33652663065804,114.27467261964395,105.13690096567831
2025-03-09,11,138.32860724119507,105.42917771883288,126.9361178895484,119.00982465989944,107.04217415688821
2025-03-09,12,148.49894814998143,124.61956166175987,134.70416508984175,130.1493657386712,121.9155822915861
2025-03-09,13,149.92563149121682,131.75598376633752,134.24090749240563,132.44514438482847,126.15324374353506
2025-03-09,14,139.2949872949873,114.05955207598024,126.18457494060407,120.86141360524385,104.69528677568078
2025-03-09,15,134.1365082521376,103.90030986572484,122.00892590305321,114.56847275879089,104.19702698990667
2025-03-09,16,119.39787038538458,83.17069434338019,110.60127749361725,101.97494169843098,90.67650146130269
2025-03-09,17,100.18704865632768,84.92269213278763,115.77886136691355,109.81901061809708,96.91121318173393
2025-03-09,18,94.52421750057115,172.36846322311845,184.63091979442478,184.6735866777642,181.52959242923922
2025-03-09,19,202.7298710775967,206.3933173738094,206.9076308624529,211.0775590469787,206.29045981991604
2025-03-09,20,239.02724858561368,203.96461269416727,206.45839383995593,210.7450760510123,206.16602843311108
2025-03-09,21,231.7925845014868,206.9719941040219,206.27447762951493,211.28792604363096,205.28572949489958
2025-03-09,22,224.955803977642,212.883765507694,204.2987660204275,211.5568161367187,202.83342069405828
2025-03-09,23,218.21984711211772,209.05817174515235,197.82882231193918,206.09927011878295,200.67406264640056
2025-03-10,0,204.4978896233177,228.1340003031681,196.57045221121808,216.36156489780817,212.1581130455999
2025-03-10,1,216.13951187335093,237.55746700281773,191.76315025824465,215.83533823122505,214.3740876421529
2025-03-10,2,217.9775182990589,,182.62854316583199,,
2025-03-10,3,233.8802061333108,238.4077954090279,190.5854470575592,215.20625479591087,213.98340556320304
2025-03-10,4,237.20213640098603,239.3013441700532,192.3505267062148,216.44856723237245,215.0810004516375
2025-03-10,5,242.92559375519016,237.16252804208247,201.82300514766797,221.38621362720775,218.9514083211837
2025-03-10,6,254.65951147298296,237.477599578345,215.72619895572637,229.35522252185604,220.25342394443834
2025-03-10,7,268.68830857690466,249.6149358226371,215.4280146885722,232.4829621719586,221.34265753944175
2025-03-10,8,243.3298423547569,214.0577137974101,157.99341927307862,186.2260439785098,187.8825708002188
2025-03-10,9,151.11290250347082,113.22479462285288,123.4424652415724,123.97696267348843,114.87863037868873
2025-03-10,10,134.14329279771093,127.76917749623172,125.21308750366708,128.57024457028132,120.16204297226558
2025-03-10,11,135.4717194997544,138.32860724119507,129.5693406890292,135.39724520219647,127.29594365366611
2025-03-10,12,141.3737312065939,148.49894814998143,138.25115815318853,144.23127021930446,133.58354733753856
2025-03-10,13,143.5847625468796,149.92563149121682,139.08443334351338,145.10074359893295,137.04682146436778
2025-03-10,14,135.53393258426965,139.2949872949873,129.73071027024454,135.35458481189227,127.52196426731513
2025-03-10,15,132.914192683394,134.1365082521376,127.13016435939699,131.56374184959105,124.94409562670572
2025-03-10,16,119.95566427151812,119.39787038538458,115.68678230188011,120.78764105394471,114.50080897539098
2025-03-10,17,114.46440625162262,100.18704865632768,118.62038533542731,118.18684205438818,107.06305758166509
2025-03-10,18,117.91844997108154,94.52421750057115,178.73949955686066,149.48820633024266,130.30681177374896
2025-03-10,19,204.35377415096605,202.7298710775967,211.98131448490398,214.58109520236133,201.06673176536955
2025-03-10,20,222.6608571741752,239.02724858561368,216.77366915555788,231.91640816510005,229.72699734659025
2025-03-10,21,218.85642832783904,231.7925845014868,215.364541410452,228.7536803121252,228.40556540542096
2025-03-10,22,213.77474600870823,224.955803977642,213.4204026135068,225.21275435396555,224.59972615117616
2025-03-10,23,216.5429453651774,218.21984711211772,208.39507213388293,219.7532287365495,219.2666467488541
2025-03-11,0,210.3832091126424,204.4978896233177,206.14150486965764,202.3572412082413,210.04564440190836
2025-03-11,1,217.96778542538848,216.13951187335093,201.40735889990157,203.35670638326246,210.53311629863146
2025-03-11,2,211.08430335097,217.9775182990589,194.450193041072,,
2025-03-11,3,214.11501120238984,233.8802061333108,202.87905132244592,209.30694423290677,211.84784971433228
2025-03-11,4,217.053632507867,237.20213640098603,204.14910549136098,210.89884822300573,212.60414993732462
2025-03-11,5,212.03901958022257,242.92559375519016,214.0540564511852,218.1525400206651,212.55161376795965
2025-03-11,6,219.4587217043941,254.65951147298296,225.98516335638618,228.24498279695314,218.33068244241122
2025-03-11,7,241.87377634458136,268.68830857690466,228.5128501446984,233.34665523875645,220.15281955383878
2025-03-11,8,241.3966394327116,243.3298423547569,177.28610942578794,194.17280463258047,200.73645145395102
2025-03-11,9,192.18995168078143,151.11290250347082,131.27566701698296,129.66637390073436,135.44883150328042
2025-03-11,10,142.91662101457214,134.14329279771093,130.40990047716045,121.57027088242863,128.78365134753645
2025-03-11,11,122.66824211826628,135.4717194997544,133.93972977345922,124.51524546044918,130.631719305657
2025-03-11,12,119.1339939681172,141.3737312065939,143.25107497587516,131.64508547242076,133.30277021236418
2025-03-11,13,126.18129907209136,143.5847625468796,144.0612849468068,132.6108237716224,133.51295031531495
2025-03-11,14,128.89886429950172,135.53393258426965,133.91844859417947,124.1973030329928,130.4932638704209
2025-03-11,15,126.55507295885998,132.914192683394,130.83480251642726,121.24120612896398,128.5586100431732
2025-03-11,16,131.59896243457317,119.95566427151812,119.6690182150489,111.72702297182985,119.24579538761509
2025-03-11,17,140.2038428654997,114.46440625162262,122.75562081243922,114.09670713916556,114.50136662495966
2025-03-11,18,158.01455356668615,117.91844997108154,171.2788201690443,141.2690927006322,131.83709404580264
2025-03-11,19,216.92986839913377,204.35377415096605,213.05783089357325,204.47274145037696,208.52809189089487
2025-03-11,20,240.3869674700653,222.6608571741752,219.88898936654073,216.84147479698018,218.51526221749054
2025-03-11,21,239.8261053970947,218.85642832783904,219.5680857094094,215.2062129103589,217.13122045586903
2025-03-11,22,240.69156370548444,213.77474600870823,218.16845051917684,212.22991304629525,214.88426117488657
2025-03-11,23,238.84286058851904,216.5429453651774,215.26215557488362,210.7612414831458,213.36916045626083
2025-03-12,0,238.60433070866145,210.3832091126424,213.43737115127925,226.1445223385672,236.85144598819363
2025-03-12,1,246.58618560943825,217.96778542538848,210.2477308667616,226.35692748557068,236.15815736727433
2025-03-12,2,246.62384414484364,211.08430335097,202.49020091066748,220.23775519723702,233.80089869350127
2025-03-12,3,251.117112189786,214.11501120238984,209.0940853405992,224.509059966259,234.9451624871829
2025-03-12,4,252.1604104779908,217.053632507867,210.37155457669635,225.9982287284953,236.26176482262758
2025-03-12,5,249.1892274982282,212.03901958022257,218.2725985208954,229.22650507281497,239.587484332253
2025-03-12,6,255.2690129449838,219.4587217043941,228.59675697660674,237.45599970996065,243.29844041342645
2025-03-12,7,264.11344611602175,241.87377634458136,233.820698304141,246.58667406291937,244.18829830809943
2025-03-12,8,247.49149616692893,241.3966394327116,192.3482763519435,221.0144312814817,226.145792722808
2025-03-12,9,183.93773917530208,192.18995168078143,140.55548967016614,171.88437430438591,189.42281054941714
2025-03-12,10,145.97464154520677,142.91662101457214,131.09165834962542,148.0238892183382,150.8607306310651
2025-03-12,11,145.4527132372514,122.66824211826628,131.91778471125252,140.9368699386517,140.47119332138203
2025-03-12,12,155.13441254028714,119.1339939681172,140.2537141623317,142.63100129529892,137.45526331300348
2025-03-12,13,152.3227974774367,126.18129907209136,142.91213909800928,146.50378147730748,137.8498302551316
2025-03-12,14,150.16324337727818,128.89886429950172,133.42007875888297,141.2785415199721,135.77977817059872
2025-03-12,15,153.38474329661193,126.55507295885998,130.01437276572955,138.7263308996965,134.51221624164697
2025-03-12,16,153.7866678187238,131.59896243457317,120.9370610124615,136.59209251872093,137.86601401577056
2025-03-12,17,159.23651305615695,140.2038428654997,122.86241280477911,143.2778580794395,143.32011774354794
2025-03-12,18,172.08684316085038,158.01455356668615,160.3826130631414,172.26135123918465,166.27838986704467
2025-03-12,19,215.84281333465228,216.92986839913377,208.62214287215983,226.02185250590182,218.73276792625427
2025-03-12,20,222.11506405677,240.3869674700653,218.50429037989858,240.54032355615007,237.09432832799342
2025-03-12,21,217.9095294349281,239.8261053970947,217.93095150819468,240.0252982638693,235.10198981474298
2025-03-12,22,217.5290285293963,240.69156370548444,216.59490742231813,239.16176706232812,232.81971899853738
2025-03-12,23,217.56533941413787,238.84286058851904,213.6906081864303,236.46607584686083,230.41567094565005
2025-03-13,0,214.04068241469813,238.60433070866145,212.41225219650613,216.16054445873922,208.72482312490158
2025-03-13,1,216.23659706546275,246.58618560943825,209.4938633558639,216.45740764227583,206.10942202673564
2025-03-13,2,216.65694519804663,246.62384414484364,201.36299213910914,212.22947155146346,203.98400361469322
2025-03-13,3,210.9422253922967,251.117112189786,208.90689473840672,216.94930891458105,204.55009057444929
2025-03-13,4,196.16893732970027,252.1604104779908,209.51183079947313,217.68161693786374,204.35043086274314
2025-03-13,5,204.73911701142328,249.1892274982282,216.75190764280615,220.9732400687776,207.99377310989658
2025-03-13,6,207.29390681003585,255.2690129449838,226.1985674254076,228.40919488983405,212.29155862318208
2025-03-13,7,219.71805896805893,264.11344611602175,233.7968923158174,234.26946863158537,212.8333645264105
2025-03-13,8,218.9462353720468,247.49149616692893,195.47160424191543,204.70372358421852,187.40856104314156
2025-03-13,9,187.5420556082464,183.93773917530208,136.5292312628649,147.76855553305543,147.50863239027984
2025-03-13,10,145.8900883218842,145.97464154520677,122.80278621951766,126.4132861505709,130.22037673096548
2025-03-13,11,123.92929015733624,145.4527132372514,124.69359626313118,126.96204598235289,129.7580957092759
2025-03-13,12,120.20981318004516,155.13441254028714,133.69352830113274,135.1794796949643,133.17209148034362
2025-03-13,13,121.0844334543134,152.3227974774367,136.0602956309736,135.2630682754592,131.9820406267329
2025-03-13,14,118.70276434273131,150.16324337727818,125.71130485260701,130.06694943372855,130.03808056734215
2025-03-13,15,125.01201143946616,153.38474329661193,121.64601661793768,129.42170761279058,130.27081364644613
2025-03-13,16,110.55823879591148,153.7866678187238,113.23725736871513,126.48944192683224,130.82740579549696
2025-03-13,17,101.83081374027138,159.23651305615695,115.67065248970802,132.64996481197795,133.24977290106398
2025-03-13,18,87.36837130163532,172.08684316085038,152.97027786642397,159.11970220298747,151.38540537034083
2025-03-13,19,155.76562412263462,215.84281333465228,207.09855710027207,207.77344166848766,212.35197041922788
2025-03-13,20,195.9156805491522,222.11506405677,218.46204137855736,216.54741215279375,220.77019042967942
2025-03-13,21,197.26851364163068,217.9095294349281,217.25107435830017,214.49043609303624,219.44859750497963
2025-03-13,22,201.74038036267137,217.5290285293963,218.15923194768985,214.34317306310396,219.88007133974182
2025-03-13,23,195.4821275027638,217.56533941413787,215.5940339442287,212.26306154740436,218.82182643713506
2025-03-14,0,196.0565924142083,214.04068241469813,213.73957018121453,204.35801828386604,194.5838350952403
2025-03-14,1,214.080078125,216.23659706546275,212.17713069717047,203.549697176856,192.55003292956422
2025-03-14,2,216.44472869260804,216.65694519804663,204.8810317528573,199.96053863434867,190.37536480347654
2025-03-14,3,221.72968164199025,210.9422253922967,211.84039245978124,201.30514269648558,192.660753836346
2025-03-14,4,221.85265855221013,196.16893732970027,212.03218809973467,196.7967036166373,194.93518459694513
2025-03-14,5,218.46674036023148,204.73911701142328,217.8418012816678,203.03500436894564,196.72202985438733
2025-03-14,6,223.4142920889909,207.29390681003585,225.81117571825598,208.5656397813537,199.2837233746784
2025-03-14,7,225.19173075874107,219.71805896805893,236.65135186764536,216.88949490716206,205.42702380833023
2025-03-14,8,227.55428182833828,218.9462353720468,207.164294906631,197.669459598842,197.94244835184233
2025-03-14,9,204.3500132380196,187.5420556082464,146.59194516342674,152.0524371295191,148.4155072126122
2025-03-14,10,210.24993479961748,145.8900883218842,127.53772965249986,126.62839862964123,125.15119129057213
2025-03-14,11,191.29099448642023,123.92929015733624,125.24413252735273,117.35459899470094,116.41111155254214
2025-03-14,12,163.41033458411508,120.20981318004516,133.37000319550637,119.98061112766837,117.71421819983937
2025-03-14,13,155.9309956117396,121.0844334543134,136.65869879637327,121.38563319486275,118.12936338111327
2025-03-14,14,140.91157467232784,118.70276434273131,128.67327086438982,116.08669888659249,115.20133402059886
2025-03-14,15,148.75194889150853,125.01201143946616,125.68616405170276,116.45660717520278,116.2940260890924
2025-03-14,16,152.1089963352642,110.55823879591148,114.51982748469594,105.23769999987937,106.62846410151958
2025-03-14,17,146.03234569997454,101.83081374027138,112.25257269077909,104.44134220426727,104.93384758565878
2025-03-14,18,154.0904464155882,87.36837130163532,139.23562313529447,116.22631170862397,103.67294442303364
2025-03-14,19,200.9586393505992,155.76562412263462,201.20122654751458,177.75169696281887,173.82691803002214
2025-03-14,20,215.8871756649741,195.9156805491522,218.29072046058727,202.2133688825942,204.06140196568674
2025-03-14,21,207.31390330245867,197.26851364163068,217.0853070730033,201.8178490911296,203.70689084863093
2025-03-14,22,199.0079037967318,201.74038036267137,217.77986479989863,203.0397770262462,205.2601333771418
2025-03-14,23,196.6801385681293,195.4821275027638,214.9670662104315,198.91068121187624,203.30818418595442
2025-03-15,0,190.57682577163092,196.0565924142083,214.3964109031212,187.54879033884635,194.82714088095432
2025-03-15,1,174.2697431018078,214.080078125,217.70625843618936,194.20185576414232,191.67490225466773
2025-03-15,2,169.5859505191642,216.44472869260804,212.87652157460658,192.431613704905,191.4119344073126
2025-03-15,3,167.50698714365566,221.72968164199025,219.62889005923287,196.9510474230752,190.07749106925021
2025-03-15,4,157.94947337408854,221.85265855221013,219.27264962065433,196.40399252475612,191.0685474421398
2025-03-15,5,151.26001617290302,218.46674036023148,221.99154111280603,197.57397807936172,189.62140828128042
2025-03-15,6,161.13376893803402,223.4142920889909,228.69039762260823,203.09358899550398,194.5399982924387
2025-03-15,7,179.12941787941787,225.19173075874107,239.35367502994313,208.117614187031,197.66777473858696
2025-03-15,8,152.17635578685906,227.55428182833828,219.32003965192484,195.56156983834234,186.85564415541302
2025-03-15,9,108.24554625456106,204.3500132380196,161.63222044362,154.2951349965349,155.1673359287612
2025-03-15,10,116.47334789290623,210.24993479961748,143.56841416730998,146.52353917653767,151.68967244106574
2025-03-15,11,119.67708070882674,191.29099448642023,137.51010635129379,135.64264766502305,147.8171998613035
2025-03-15,12,128.04221614000167,163.41033458411508,138.91154218441426,125.88467183763291,123.11351327667506
2025-03-15,13,136.6967452123887,155.9309956117396,140.112271917145,123.3986843989138,121.29236483251114
2025-03-15,14,134.07519734108848,140.91157467232784,132.50927409243945,112.97813356960032,119.88598530724973
2025-03-15,15,130.45814581458146,148.75194889150853,132.09354105538614,115.42299230007526,116.113757496731
2025-03-15,16,113.2300624966615,152.1089963352642,124.36815634067936,113.3151100828407,115.61702555153332
2025-03-15,17,95.91207308847876,146.03234569997454,120.9825232003772,112.21748215694397,114.05494252116617
2025-03-15,18,85.67522062238737,154.0904464155882,136.6244778770759,126.00436577564741,125.06861866872046
2025-03-15,19,148.9636758406197,200.9586393505992,200.42484397277028,180.4228737808148,195.1151733621521
2025-03-15,20,187.93989983305508,215.8871756649741,219.99394374213108,197.90036262642516,204.43723123822045
2025-03-15,21,186.08589366075893,207.31390330245867,217.13415124420857,193.67835361630588,202.89235516520662
2025-03-15,22,185.34877216535213,199.0079037967318,215.7975988411897,189.89703415012968,204.82837626632045
2025-03-15,23,178.3100133836233,196.6801385681293,213.19877575657105,186.93154413997138,205.00612777884479
2025-03-16,0,177.85588637696267,190.57682577163092,211.75621862118956,181.41696032630048,180.0972918516875
2025-03-16,1,173.5065191623864,174.2697431018078,217.5481954576094,178.69817925522327,180.95159387038865
2025-03-16,2,163.96184375435178,169.5859505191642,213.06221503411527,,
2025-03-16,3,174.1500904159132,167.50698714365566,219.67128844463676,177.33634230040394,179.13868384478056
2025-03-16,4,189.6899523003539,157.94947337408854,217.38408468755657,172.96607321799095,178.8701813407439
2025-03-16,5,190.8854818523154,151.26001617290302,216.54032034575445,170.67068361797308,179.694183715232
2025-03-16,6,195.61389157432885,161.13376893803402,222.67240193396668,177.60453555981397,187.58528305292083
2025-03-16,7,214.33776367122923,179.12941787941787,235.47566778090896,188.76612875284832,193.12867243069115
2025-03-16,8,170.50859280867525,152.17635578685906,220.70750924843597,166.87384346513517,164.89802745283762
2025-03-16,9,110.19658032149071,108.24554625456106,162.94328615474774,114.8708211843796,126.3082462297032
2025-03-16,10,116.7770968156688,116.47334789290623,146.20244340973278,109.21077405198778,130.525782497908
2025-03-16,11,122.63292566571256,119.67708070882674,139.54552106415005,107.14286614170352,128.4800080357056
2025-03-16,12,134.95699188989923,128.04221614000167,139.40049282416308,110.02442379979843,132.2424974417814
2025-03-16,13,134.83306965234675,136.6967452123887,140.8180949808666,113.59866175252738,136.8553261092213
2025-03-16,14,128.15230850875642,134.07519734108848,135.36865198745494,109.66607015196408,134.31340040005932
2025-03-16,15,120.32518848215096,130.45814581458146,135.88751761950851,109.03044506423062,132.5665679944729
2025-03-16,16,97.3822611796167,113.2300624966615,128.6623517911481,100.88062942694151,118.51378086090205
2025-03-16,17,73.27621075039914,95.91207308847876,122.55243476547595,94.69730272555604,108.32441323894048
2025-03-16,18,82.74526151964871,85.67522062238737,124.23972893411428,93.87223696892464,102.7923707987159
2025-03-16,19,162.30321948830945,148.9636758406197,192.2206094680289,156.15283935539503,171.45367713094743
2025-03-16,20,197.4008962426749,187.93989983305508,217.70469904768652,185.5824005285148,209.10043693190744
2025-03-16,21,201.61169809117973,186.08589366075893,214.1504226094567,182.89487442718263,207.49696301020634
2025-03-16,22,196.1185538630941,185.34877216535213,211.86402836371235,180.79775758379733,203.308850065975
2025-03-16,23,183.14837153196623,178.3100133836233,208.80618170492406,176.21853233121817,193.83701150314909
2025-03-17,0,175.39114526161728,177.85588637696267,204.57363091744597,187.843232775154,176.3941714130725
2025-03-17,1,175.09056316590562,173.5065191623864,208.3980600518335,187.1133054802219,175.60679312096144
2025-03-17,2,180.49011041385336,163.96184375435178,206.04787627986335,182.5379399701568,173.5260025134232
2025-03-17,3,186.4250642974048,174.1500904159132,210.49161630276322,187.62741404520443,179.2001821776694
2025-03-17,4,193.70411985018723,189.6899523003539,210.29674299188522,192.12206279882247,181.31333815842146
2025-03-17,5,187.1309297912713,190.8854818523154,209.92931374721633,192.39629250192542,183.3400131891513
2025-03-17,6,198.68846862838808,195.61389157432885,216.6918722191072,197.9175998467754,192.13544512196637
2025-03-17,7,208.82324859768468,214.33776367122923,230.43607175927926,210.1888269972856,197.17069425659216
2025-03-17,8,208.36858006042297,170.50859280867525,214.48620625004529,180.60962260455062,167.5169606302936
2025-03-17,9,170.8264721208963,110.19658032149071,162.510684111696,126.22672818803443,118.33010234340767
2025-03-17,10,139.44087085601188,116.7770968156688,144.63214616965234,119.0059472238635,119.01371913747255
2025-03-17,11,134.18114143920596,122.63292566571256,137.3032808390811,118.14010219175387,118.19602300878597
2025-03-17,12,138.89131759056866,134.95699188989923,137.46592764415135,123.66086758429711,122.96109030664505
2025-03-17,13,134.81934092542846,134.83306965234675,138.66201471817087,124.63646321981945,122.48627363157684
2025-03-17,14,135.0044192384179,128.15230850875642,133.77684073227908,120.44626947332796,118.5788355824948
2025-03-17,15,131.82652392396767,120.32518848215096,133.91447193808185,117.88614826863393,117.7790447851335
2025-03-17,16,112.19765252573808,97.3822611796167,125.51726476175271,105.47914564053293,105.49784705380446
2025-03-17,17,95.13642709082448,73.27621075039914,118.7080293503433,96.37959297565425,91.21201351382453
2025-03-17,18,88.79718576647274,82.74526151964871,122.55702093683966,105.24870789462014,100.67170724685586
2025-03-17,19,123.279108219105,162.30321948830945,186.44537352670213,171.61089972022063,171.49609092283728
2025-03-17,20,170.16395138350143,197.4008962426749,211.75807728440955,199.2805515556511,196.4242307876819
2025-03-17,21,172.58605144524,201.61169809117973,209.83886740798425,199.45673272114257,195.25204371688181
2025-03-17,22,169.65315095261357,196.1185538630941,207.74442120449118,196.0556248976841,190.96376140500337
2025-03-17,23,163.46401653294433,183.14837153196623,203.79597090775957,188.868083602299,186.0134900096486
2025-03-18,0,157.36184210526315,175.39114526161728,200.41552458006012,168.65579667494808,156.9357259891364
2025-03-18,1,154.4781121751026,175.09056316590562,202.53392452219848,168.80624641827336,154.94426394885863
2025-03-18,2,147.32574884792626,180.49011041385336,200.6925322962625,169.23391712216423,154.9194741058987
2025-03-18,3,138.3013820775747,186.4250642974048,203.71231032620523,172.8117714403145,155.7723434440224
2025-03-18,4,132.00347926935345,193.70411985018723,204.0827406274854,175.69775083493474,158.68107905256463
2025-03-18,5,143.2348453322236,187.1309297912713,201.95864746665646,173.03300437445895,161.377671462456
2025-03-18,6,156.15903737187242,198.68846862838808,208.69600895559367,180.71498455074337,172.88901625995408
2025-03-18,7,179.28587075575027,208.82324859768468,221.8839203336764,189.9860101104975,184.40602124159716
2025-03-18,8,158.50507207688202,208.36858006042297,209.49174020799757,178.20380460790005,173.97583296272398
2025-03-18,9,107.4785291419995,170.8264721208963,165.32690834275678,137.05622822648314,144.34704534913672
2025-03-18,10,123.83506433111144,139.44087085601188,145.38894303512393,114.68556718245603,126.34402258022409
2025-03-18,11,130.17999917995817,134.18114143920596,137.11891254471706,109.07907006194415,123.59166073950101
2025-03-18,12,133.77129158430415,138.89131759056866,137.1112971275763,111.66422706953227,124.45853390929099
2025-03-18,13,133.32157506152583,134.81934092542846,137.40981162939212,110.83010048243975,124.811561581516
2025-03-18,14,132.8290392181749,135.0044192384179,133.70119596858598,108.32041303051355,123.78407236319426
2025-03-18,15,130.13941237909268,131.82652392396767,133.75909068673522,106.74055559211166,123.56513901931419
2025-03-18,16,130.74756907673054,112.19765252573808,124.40897736949842,95.16729294325478,108.7644245527284
2025-03-18,17,117.65523932729624,95.13642709082448,115.94688947022928,87.51474882866667,97.46643943858302
2025-03-18,18,99.37623812668258,88.79718576647274,118.39684033618127,90.4438516762116,97.49728869800435
2025-03-18,19,153.57889605113482,123.279108219105,174.86327839357912,137.34245765387544,142.4225854555388
2025-03-18,20,191.1662900575185,170.16395138350143,204.2585193143133,171.1905787570256,192.98195341921044
2025-03-18,21,187.3095373188219,172.58605144524,203.228813567613,171.34964622336162,193.98337852329888
2025-03-18,22,185.9903182614069,169.65315095261357,201.4413361964777,168.7004821443237,194.0773782750298
2025-03-18,23,179.49391671902669,163.46401653294433,196.21326678886913,163.0101417081458,189.0986321654784
2025-03-19,0,190.5601350035698,157.36184210526315,192.841043579006,177.59858810117942,184.67775628337924
2025-03-19,1,206.5301752977385,154.4781121751026,193.46397120072905,176.29692557868836,187.35293332176622
2025-03-19,2,206.08248864033555,147.32574884792626,191.58416736725624,172.96483910673615,184.67645333549316
2025-03-19,3,205.5559740846768,138.3013820775747,192.88179187980305,170.71717002194697,183.02833292463077
2025-03-19,4,218.78332092330604,132.00347926935345,191.93271873626918,168.39891240507018,184.75654248170363
2025-03-19,5,223.88273477739364,143.2348453322236,192.12947971694234,172.41286029242085,190.9880377253519
2025-03-19,6,234.1150783457488,156.15903737187242,199.65319690809056,181.22392348042715,195.24924704399302
2025-03-19,7,247.24570418255152,179.28587075575027,212.9427909638434,194.708068292534,200.89561867072877
2025-03-19,8,209.97892983143865,158.50507207688202,197.65008772859332,174.17975245310936,177.74576620508861
2025-03-19,9,143.8720719234576,107.4785291419995,153.22527655150225,126.76081737491138,124.92018639565279
2025-03-19,10,134.76565853658536,123.83506433111144,142.6630063660581,125.83449800792722,129.4117195507568
2025-03-19,11,147.40412410869146,130.17999917995817,138.19202069638735,126.23619851930215,132.44184928945964
2025-03-19,12,155.76584440227705,133.77129158430415,139.20233964417443,128.3968229906192,133.19101391613324
2025-03-19,13,159.74872033503956,133.32157506152583,138.4298510564542,127.90342757268706,132.59820677031692
2025-03-19,14,153.95158419366322,132.8290392181749,134.26264952839642,125.82586412666643,130.01155062697097
2025-03-19,15,149.49993831475922,130.13941237909268,134.2711391753399,124.56166503880287,129.92808713023086
2025-03-19,16,132.6324963489895,130.74756907673054,124.28734974694946,119.5031108687011,126.34027037186505
2025-03-19,17,127.6975747438846,117.65523932729624,112.72566039334308,111.73168355750633,116.29327963099361
2025-03-19,18,124.30368606336717,99.37623812668258,110.01993813046646,106.0518676538868,108.55895034703306
2025-03-19,19,205.56222222222223,153.57889605113482,165.81313948672212,159.50363120918365,169.94690785266613
2025-03-19,20,243.206256109482,191.1662900575185,197.22699396966374,192.90162493861953,210.05894127754613
2025-03-19,21,243.05956210438933,187.3095373188219,195.7264466992883,191.03284204296142,205.76121964477113
2025-03-19,22,234.0369244624564,185.9903182614069,193.62687256160945,188.8878111177658,204.36565949925355
2025-03-19,23,226.1553090332805,179.49391671902669,187.73484623608448,182.98546095505293,195.27777268468373
2025-03-20,0,215.6609947643979,190.5601350035698,185.97758704970718,200.04574513204216,224.9111828289058
2025-03-20,1,203.68009032743697,206.5301752977385,187.74168401334336,205.1817259446794,223.87739005189758
2025-03-20,2,186.2365840475639,206.08248864033555,185.79254515232654,203.56146489665863,223.9376449533916
2025-03-20,3,177.51615601003573,205.5559740846768,186.37305786478743,203.37832941891824,223.27381309754793
2025-03-20,4,167.98881448230185,218.78332092330604,187.16456308559992,207.6291031128988,221.01614228723662
2025-03-20,5,165.9009426672848,223.88273477739364,188.5142664711088,210.5506210959097,222.97860101715744
2025-03-20,6,190.65186348707692,234.1150783457488,196.631206251057,218.7781741397164,223.81596465989634
2025-03-20,7,202.747090338075,247.24570418255152,210.53311354477623,229.68609925875126,226.8852298258626
2025-03-20,8,168.2613432104145,209.97892983143865,192.29114968066617,201.54083683494778,207.3130221908563
2025-03-20,9,111.3666046793236,143.8720719234576,147.50160980123874,148.39372841199904,140.2869081547579
2025-03-20,10,126.9151490524916,134.76565853658536,141.0617230791122,141.92147024631956,133.69518547128342
2025-03-20,11,145.28278157943407,147.40412410869146,138.47079367802164,145.6924938861341,139.18007819915033
2025-03-20,12,154.46470656415408,155.76584440227705,139.2925441958873,149.9861243728945,144.51507032302356
2025-03-20,13,164.62928671950226,159.74872033503956,139.4906971789689,151.47697395764834,145.52857000007327
2025-03-20,14,156.7593917036814,153.95158419366322,134.8038410735943,146.77117459967906,141.27634842824665
2025-03-20,15,145.64908851400162,149.49993831475922,133.71616703507524,144.50231261057206,138.38737788061803
2025-03-20,16,135.82706131078223,132.6324963489895,121.26532525127314,133.21216591195105,128.81907894991596
2025-03-20,17,109.8161851345619,127.6975747438846,108.22009777730418,128.38744450516657,124.5138368773382
2025-03-20,18,85.7496663206288,124.30368606336717,103.193772830826,128.2997119090582,123.77664940982112
2025-03-20,19,122.19192208536236,205.56222222222223,164.34448361351787,192.65845685679366,199.7879512348104
2025-03-20,20,163.57353779205306,243.206256109482,200.24002140576545,225.8639116204988,225.80847445794336
2025-03-20,21,166.758356723654,243.05956210438933,199.3193085092113,224.9898378588225,224.75990206784905
2025-03-20,22,159.74292634592095,234.0369244624564,195.98514340918948,220.06183747831875,222.75161448008484
2025-03-20,23,149.71198928332217,226.1553090332805,188.9619847531049,213.40430953457175,220.5208754206206
2025-03-21,0,140.9740614334471,215.6609947643979,186.20906024252145,167.10609994873306,136.24212970542982
2025-03-21,1,132.25698821086974,203.68009032743697,185.94789733648255,163.08886061033138,136.46281972600428
2025-03-21,2,130.01305984481832,186.2365840475639,181.44677927368616,155.206062587322,134.14980810152963
2025-03-21,3,133.49085600122945,177.51615601003573,181.59790509589303,152.2590174951901,134.90117821226966
2025-03-21,4,123.45400783185488,167.98881448230185,183.1388312502573,149.91091546947155,134.8975640226288
2025-03-21,5,132.19123180107965,165.9009426672848,182.9659558505176,149.81207715874524,133.59667577728624
2025-03-21,6,166.99173187656874,190.65186348707692,194.25377149063428,164.0234227467174,136.64902873327634
2025-03-21,7,193.7988687923426,202.747090338075,208.1086894547785,174.37122582596794,142.99812629765233
2025-03-21,8,163.97989661114303,168.2613432104145,185.05045080043297,144.14311060853774,133.98175406598344
2025-03-21,9,108.03603170790296,111.3666046793236,136.61940252567834,91.51748858715906,99.25735321082331
2025-03-21,10,97.64269549911994,126.9151490524916,138.35101746919898,95.92787952745299,109.92082796159058
2025-03-21,11,119.43986752225211,145.28278157943407,141.52129245260704,104.878633601205,117.13806253095981
2025-03-21,12,135.58200182134283,154.46470656415408,144.18610039361712,111.16995351056332,119.05999254397585
2025-03-21,13,144.68683545319584,164.62928671950226,145.71139050256733,115.72368584328447,119.37873044985761
2025-03-21,14,142.39190036033213,156.7593917036814,140.2405021251586,110.20259741827243,115.74234491079807
2025-03-21,15,137.44245017631442,145.64908851400162,136.66432090286602,104.762129029262,113.5753771369424
2025-03-21,16,129.55880565571445,135.82706131078223,124.87515703911183,95.66653657524618,107.65848170382519
2025-03-21,17,102.6882566321402,109.8161851345619,109.36086511934568,82.20710232644686,93.6899496433269
2025-03-21,18,80.47743055555556,85.7496663206288,102.96252926211079,73.78194987567909,89.42695276735945
2025-03-21,19,133.88367512455105,122.19192208536236,159.54824046533608,121.82849466015759,126.38926146523158
2025-03-21,20,165.50027457440967,163.57353779205306,195.61971529760845,157.59278422753238,162.60629758533986
2025-03-21,21,156.53596924766612,166.758356723654,194.9607146637861,158.09414639039625,162.4901671244919
2025-03-21,22,150.94788858939802,159.74292634592095,189.98550712108226,152.9064894947252,157.57516635964924
2025-03-21,23,125.454718901043,149.71198928332217,182.42339357889892,145.19778095913426,146.26492661342826
2025-03-22,0,123.13760295370632,140.9740614334471,178.34012724526983,124.8392944843036,113.0167975302829
2025-03-22,1,108.81059664387818,132.25698821086974,174.2588844916068,119.70973749138115,114.41489583651804
2025-03-22,2,100.22084657855112,130.01305984481832,169.0993980097162,116.08014875201073,115.06852370031272
2025-03-22,3,95.09089350025724,133.49085600122945,168.99235857578432,116.88322787617363,113.51381070772422
2025-03-22,4,94.47054759025738,123.45400783185488,169.0818811473494,112.93169423356707,115.02559274606811
2025-03-22,5,95.05544738847033,132.19123180107965,170.6408831992102,116.95394454711315,113.80854629239676
2025-03-22,6,109.37210186240974,166.99173187656874,186.19340574600255,136.86160799500905,117.67771066990498
2025-03-22,7,131.25496532686998,193.7988687923426,203.62399488815012,153.23067612454483,119.19979891931062
2025-03-22,8,94.68896490561256,163.97989661114303,175.96839576940505,122.8375736573837,108.43860164458286
2025-03-22,9,85.25485111329697,108.03603170790296,122.86026230709024,68.60399907674899,92.84392711814587
2025-03-22,10,105.57670772676371,97.64269549911994,122.26426899769933,63.26827080618217,102.3832453772749
2025-03-22,11,123.0221358908988,119.43986752225211,131.25684574344015,75.54426762979794,109.92688580072225
2025-03-22,12,123.7792904290429,135.58200182134283,140.21062428464967,86.0683730599407,109.02021649752054
2025-03-22,13,128.46017699115043,144.68683545319584,144.10508190848964,91.38531088225552,106.97605768996816
2025-03-22,14,119.60561991619424,142.39190036033213,140.4519772234449,89.08327507904208,102.63227107274275
2025-03-22,15,110.86673936750272,137.44245017631442,135.04867822926687,84.3812513203165,101.8792970641446
2025-03-22,16,98.19195324792088,129.55880565571445,121.65370122774756,75.79934392457317,98.4914133994125
2025-03-22,17,81.11534301970188,102.6882566321402,103.16885239536933,59.86912845021725,89.11944647044179
2025-03-22,18,67.25519767316601,80.47743055555556,92.44638413924898,50.83205121094839,79.47952533955801
2025-03-22,19,98.97492898604422,133.88367512455105,149.9661027187578,104.15128549803354,126.07597015659951
2025-03-22,20,143.63408806462624,165.50027457440967,188.42158657038496,137.70449019736657,141.67856048733813
2025-03-22,21,137.54497292891656,156.53596924766612,187.70672408452998,134.19719277707222,141.09654988832216
2025-03-22,22,133.82712297124797,150.94788858939802,183.11979066289175,129.5318114441517,140.42710761455018
2025-03-22,23,123.06532336691583,125.454718901043,172.24833362645805,115.11907758678521,127.68068412323238
2025-03-23,0,108.86704384724187,123.13760295370632,168.70595255699487,127.69089998334545,117.32377503811247
2025-03-23,1,112.08444444444444,108.81059664387818,164.90757785475972,120.68103953040355,116.28656113021518
2025-03-23,2,105.94633330679194,100.22084657855112,159.19009744677146,115.18602166513077,110.65593848174146
2025-03-23,3,113.39544854881268,95.09089350025724,158.64720234101313,113.25679900725488,112.00180875943752
2025-03-23,4,115.53291799966324,94.47054759025738,160.0134631782307,112.89311019685412,113.74127093834687
2025-03-23,5,131.12556237218814,95.05544738847033,162.61165908714838,115.03031222133124,115.85143022808079
2025-03-23,6,141.4270755422588,109.37210186240974,178.7988818780562,128.9331867061419,131.54919615348217
2025-03-23,7,159.7084755403868,131.25496532686998,196.78478738064334,144.45637046998522,146.03260725903496
2025-03-23,8,122.89630760688506,94.68896490561256,167.75591135779842,110.71753450031521,106.73429565805218
2025-03-23,9,81.57744538476678,85.25485111329697,119.57587728690967,75.34053765835765,89.41904103938933
2025-03-23,10,102.47233433146724,105.57670772676371,120.70760611682182,82.50172391449297,108.07143861265196
2025-03-23,11,119.30369201087431,123.0221358908988,131.73471076945046,94.92789342736893,110.79124983258374
2025-03-23,12,125.73938190607734,123.7792904290429,139.60163489736985,99.32751931429549,113.89718968327398
2025-03-23,13,126.52656383890316,128.46017699115043,142.9284293054556,102.10403865430237,115.28654402670838
2025-03-23,14,125.26825349849912,119.60561991619424,138.3848947341743,96.3239762003779,113.9697366958944
2025-03-23,15,115.64167668938482,110.86673936750272,132.24990587968418,90.20143842695327,110.83137452028362
2025-03-23,16,110.91150402663428,98.19195324792088,119.50539990649891,80.17037080263239,98.3901974258223
2025-03-23,17,102.6532973389896,81.11534301970188,101.0550338141155,67.925557492797,84.9074967207417
2025-03-23,18,80.89041457618167,67.25519767316601,89.81495228936024,63.0767393948198,76.04091129237023
2025-03-23,19,159.28446334751064,98.97492898604422,142.82485316810417,106.04747724734577,110.88091834724244
2025-03-23,20,216.3919082125604,143.63408806462624,182.09218488918083,142.9128459870628,156.42595135311618
2025-03-23,21,209.9304729094895,137.54497292891656,180.77230683712398,139.63889432594456,153.1703632141538
2025-03-23,22,209.64424361993247,133.82712297124797,175.759555063734,135.4371754010185,150.36844432990796
2025-03-23,23,196.85082474969383,123.06532336691583,164.3562350526427,125.11227046361222,137.61243995796298
2025-03-24,0,180.9256211946684,108.86704384724187,158.85040362417766,169.92619436183554,176.60395844910872
2025-03-24,1,181.0458526532715,112.08444444444444,156.1329957521966,168.9525221390693,179.80089689882251
2025-03-24,2,175.30582166543846,105.94633330679194,150.90216738283434,164.17404046049316,173.32030622955904
2025-03-24,3,176.8096929944429,113.39544854881268,149.9679677885702,166.00113860661327,183.37322266944068
2025-03-24,4,174.443412867886,115.53291799966324,149.41960113527486,166.07020699879715,184.74022457819268
2025-03-24,5,179.58868665239115,131.12556237218814,154.0745277328445,173.76161429989372,193.71871053979208
2025-03-24,6,201.72236114268395,141.4270755422588,171.05790815918908,186.02828281510182,198.53692960226374
2025-03-24,7,220.3463865011143,159.7084755403868,188.98060336195155,200.33919913316657,205.88447866191916
2025-03-24,8,163.2882550144895,122.89630760688506,160.95415632897127,165.1373066553629,164.33113051333163
2025-03-24,9,100.47757565232492,81.57744538476678,115.48742943880625,120.65695027220696,111.63746804496405
2025-03-24,10,99.69958253677189,102.47233433146724,118.66406861907875,130.12077849276167,119.99653413730849
2025-03-24,11,111.8463222074572,119.30369201087431,131.25910596161643,143.0113430498318,132.49938045316463
2025-03-24,12,112.1734375,125.73938190607734,138.28483347110958,148.6550505002641,133.3679937995872
2025-03-24,13,111.93703733184748,126.52656383890316,141.7417856178208,150.16012177574365,135.49041256767714
2025-03-24,14,111.10033496922956,125.26825349849912,137.97288687556613,147.2541011687436,132.5609559020909
2025-03-24,15,104.10966602440593,115.64167668938482,131.58083276643188,140.39754777323967,131.94570706363103
2025-03-24,16,95.8628822706376,110.91150402663428,121.43814888464428,134.3210021509123,121.41852613240441
2025-03-24,17,105.5527950310559,102.6532973389896,105.25176046962841,126.19327240811215,110.92622917956973
2025-03-24,18,107.59255994358251,80.89041457618167,89.54997415457922,114.27162146295728,103.00143041517822
2025-03-24,19,197.81745225518085,159.28446334751064,142.39360229084718,174.19116624284044,165.0495841235416
2025-03-24,20,248.16507436225743,216.3919082125604,184.80518659916444,218.560029073202,209.8917589041003
2025-03-24,21,237.77414743720647,209.9304729094895,181.96070323973964,214.8467076458266,207.04723098520867
2025-03-24,22,234.59691905720973,209.64424361993247,177.69179645756805,212.08650477290166,204.6813528000322
2025-03-24,23,225.89107692307687,196.85082474969383,166.3137283694609,201.52068513378762,194.9189359348706
2025-03-25,0,221.65293832629607,180.9256211946684,159.64104304318494,194.95665932842462,216.0005896283053
2025-03-25,1,218.65728441157464,181.0458526532715,156.98375139324887,193.4918536339512,215.64903125909487
2025-03-25,2,214.3958099513655,175.30582166543846,150.16155470448936,188.32115926442088,213.95438449212034
2025-03-25,3,209.9788019156788,176.8096929944429,148.59434331671852,188.40434624412086,213.1696870205625
2025-03-25,4,205.650101010101,174.443412867886,146.6680715663747,186.64832789953124,213.37868852981532
2025-03-25,5,205.85327611817127,179.58868665239115,152.99706442729016,192.01192837813088,213.37449668319897
2025-03-25,6,220.09144542772864,201.72236114268395,171.49132137551706,208.50443331855024,220.49357449810762
2025-03-25,7,228.37679054723085,220.3463865011143,190.62676591958433,223.22298719227928,229.80015001740185
2025-03-25,8,168.4086881966276,163.2882550144895,154.5141098938379,178.5312722941669,180.20094094597926
2025-03-25,9,99.06916834828904,100.47757565232492,105.43758708615319,125.77284863537561,105.61485336959488
2025-03-25,10,99.48290873301283,99.69958253677189,112.98674171633017,128.33935537428746,106.74909316013716
2025-03-25,11,91.16129032258064,111.8463222074572,128.06841749993802,140.23197916685012,116.35180884403785
2025-03-25,12,104.58718287138876,112.1734375,134.46799345817118,143.40378086377598,121.00503323295176
2025-03-25,13,103.00827596308774,111.93703733184748,138.4728851044521,144.7885790475549,123.22315027604648
2025-03-25,14,99.08503767491926,111.10033496922956,134.55801769425352,141.99786641383696,121.96992237130564
2025-03-25,15,101.98077344835148,104.10966602440593,127.62128163792305,135.64468259305417,113.31857823466532
2025-03-25,16,106.69908836408013,95.8628822706376,119.10461027677279,129.04935685279955,104.97406034212443
2025-03-25,17,118.32216688760704,105.5527950310559,106.73981303251863,129.89580589639425,110.01633856160109
2025-03-25,18,128.10989643268124,107.59255994358251,92.23502760845204,126.87204146551414,108.52153346859558
2025-03-25,19,205.20862767260056,197.81745225518085,153.04193715314372,195.0296697567862,195.66784657546353
2025-03-25,20,237.04251474224844,248.16507436225743,195.94820416755815,237.4952221556913,235.04061535491385
2025-03-25,21,238.8958975346688,237.77414743720647,191.27328838144913,231.63528277790542,233.26358754389855
2025-03-25,22,233.6788772356488,234.59691905720973,186.96947761536748,227.9717082101979,228.94611430297385
2025-03-25,23,223.65121688319056,225.89107692307687,175.23187985376555,218.41978883207432,220.70373199034123
2025-03-26,0,211.2643090106798,221.65293832629607,168.82548536047534,206.56592468076258,221.9756911234379
2025-03-26,1,197.1119966442953,218.65728441157464,166.15220456988772,203.98698924284744,220.07491641885352
2025-03-26,2,177.0122554616731,214.3958099513655,159.74299200498066,199.39130279535883,218.7165805785846
2025-03-26,3,166.0274081115336,209.9788019156788,158.83397472216194,197.78038917750652,219.9564445115501
2025-03-26,4,154.85189050333145,205.650101010101,157.18901752933863,195.40660718331142,220.10393218520184
2025-03-26,5,149.16028045002446,205.85327611817127,161.94255453956842,198.30773295313304,223.31595700857167
2025-03-26,6,166.0249810749432,220.09144542772864,180.62452252635367,212.77880136529717,228.34123828097256
2025-03-26,7,193.03303684879288,228.37679054723085,197.6397544612244,223.39814093457778,234.9807956845945
2025-03-26,8,156.63982639483754,168.4086881966276,155.9289121966587,174.57007767188378,189.89620888441004
2025-03-26,9,89.45589108684727,99.06916834828904,104.23624982990883,117.62965433969057,109.59127613836378
2025-03-26,10,72.25541600617811,99.48290873301283,109.50786234517322,119.15620620826857,109.61528219430956
2025-03-26,11,77.50366941402281,91.16129032258064,122.49431623459837,121.70368937989642,107.08618125003932
2025-03-26,12,77.80898246138888,104.58718287138876,130.29883507061183,130.18254273515822,116.93900153258602
2025-03-26,13,87.36663963614568,103.00827596308774,134.14241380467521,130.87229776869964,117.88538759524471
2025-03-26,14,97.4305346070052,99.08503767491926,129.73744604521698,127.12437619886978,114.92209497424975
2025-03-26,15,101.35860209815192,101.98077344835148,123.59861893353147,124.91299406952844,111.90894306205556
2025-03-26,16,101.5521163766862,106.69908836408013,115.66911303210843,123.93182620542788,110.31618212207599
2025-03-26,17,98.6464188278605,118.32216688760704,106.8350883982773,127.5183031669273,117.85430181640456
2025-03-26,18,89.60373787556186,128.10989643268124,96.33983593788044,130.07771065453426,129.11956699528716
2025-03-26,19,159.19594561668535,205.20862767260056,160.4176130990674,195.48340585470027,204.87043491602958
2025-03-26,20,188.3707010744248,237.04251474224844,202.50195055109106,230.71170377093443,238.14840840495617
2025-03-26,21,182.72469252601704,238.8958975346688,198.6427684122844,228.84637999768364,237.1530966365799
2025-03-26,22,170.723277385159,233.6788772356488,193.78212889740206,224.25796807287776,229.91001106338217
2025-03-26,23,145.79608237066802,223.65121688319056,181.54006559150326,214.17492528470717,216.86674268606134
2025-03-27,0,135.52711350623105,211.2643090106798,171.7832245043482,162.74483776088832,138.45172487864966
2025-03-27,1,108.09922432992856,197.1119966442953,164.80675047653867,154.92599509715973,133.63077861608326
2025-03-27,2,103.8424181528929,177.0122554616731,155.59010155088603,144.3067724287313,133.3203771763051
2025-03-27,3,111.06443277486038,166.0274081115336,153.18703672599864,139.90914543145857,132.80912003446414
2025-03-27,4,106.50410429744085,154.85189050333145,148.0559560407708,134.13510553347314,131.0052048300768
2025-03-27,5,94.29020556227329,149.16028045002446,151.26791820708712,134.40594326584196,134.1755023999402
2025-03-27,6,117.82548273844354,166.0249810749432,170.8973657733814,149.7495774982884,141.58278653373145
2025-03-27,7,156.52048795746012,193.03303684879288,189.8950876992589,166.878998452283,152.940790923591
2025-03-27,8,120.77914798206278,156.63982639483754,148.30904027714425,127.7450726577418,136.45588859103052
2025-03-27,9,78.0388219544846,89.45589108684727,96.46250971039308,71.28225289525427,87.99265588611698
2025-03-27,10,86.72499022013585,72.25541600617811,100.5778276979722,64.13491342339402,81.9289789760361
2025-03-27,11,97.02970634325816,77.50366941402281,112.50853699250284,70.22566046623915,88.73870768131759
2025-03-27,12,121.30938289772546,77.80898246138888,119.16214050762783,73.53791512702388,88.12274275337808
2025-03-27,13,136.08742855318198,87.36663963614568,123.80211656197609,78.44342974516165,96.78643436924614
2025-03-27,14,133.49131634474924,97.4305346070052,121.66301038998013,80.97021631664593,97.74510752175783
2025-03-27,15,128.58228196225377,101.35860209815192,116.72128518830185,80.70025487014797,98.59979840667401
2025-03-27,16,110.4731591817723,101.5521163766862,111.22905875035083,79.43187907945102,98.95467698024089
2025-03-27,17,93.55993529712242,98.6464188278605,102.68492326741672,78.12712475393421,94.61449107274598
2025-03-27,18,78.10219308161881,89.60373787556186,91.38270048247966,73.70750994661212,87.98347755070452
2025-03-27,19,130.47897983515628,159.19594561668535,153.79385929827643,135.9098979768007,144.63946279057245
2025-03-27,20,172.95509708737865,188.3707010744248,194.66829983179716,169.22352695286676,168.36400233392374
2025-03-27,21,160.2159689345178,182.72469252601704,190.0235013296598,165.1311668373734,169.67810737615463
2025-03-27,22,143.9940629550801,170.723277385159,184.73732217207385,158.0566134962574,162.72025378980254
2025-03-27,23,134.7604992928734,145.79608237066802,170.0601760682729,142.1274152997547,146.03190330253477
2025-03-28,0,128.94508180028512,135.52711350623105,160.33552718175295,143.48149488173758,129.12786537491073
2025-03-28,1,115.33509952742374,108.09922432992856,151.1523410483232,129.82924522868592,118.48636278731229
2025-03-28,2,81.05577534714142,103.8424181528929,143.8195064230759,124.57314975447504,120.30557542318982
2025-03-28,3,68.41643835616438,111.06443277486038,143.69393340668788,126.75387272062486,119.60721172333298
2025-03-28,4,76.83814017198083,106.50410429744085,139.2724260143621,123.16271279548177,120.81249512843648
2025-03-28,5,78.442948914041,94.29020556227329,141.03781290637116,120.25135836764296,118.46567128378685
2025-03-28,6,87.93370893392844,117.82548273844354,160.49359709500524,137.72811190089385,141.55383504730673
2025-03-28,7,133.6746355685131,156.52048795746012,183.2912873591711,160.83918591156666,167.20368101818593
2025-03-28,8,110.98739858449854,120.77914798206278,141.5258695302369,122.12770332209278,126.37167157057753
2025-03-28,9,82.50568651778329,78.0388219544846,91.70139789255893,75.25585867059718,90.92837753388652
2025-03-28,10,77.49202604098396,86.72499022013585,94.83637643620708,77.64342252699282,97.02479099634786
2025-03-28,11,99.5946779791747,97.02970634325816,105.615240530192,85.64078574322674,103.49864617843788
2025-03-28,12,113.93955223880596,121.30938289772546,114.42566569813802,98.10918397114231,118.0000010303363
2025-03-28,13,127.15734711906552,136.08742855318198,119.72470825250177,105.76469927175953,119.79585397610862
2025-03-28,14,129.78061289097124,133.49131634474924,118.33899962441839,104.44380058867232,117.87161154570994
2025-03-28,15,140.1133994566934,128.58228196225377,114.28316996662359,101.33447540051723,117.94730176578463
2025-03-28,16,124.11471485258912,110.4731591817723,107.60707273192084,92.83743666450314,104.29578814621918
2025-03-28,17,115.73429969738858,93.55993529712242,100.36260186206822,86.66967006151131,96.54212285535722
2025-03-28,18,85.88182170042575,78.10219308161881,90.29020430547824,79.74780606133477,89.73073965322509
2025-03-28,19,96.52247252149309,130.47897983515628,154.97772469110413,135.77438911805334,138.15972025466945
2025-03-28,20,130.77565507881826,172.95509708737865,196.00852258827223,173.4902598044601,177.24814726345016
2025-03-28,21,126.85892228540482,160.2159689345178,189.08887450264032,165.6861226258917,172.51111974893433
2025-03-28,22,127.9730252611796,143.9940629550801,182.48748454481088,156.3703032015046,160.75474218121144
2025-03-28,23,115.91355250709556,134.7604992928734,167.9242489267802,145.1501850355046,148.42711928400175
2025-03-29,0,113.9319435928878,128.94508180028512,158.61710151987268,125.1391560117881,115.32960275674867
2025-03-29,1,117.23294477355246,115.33509952742374,148.73492837925946,115.25258146695884,107.56386909475947
2025-03-29,2,111.0363770349032,81.05577534714142,136.82560863769348,98.49483875823555,93.22521952143657
2025-03-29,3,104.65548823446528,68.41643835616438,134.39758802882142,93.61925713537565,87.16635262474716
2025-03-29,4,95.6395477721126,76.83814017198083,132.6130163486658,95.67700360613992,92.16079220911399
2025-03-29,5,91.34742500181594,78.442948914041,133.35948677965138,96.53010571152018,92.95632351040851
2025-03-29,6,92.47561944665172,87.93370893392844,149.1995938174852,108.07130912776935,106.08808159020019
2025-03-29,7,129.70245117315503,133.6746355685131,174.7021111843383,135.28261146854925,132.58336412825503
2025-03-29,8,93.22373647864084,110.98739858449854,133.95551266928766,104.13316686153911,111.83053258199308
2025-03-29,9,82.25851788756388,82.50568651778329,88.05420572254184,65.66751253894091,86.8363751854997
2025-03-29,10,111.87144482366324,77.49202604098396,91.95770937075908,61.62729452693769,86.69657187355828
2025-03-29,11,129.3054606212501,99.5946779791747,102.7802134526095,73.4040992618981,100.87654737691274
2025-03-29,12,142.18560117842017,113.93955223880596,111.33388718634704,83.03301637736864,111.47946813821508
2025-03-29,13,148.77176558696874,127.15734711906552,117.22049563334028,89.3716676192179,114.50839430687905
2025-03-29,14,145.73480319850944,129.78061289097124,116.53738712879542,90.08462644538112,116.69192113210994
2025-03-29,15,139.1331757289204,140.1133994566934,114.66473414953487,93.09150386864042,116.11181463114156
2025-03-29,16,128.0827859710001,124.11471485258912,106.8293454743315,84.29925405940675,108.68000170877912
2025-03-29,17,104.88007703081232,115.73429969738858,102.22632229996084,82.04117424402975,107.7071784544002
2025-03-29,18,85.19425173439049,85.88182170042575,91.06226018331685,70.18917001957543,84.5914554465823
2025-03-29,19,128.31917251570005,96.52247252149309,149.64041003352443,108.49055491956979,112.64034470249432
2025-03-29,20,152.37631184407795,130.77565507881826,191.0478626603306,143.7334986673687,149.16329185461777
2025-03-29,21,159.8304510003391,126.85892228540482,184.84929636517444,138.94239388634816,145.15944076565444
2025-03-29,22,156.5027354900095,127.9730252611796,179.20536121220826,135.50230099662429,144.13353870087684
2025-03-29,23,150.62036675770582,115.91355250709556,166.5612251562163,124.73710708004725,133.7468997325216
2025-03-30,0,151.70375570375572,113.9319435928878,157.30200732547002,139.43420642930602,140.8455069960429
2025-03-30,1,158.815043070243,117.23294477355246,149.93812096921297,136.45071288558387,148.14874365881624
2025-03-30,2,151.73514674302075,111.0363770349032,138.37068441717236,127.94595672778016,137.55736003683316
2025-03-30,3,136.76731927710844,104.65548823446528,135.76395870513684,124.4493982349213,133.65559115688274
2025-03-30,4,133.7156102751178,95.6395477721126,132.78001637464513,120.73523488384699,128.06401181824785
2025-03-30,5,110.62960431381484,91.34742500181594,132.82976929584362,119.59736640417535,125.03189043354975
2025-03-30,6,120.5939141180105,92.47561944665172,146.78581061523406,127.11703712851204,129.48908564215813
2025-03-30,7,133.76189809630458,129.70245117315503,174.48032344809332,153.01867648892974,155.8886250927401
2025-03-30,8,88.64318813716405,93.22373647864084,133.7461943225774,114.18994262836377,111.83897665278957
2025-03-30,9,68.81748973254533,82.25851788756388,87.62615811886567,81.1459758626893,93.2436331131249
2025-03-30,10,92.1793903747566,111.87144482366324,92.85695752745902,91.85948770834506,106.69428703944352
2025-03-30,11,101.74080049166474,129.3054606212501,103.67783127123114,103.67357655054268,117.28423598166034
2025-03-30,12,117.9621396318166,142.18560117842017,113.9633601505438,113.70962347395833,126.5507302775223
2025-03-30,13,136.52610865134585,148.77176558696874,120.12215114702862,119.23201407546496,129.63369829819203
2025-03-30,14,140.49624657138733,145.73480319850944,120.2701275976976,117.87756638310293,128.25541992429766
2025-03-30,15,133.77159858107336,139.1331757289204,118.70279648688025,114.63946879548477,126.28847860108647
2025-03-30,16,113.915729187973,128.0827859710001,111.0994644347714,107.86005034722828,119.55893803884909
2025-03-30,17,97.12485534267712,104.88007703081232,105.62128430154804,99.65058094496639,106.5906754055478
2025-03-30,18,70.18351766663405,85.19425173439049,93.62498219206319,90.57475754601215,89.39005157306542
2025-03-30,19,123.63727121464228,128.31917251570005,153.83244482347527,140.2498011824477,138.43453757099655
2025-03-30,20,165.14909282145675,152.37631184407795,192.29675177168085,169.64519880216235,175.41838220790208
2025-03-30,21,165.42668172285852,159.8304510003391,188.03293608966334,169.65701308910073,181.68434951580932
2025-03-30,22,170.17472594735963,156.5027354900095,182.44473442917416,165.323628678839,174.53048964129144
2025-03-30,23,161.99036816424814,150.62036675770582,170.49765992632913,156.79861117480098,164.98607126906128
2025-03-31,0,152.65453554147072,151.70375570375572,163.42153759068628,172.9287044329903,168.47059187088723
2025-03-31,1,143.54918509895228,158.815043070243,156.61392077289844,171.74651255158585,169.90941230481704
2025-03-31,2,137.67158727743114,151.73514674302075,144.91194347949076,163.54442554736943,166.27873516915585
2025-03-31,3,132.3678728493172,136.76731927710844,139.10279738060768,155.945330543108,161.77785957828075
2025-03-31,4,128.42645469979936,133.7156102751178,135.37754384256723,153.3163923201417,164.68162831749788
2025-03-31,5,131.9869980879541,110.62960431381484,129.90177528750456,143.4918216536045,157.6343242909496
2025-03-31,6,151.54849055288295,120.5939141180105,143.8096446974843,153.50030018148084,170.64817404107404
2025-03-31,7,174.28167107610903,133.76189809630458,170.77366952751012,171.20605170346693,193.18550141715343
2025-03-31,8,139.7858027969552,88.64318813716405,128.85289154118868,129.5868213697211,132.10479731820618
2025-03-31,9,91.65506855006232,68.81748973254533,85.80330731140548,96.52664979836642,99.82418373054566
2025-03-31,10,82.89495692899557,92.1793903747566,91.38653696221465,104.88087151209166,106.38945681102771
2025-03-31,11,81.79447011827368,101.74080049166474,101.1688467684869,112.74948230355214,115.3443635957912
2025-03-31,12,103.31875774686682,117.9621396318166,112.85232553993512,123.98639141291292,123.68772731103722
2025-03-31,13,107.7868209452834,136.52610865134585,121.55065754880614,134.72476464773095,135.31277881231168
2025-03-31,14,109.81199405253594,140.49624657138733,122.44555517953874,136.4578625137749,135.43431742269183
2025-03-31,15,113.51677852348992,133.77159858107336,121.29278532855004,133.41736876592395,134.93999084627018
2025-03-31,16,113.57073626018595,113.915729187973,111.52863945781978,122.85831113445401,116.19841343922994
2025-03-31,17,116.48532511756122,97.12485534267712,104.83150687350341,115.70346000739116,111.94974325139846
2025-03-31,18,88.46161461169133,70.18351766663405,92.09542549069923,102.40002383002408,99.74933193232923
2025-03-31,19,122.54764790128895,123.63727121464228,148.73998880449406,154.7157841213542,164.35395800121938
2025-03-31,20,144.71620064928263,165.14909282145675,184.97634957295176,189.56308161553306,204.1826944014383
2025-03-31,21,138.16002574140612,165.42668172285852,181.67525163443037,188.30794796934453,204.22212009121046
2025-03-31,22,142.02619797711822,170.17472594735963,176.8062319045209,186.87724823118316,203.16216047046595
2025-03-31,23,132.9948841408366,161.99036816424814,165.5175946998369,178.14095413287578,194.5821558297328
2025-04-01,0,127.80116110304787,152.65453554147072,159.3828110688009,149.16751759720944,122.41312450204106
2025-04-01,1,132.52588285349597,143.54918509895228,151.2572539794243,142.24822904605787,123.33146218162264
2025-04-01,2,131.10776640577964,137.67158727743114,139.53562428120398,134.28212187075792,123.00979879720178
2025-04-01,3,132.03353241706844,132.3678728493172,132.753965931304,129.13662592561576,123.83304139790597
2025-04-01,4,132.3764519154462,128.42645469979936,128.8036926756977,126.25156434843458,126.43932950530291
2025-04-01,5,137.1598263915328,131.9869980879541,123.10153406401355,124.29750186067209,126.66621085615718
2025-04-01,6,148.32378823858082,151.54849055288295,136.64194889894128,137.43436212455302,129.71466730345276
2025-04-01,7,162.11270125223615,174.28167107610903,164.1929958953665,158.13375035878087,150.12226664663268
2025-04-01,8,135.17533519964638,139.7858027969552,125.49539836725522,122.77332447590747,121.95083051749916
2025-04-01,9,94.46046585327208,91.65506855006232,84.54294915393939,81.4301376764318,89.87251258771383
2025-04-01,10,105.94275969452065,82.89495692899557,88.98587616110373,77.83776888898373,91.39256179636375
2025-04-01,11,126.50785990071704,81.79447011827368,96.87572504146068,80.73190123746653,93.85177073224312
2025-04-01,12,126.99228079892,103.31875774686682,111.58737128948754,95.29386626970037,105.85999759170032
2025-04-01,13,123.78209831254586,107.7868209452834,120.95776949358269,101.30956439467852,112.65778059135623
2025-04-01,14,130.38292222765705,109.81199405253594,122.26150647715394,102.61852827853095,112.87526495875221
2025-04-01,15,129.43145535070553,113.51677852348992,122.63665854270491,104.60855571964231,112.57627938671963
2025-04-01,16,115.79864917429894,113.57073626018595,114.05833288489812,101.84391100271134,110.69778597494837
2025-04-01,17,101.19182879377432,116.48532511756122,106.39329688586132,102.06226560999224,105.0246328503285
2025-04-01,18,82.83447477573068,88.46161461169133,89.36243330042907,87.76313696105669,92.95058128757825
2025-04-01,19,134.34495353708976,122.54764790128895,137.98715961108095,127.93412016772379,141.67202344341027
2025-04-01,20,165.25886524822695,144.71620064928263,170.1979390425268,153.74096222371713,160.03891259145948
2025-04-01,21,157.58759689922482,138.16002574140612,167.44466282074458,149.78239416863659,157.87942163105023
2025-04-01,22,146.61547677394762,142.02619797711822,163.58184317879355,148.8982835492985,155.85802724152032
2025-04-01,23,131.6653953724892,132.9948841408366,152.24671001665973,139.80653931397717,145.24584320493236
2025-04-02,0,129.16502479788028,127.80116110304787,145.97541432262258,136.51496797130784,127.62931244553559
2025-04-02,1,151.0393053622324,132.52588285349597,138.9527680425559,134.7523051250336,126.69614556040464
2025-04-02,2,142.4817568976301,131.10776640577964,127.6373323461203,128.869173053587,125.11649581707603
2025-04-02,3,146.20481927710844,132.03353241706844,121.61892743150254,126.1720018102374,122.16869821627283
2025-04-02,4,137.660385994355,132.3764519154462,118.33602851931845,125.14080312849926,124.5749444594229
2025-04-02,5,137.82717461225073,137.1598263915328,113.2881841030652,125.03384788283658,127.21163014338076
2025-04-02,6,147.24033166656116,148.32378823858082,126.38942644334874,135.41814806631933,127.90907944172746
2025-04-02,7,162.28838107499195,162.11270125223615,154.72669742465297,153.45249360999483,134.84236205530243
2025-04-02,8,133.69379683597003,135.17533519964638,120.74777651054362,126.20484095029535,127.03226121059417
2025-04-02,9,99.0519877675841,94.46046585327208,83.88456308322269,82.35908098513838,93.11679536700177
2025-04-02,10,109.10626402614275,105.94275969452065,89.90871201274771,88.46247685651022,89.418613585705
2025-04-02,11,122.1576369086788,126.50785990071704,101.92523498119445,112.1814252146992,112.63840145082082
2025-04-02,12,130.84571350688293,126.99228079892,114.78809956484913,106.61238087949255,108.88477594497239
2025-04-02,13,132.63414960524554,123.78209831254586,123.92545840064814,109.32769401930105,115.7488591066651
2025-04-02,14,135.83712696004048,130.38292222765705,126.73263284183078,112.9816018625619,119.15884627961528
2025-04-02,15,138.34913931932863,129.43145535070553,126.55818452875546,112.53517231031012,118.98850458495339
2025-04-02,16,130.0595238095238,115.79864917429894,115.3582701435008,103.24734219881822,109.04153785096454
2025-04-02,17,110.47347124002572,101.19182879377432,103.9461057295995,95.30788511502314,100.72678700473112
2025-04-02,18,90.52138201946256,82.83447477573068,82.8945159208647,83.14691311625316,86.80373482727913
2025-04-02,19,120.63504002578844,134.34495353708976,127.86377759172225,129.165554411289,139.32981432203493
2025-04-02,20,153.90546894333085,165.25886524822695,159.94313197195225,158.04035706127394,156.73398745168646
2025-04-02,21,155.82483156881617,157.58759689922482,155.82919130139547,153.2888540040187,149.46182178730172
2025-04-02,22,146.7304083185392,146.61547677394762,151.14421454140765,147.45933192076,148.23042744116677
2025-04-02,23,134.7018544935806,131.6653953724892,139.10587837227382,136.53959718963108,145.78801995217594
2025-04-03,0,126.66151468315302,129.16502479788028,134.2469451493655,132.07638712279905,134.9638680996579
2025-04-03,1,136.85380116959064,151.0393053622324,132.37095500226118,137.73781381057356,130.19169492877165
2025-04-03,2,141.71062344809073,142.4817568976301,122.70440397982846,129.85589930468532,129.86842071412386
2025-04-03,3,138.06847991163883,146.20481927710844,118.78712902658465,129.17475598751324,127.52450264714497
2025-04-03,4,144.4862750576238,137.660385994355,115.88009930375038,125.39684391685327,129.8974188752351
2025-04-03,5,159.7195507431569,137.82717461225073,111.66916898338324,123.93855746908024,128.72535082228524
2025-04-03,6,184.0248392935156,147.24033166656116,123.70590509929414,133.0501886181665,129.2585538345672
2025-04-03,7,195.2108546142773,162.28838107499195,150.3346037426814,150.50151571028772,141.32222140097863
2025-04-03,8,138.4337754709727,133.69379683597003,117.46977228784826,119.02677740500772,128.41447250644913
2025-04-03,9,100.4605288259758,99.0519877675841,85.25543403761367,85.65964237093527,93.05477715269322
2025-04-03,10,117.67236438420822,109.10626402614275,95.17311887274265,90.54413227598752,100.3152750381079
2025-04-03,11,125.9099242450448,122.1576369086788,108.30437319471675,99.85897107599797,115.86789418069958
2025-04-03,12,139.2639756797838,130.84571350688293,122.36477542849113,110.03120133251302,128.21625442638614
2025-04-03,13,133.32419564276438,132.63414960524554,130.39224553909096,114.2990085169637,136.41424379413465
2025-04-03,14,132.04745200105617,135.83712696004048,132.2192888922644,116.6211677030557,135.82922959704214
2025-04-03,15,121.59165061519714,138.34913931932863,131.84254698892357,117.76034706925874,134.1154378036219
2025-04-03,16,122.46285808093243,130.0595238095238,119.43075691962046,109.18967074894782,124.43993508085778
2025-04-03,17,106.66212151594144,110.47347124002572,105.63568464562309,97.91372315336326,106.90091884298089
2025-04-03,18,90.99124343257444,90.52138201946256,83.02560794142195,83.63077943808733,87.21949621221479
2025-04-03,19,128.34565760620123,120.63504002578844,122.35507679302269,121.0955732809396,129.16239966739644
2025-04-03,20,167.7974892152586,153.90546894333085,155.01952738179602,151.57428454350216,153.53947506849795
2025-04-03,21,169.74142480211083,155.82483156881617,151.98635402179534,150.49041050852006,154.62414871326004
2025-04-03,22,173.01137775127938,146.7304083185392,147.71666181760483,144.99214503617657,149.64807944798613
2025-04-03,23,166.7628259516941,134.7018544935806,137.52098867554704,135.38915194165213,147.61230526118217
2025-04-04,0,159.0021128886206,126.66151468315302,132.98043103178296,146.51322583985052,146.4306585899421
2025-04-04,1,156.08489683974318,136.85380116959064,136.4787516936415,151.66096628615324,156.61148465724622
2025-04-04,2,151.49394079862262,141.71062344809073,128.11414759342816,148.67428467786706,155.31781053648479
2025-04-04,3,153.88774630133352,138.06847991163883,122.64485004612443,144.8838065631432,153.3176860586941
2025-04-04,4,160.06432827735645,144.4862750576238,121.30612369806224,146.15031170733337,151.1324990795035
2025-04-04,5,170.41680066893937,159.7195507431569,121.01621829493806,150.83431525313588,152.6121892328969
2025-04-04,6,177.3712402142563,184.0248392935156,133.16295603573303,164.68622844509233,160.72836155244025
2025-04-04,7,188.8880791254555,195.2108546142773,155.86179897936958,178.90971619588004,165.29392808499307
2025-04-04,8,140.43057737627652,138.4337754709727,119.9918619291211,134.58666043772075,132.8302277488367
2025-04-04,9,109.17256481445274,100.4605288259758,88.45853501925525,99.56124589524728,98.25861503334818
2025-04-04,10,124.50503183405216,117.67236438420822,99.59417232475299,109.43926774060112,106.38833209122336
2025-04-04,11,134.08899091860505,125.9099242450448,112.43011860925769,117.25747361035118,116.24000096338145
2025-04-04,12,136.12031531832454,139.2639756797838,124.92971725449947,128.21847591273018,132.94654619513685
2025-04-04,13,132.16085863732084,133.32419564276438,129.99749798045988,128.26376039044365,126.59844046305963
2025-04-04,14,128.74540810971556,132.04745200105617,132.01302255745108,128.40078113682165,125.99572119990631
2025-04-04,15,129.8737047761923,121.59165061519714,130.84388536791548,123.98800935014435,125.21168183155426
2025-04-04,16,121.68709238156669,122.46285808093243,121.1435710480719,121.51616638148406,119.87512826164885
2025-04-04,17,110.76038662405487,106.66212151594144,107.50742553402583,112.10176132925477,107.33739337144563
2025-04-04,18,95.88031403992316,90.99124343257444,84.86690084870133,99.67976808884276,95.8983481360948
2025-04-04,19,135.70847526564646,128.34565760620123,122.05031647460055,138.65437723633488,132.95694451319784
2025-04-04,20,178.58343646864685,167.7974892152586,154.28272625720743,171.7273331644576,162.93168958266742
2025-04-04,21,177.30223228062957,169.74142480211083,153.34713343145148,171.60046239050885,162.15396142346543
2025-04-04,22,173.4541412470272,173.01137775127938,151.8619925027762,171.08761972587845,162.08462104228786
2025-04-04,23,167.40892481452775,166.7628259516941,142.09274962680715,163.49589037737545,158.29856719025344
2025-04-05,0,151.94050458139827,159.0021128886206,137.27429261583086,145.96928061889156,152.1370418230187
2025-04-05,1,168.5237215033888,156.08489683974318,142.30015130968712,147.59731035711093,151.55841007530313
2025-04-05,2,168.1332193582325,151.49394079862262,138.17674265792544,144.4086567687974,149.50694787906053
2025-04-05,3,175.06726144838643,153.88774630133352,134.8550368954343,143.5369870833697,147.64285298531453
2025-04-05,4,184.49329569513057,160.06432827735645,133.19557914168735,144.63714438311416,148.55280935020193
2025-04-05,5,191.4912816337608,170.41680066893937,134.15533997420923,148.443247217874,149.3473809887342
2025-04-05,6,205.26084388739417,177.3712402142563,145.93974621863703,156.88219580499162,152.02917343074193
2025-04-05,7,214.7594440484676,188.8880791254555,163.7494337732185,168.48869575381804,157.64130795511227
2025-04-05,8,140.17918494635023,140.43057737627652,124.19803032794654,123.98999726638613,127.07983351904556
2025-04-05,9,109.73896983377796,109.17256481445274,92.2680890616366,90.2190136776223,96.19896393059767
2025-04-05,10,129.3371455245653,124.50503183405216,106.31031600947702,101.14721872090801,109.79980844971865
2025-04-05,11,135.84082004195196,134.08899091860505,117.35787760060488,109.27421463932723,117.52646218853701
2025-04-05,12,149.58862022184982,136.12031531832454,128.0983976944307,115.4798995060024,125.37418960725265
2025-04-05,13,153.1897612601526,132.16085863732084,130.71228534021066,114.69197351565586,127.22595386506123
2025-04-05,14,155.48495686934567,128.74540810971556,131.86513616012886,113.7262891098394,127.24858510353762
2025-04-05,15,147.2976982557094,129.8737047761923,129.38107184212961,113.30995068458077,126.2681164612219
2025-04-05,16,142.02975605397194,121.68709238156669,120.79676783792584,107.34738352240487,120.20849260725848
2025-04-05,17,120.32969076958848,110.76038662405487,106.79686652354958,99.37112557436176,103.96992522786435
2025-04-05,18,105.08643268727084,95.88031403992316,86.29525689720096,87.29850220042259,92.76636605385862
2025-04-05,19,159.52624839948783,135.70847526564646,127.64831686662247,129.7521936537716,132.4267536643622
2025-04-05,20,204.53097257841785,178.58343646864685,161.1124093128972,165.6258275880439,164.5514119642604
2025-04-05,21,205.1267154162076,177.30223228062957,160.55332057362645,164.96024420040138,164.59832896991492
2025-04-05,22,204.18963150670467,173.4541412470272,158.35929478646867,162.05510435362365,160.7640402046455
2025-04-05,23,203.50701744417296,167.40892481452775,149.44923138501176,154.82796620696865,158.82928367910912
2025-04-06,0,203.09682958238795,151.94050458139827,142.70408704276093,165.05400065214218,174.60924547187318
2025-04-06,1,207.0,168.5237215033888,149.6274051282352,173.2903210625565,182.74288602940368
2025-04-06,2,200.6174334140436,168.1332193582325,146.33343441840108,171.68780693686975,177.83663751079888
2025-04-06,3,191.14376321353063,175.06726144838643,144.9138616402802,173.2605237858935,174.99902930821966
2025-04-06,4,192.42510180337405,184.49329569513057,145.88897170211845,176.5552857552132,175.3100816349844
2025-04-06,5,203.93177867902665,191.4912816337608,148.46160520734423,180.11121806589352,177.56211265532042
2025-04-06,6,212.5167903852952,205.26084388739417,162.05192113874304,191.67461894591358,181.84953983429287
2025-04-06,7,216.3753600418958,214.7594440484676,175.900432755406,200.57761987532413,180.258847711408
2025-04-06,8,137.24851054078826,140.17918494635023,130.9059515376193,144.73454246731362,120.02427000023552
2025-04-06,9,121.22378360129974,109.73896983377796,96.19386791109578,110.85725723812328,101.27035080175489
2025-04-06,10,140.17757869055714,129.3371455245653,108.80541610960589,123.86575735159417,112.36900513528482
2025-04-06,11,148.8849832420502,135.84082004195196,118.29150037499086,130.75184834431948,112.88238811669146
2025-04-06,12,156.08165926408867,149.58862022184982,129.15597184349207,141.17509433016966,128.0381169417372
2025-04-06,13,153.37771636729053,153.1897612601526,131.34342757923693,142.93353602904085,128.51477554358326
2025-04-06,14,149.83122001370802,155.48495686934567,133.2580152559626,143.99233320136202,128.94147057228588
2025-04-06,15,144.2542003334616,147.2976982557094,130.54743220309948,139.76049206852554,126.97444294467043
2025-04-06,16,130.71358487200072,142.02975605397194,122.78919213549325,134.54533792920677,119.65934625980567
2025-04-06,17,112.96299667743844,120.32969076958848,109.0039542005176,122.27620819820454,104.55507169286645
2025-04-06,18,103.02319083542888,105.08643268727084,89.13699703332671,110.10046840781385,94.88161298929354
2025-04-06,19,154.1056458943541,159.52624839948783,132.10647056430642,157.67066615343037,149.75528877821347
2025-04-06,20,196.5812088226869,204.53097257841785,168.56307513208864,195.28007882036255,177.97419469875592
2025-04-06,21,193.2236328125,205.1267154162076,167.0242154901791,194.63576585160766,177.97301319316858
2025-04-06,22,181.84564809016908,204.18963150670467,165.1717085031394,192.57405083067414,177.36301637807065
2025-04-06,23,163.93862040958405,203.50701744417296,157.0044671973642,187.29649745139582,176.8107982765989
2025-04-07,0,157.24735073662444,203.09682958238795,150.04595473970838,165.49971607069398,151.04102498587903
2025-04-07,1,151.45424036915333,207.0,156.51097040391477,170.28195633838817,149.9408626983642
2025-04-07,2,156.22136290675616,200.6174334140436,153.31661822854718,166.96734215490872,149.0043980757434
2025-04-07,3,155.01682214405872,191.14376321353063,152.68192505976907,164.15858065188763,148.44295157302776
2025-04-07,4,155.63269788969953,192.42510180337405,154.27604192044078,165.29432827838426,148.0835848295266
2025-04-07,5,165.60175374497626,203.93177867902665,161.7904872595173,172.8066097745924,148.90641545714197
2025-04-07,6,178.2466577540107,212.5167903852952,175.18376060549804,182.82639052216922,156.56941358529522
2025-04-07,7,185.305705364746,216.3753600418958,187.70235589049048,189.17837067694475,162.98544313634275
2025-04-07,8,119.461178573306,137.24851054078826,137.84956902385133,129.00711137819084,123.9367209111231
2025-04-07,9,97.70373312152502,121.22378360129974,103.68048132091782,99.26152408227915,110.46232580556759
2025-04-07,10,119.7417873051225,140.17757869055714,115.66230015472024,111.0559201061335,116.69435019435309
2025-04-07,11,123.85517491989032,148.8849832420502,125.02638362504594,118.44967506224162,122.34228794869912
2025-04-07,12,125.11562195518026,156.08165926408867,134.60161750524523,126.35169138859301,126.17291138117545
2025-04-07,13,129.55362003266194,153.37771636729053,133.75080011008615,124.87417136015677,126.0220625733578
2025-04-07,14,121.37266004929718,149.83122001370802,134.59158289057984,123.62076465891056,127.88187580133217
2025-04-07,15,115.97180129134271,144.2542003334616,132.04494673915494,120.40109474989617,123.03257402392
2025-04-07,16,111.30651182082124,130.71358487200072,125.18888580464008,113.34259868924042,116.4269803901112
2025-04-07,17,100.41354804566416,112.96299667743844,111.2665458197692,102.70014314594447,112.22057330230442
2025-04-07,18,98.3751833635344,103.02319083542888,93.82837891458314,94.28524473334633,103.13059616596732
2025-04-07,19,144.2514674690475,154.1056458943541,136.45909551855098,140.78406377038047,139.90380730161348
2025-04-07,20,176.74799067865126,196.5812088226869,173.05337741797865,177.48800907543975,174.47096483510654
2025-04-07,21,173.3784504924077,193.2236328125,170.995208502985,175.2899417605859,171.24206909238455
2025-04-07,22,160.37287593884835,181.84564809016908,166.83898309496934,169.07716276172334,169.75670459164485
2025-04-07,23,144.6288184101396,163.93862040958405,157.28278894669788,157.92643663998197,164.6278573204499
2025-04-08,0,124.6746365105008,157.24735073662444,150.7020711961589,142.98888123271627,132.26351897107168
2025-04-08,1,128.38261095587757,151.45424036915333,157.6402640139435,144.6412159200873,135.05540418617272
2025-04-08,2,123.3220591219644,156.22136290675616,155.96658617559362,145.312585562889,133.4672370048238
2025-04-08,3,130.32818532818533,155.01682214405872,155.91748924473217,144.91072663198955,134.4703745074521
2025-04-08,4,127.1383059768682,155.63269788969953,158.1626480904265,146.07290058764949,135.5541730965426
2025-04-08,5,127.11235103671558,165.60175374497626,166.5925952105205,153.55049101952076,136.0973311954292
2025-04-08,6,149.52737752161383,178.2466577540107,178.99778449137344,164.24258213909272,149.52762116628767
2025-04-08,7,167.99050114641335,185.305705364746,189.27721793172432,170.3439952230789,162.4023312278703
2025-04-08,8,110.43088321310196,119.461178573306,134.94605127761574,113.07960045089607,121.79014027952377
2025-04-08,9,99.83421250941974,97.70373312152502,104.54457625969822,83.25890795395256,100.47293907043084
2025-04-08,10,120.92770483629717,119.7417873051225,120.92613306559554,97.78834271841693,118.38106798515635
2025-04-08,11,130.72777327935222,123.85517491989032,131.03505573956258,104.54380190034905,124.68333146268556
2025-04-08,12,133.59445794208418,125.11562195518026,137.71545524929,107.84512452242947,129.02674881802847
2025-04-08,13,133.32932072226998,129.55362003266194,136.86034283685453,108.56615751305094,126.7909862452731
2025-04-08,14,132.67797562603167,121.37266004929718,136.24310660440287,104.75019585550004,124.99526196446017
2025-04-08,15,120.6978038284612,115.97180129134271,132.3956642774196,101.367255902382,122.72643272830356
2025-04-08,16,111.8596881959911,111.30651182082124,124.8654251704451,96.98200794983379,114.56744742603082
2025-04-08,17,101.0538752362949,100.41354804566416,108.97057766664106,88.61024388253018,103.66926205800425
2025-04-08,18,86.27005804028678,98.3751833635344,95.24460302198928,85.61198961246794,97.76458406383529
2025-04-08,19,129.5600602790336,144.2514674690475,139.5596411710879,130.3181721234107,146.31448541336104
2025-04-08,20,176.6805659670165,176.74799067865126,177.62934742217416,163.7298331469295,175.5319625176885
2025-04-08,21,169.4091546006539,173.3784504924077,176.02641203884238,161.62921158815593,168.98507482130015
2025-04-08,22,160.06074487153953,160.37287593884835,169.45993708950223,153.5002007712037,162.85953747977436
2025-04-08,23,144.88564449872322,144.6288184101396,158.94477955659832,142.15789942297206,154.58706899962206
2025-04-09,0,137.3709363013268,124.6746365105008,150.25542482579505,133.6170590283807,120.48898510857171
2025-04-09,1,142.44794992974838,128.38261095587757,157.04836802856943,137.73065887257718,126.83403344796028
2025-04-09,2,138.621006967267,123.3220591219644,154.85434227790574,135.24920423731444,122.12518991282708
2025-04-09,3,136.03351955307264,130.32818532818533,155.67386823203455,138.15093484159814,129.00475078322484
2025-04-09,4,141.4717165376299,127.1383059768682,157.4143415277725,137.85791804929727,127.30521568590795
2025-04-09,5,147.51146629603892,127.11235103671558,165.15724158840376,141.70005428164595,128.41326223174474
2025-04-09,6,176.8875125125125,149.52737752161383,179.16972581752103,156.6229023665537,140.87917775759612
2025-04-09,7,189.58483056000884,167.99050114641335,190.1169036308925,167.06860803592915,149.96931386517224
2025-04-09,8,130.31809835740162,110.43088321310196,131.41112956525225,111.00334460344745,112.44984638972704
2025-04-09,9,117.88921370212128,99.83421250941974,105.31225435343357,88.05627779544399,97.52424492644704
2025-04-09,10,129.34864562971237,120.92770483629717,123.06683951442075,103.3716673419466,115.44336365915264
2025-04-09,11,129.3007911126073,130.72777327935222,131.63790050793907,110.42906137179058,127.25071434157576
2025-04-09,12,136.0661704429944,133.59445794208418,138.65862341259918,114.20590790383572,129.03983538697253
2025-04-09,13,128.79820355237388,133.32932072226998,138.22423175252942,113.39028916590948,129.38879107430125
2025-04-09,14,125.40224280838616,132.67797562603167,136.57097137559924,111.53670456831793,129.07735005956468
2025-04-09,15,117.93796668581275,120.6978038284612,131.14799977424187,104.47776056519479,120.37032354587063
2025-04-09,16,108.6619488296135,111.8596881959911,124.30271645925828,98.72180990193661,114.1062431412733
2025-04-09,17,97.55746801041784,101.0538752362949,108.95087001557258,90.83979666003157,100.49327011314526
2025-04-09,18,105.22221775328802,86.27005804028678,95.73540063121159,82.71681931457763,87.4391420084628
2025-04-09,19,170.47245828012856,129.5600602790336,138.8760849913656,125.84785866498302,125.7476939115623
2025-04-09,20,217.1073950526361,176.6805659670165,179.26101895342984,166.51739174430764,171.09246317112135
2025-04-09,21,208.97753405271536,169.4091546006539,177.71520599618938,163.19164391619705,166.24539212706642
2025-04-09,22,206.29781807877583,160.06074487153953,171.38068967487246,156.28748409020437,156.75946876951122
2025-04-09,23,210.17718078712173,144.88564449872322,160.83338657463173,145.10540456810642,143.79164822787135
2025-04-10,0,208.13700573319937,137.3709363013268,151.42769789771597,168.50191390159176,179.03757763504058
2025-04-10,1,213.31110710638555,142.44794992974838,155.82103153821456,172.1272912940632,182.3870310578395
2025-04-10,2,209.613454142494,138.621006967267,154.30280657356815,170.08088743915306,174.99175715873153
2025-04-10,3,212.7518059152242,136.03351955307264,154.22082541431516,169.7752154350543,174.41781266310326
2025-04-10,4,217.21784776902888,141.4717165376299,157.95881731966892,173.01805236443914,175.00796687079543
2025-04-10,5,219.26608084358523,147.51146629603892,166.54071182894492,179.05480911017358,185.08473728283775
2025-04-10,6,229.10358826610792,176.8875125125125,183.40503736694262,197.7554239900691,183.83692982793707
2025-04-10,7,225.84250043652872,189.58483056000884,194.01639641446633,206.20257670180732,196.71969766364032
2025-04-10,8,156.85598476339308,130.31809835740162,130.92888692545677,146.29296822672603,130.62433853562328
2025-04-10,9,120.71182763522108,117.88921370212128,108.00328662979605,124.52698705845545,108.13635687075441
2025-04-10,10,134.64044643453852,129.34864562971237,125.95860831493071,136.10854288398087,120.21703572089726
2025-04-10,11,132.265846894109,129.3007911126073,132.65835110850028,139.12687706048888,120.74786922041142
2025-04-10,12,128.28282078866343,136.0661704429944,139.40440297490082,144.72486265299452,127.91195748858101
2025-04-10,13,116.29837846106776,128.79820355237388,137.67623945926204,140.7679837436909,122.85820844488184
2025-04-10,14,112.58339111008397,125.40224280838616,135.08027363964862,137.63370439944015,118.53413702601559
2025-04-10,15,115.3010183299389,117.93796668581275,128.23211796945387,131.40229406833325,113.19400754375617
2025-04-10,16,106.96249162759544,108.6619488296135,121.24592003355681,125.47928726218743,104.22769648662862
2025-04-10,17,111.47360935524652,97.55746801041784,107.10572669705718,117.79743690555742,95.16012338852067
2025-04-10,18,120.9127184139785,105.22221775328802,97.83552002175807,119.97602322598073,99.99673282544693
2025-04-10,19,175.2525743580678,170.47245828012856,145.99571617055705,173.22006744613083,162.9647399446293
2025-04-10,20,208.77631994228776,217.1073950526361,188.28986554047341,214.51510722800253,203.64795187854207
2025-04-10,21,197.39729855612484,208.97753405271536,185.30844920817498,210.31691493502558,197.65934537122843
2025-04-10,22,185.0264629518674,206.29781807877583,179.8903196406206,205.85693182585166,193.44955125666814
2025-04-10,23,170.6735693609441,210.17718078712173,171.61557604513763,201.46923152778888,195.26556207053736
2025-04-11,0,160.93543653705063,208.13700573319937,163.06705376200833,163.57398079490724,157.17320946526942
2025-04-11,1,150.03929652773303,213.31110710638555,166.74350381489953,167.02378609602934,157.20708952169883
2025-04-11,2,139.90738255033557,209.613454142494,164.0032109584829,164.48665155539607,156.70087890154423
2025-04-11,3,147.33957043088682,212.7518059152242,164.8898719862559,166.1469918247065,156.2893164303559
2025-04-11,4,152.20328625746876,217.21784776902888,168.3490419927268,169.1854999475676,158.4462507595365
2025-04-11,5,141.42021906453522,219.26608084358523,175.04735898614896,173.30857344472471,159.9649430414186
2025-04-11,6,168.57412719513047,229.10358826610792,189.84485864874154,185.1050106661151,165.82343383826182
2025-04-11,7,178.41665140694622,225.84250043652872,198.3923458176451,187.5669243773972,168.1687571232632
2025-04-11,8,132.4018463772626,156.85598476339308,133.56063111008825,123.76009775422025,130.481313201713
2025-04-11,9,120.8456618137582,120.71182763522108,110.89632931683107,94.06734971467111,111.17271461399963
2025-04-11,10,131.74353685857545,134.64044643453852,128.38262003640645,106.6174773655492,120.34750972941455
2025-04-11,11,136.35351027942207,132.265846894109,133.5663400583666,107.5238874793448,121.11185412546585
2025-04-11,12,130.35186576508892,128.28282078866343,137.8356665618836,107.97244687655956,122.06753652414639
2025-04-11,13,111.67175905718028,116.29837846106776,135.2439798618768,101.60665514790199,114.17895415510279
2025-04-11,14,115.30960899977435,112.58339111008397,132.2996935123669,98.46480040721094,111.6238646842707
2025-04-11,15,110.11338522148554,115.3010183299389,127.33345621441697,97.32541837673162,111.4842955324686
2025-04-11,16,98.2509862251827,106.96249162759544,119.03158196879437,91.35433529665,100.92807589456821
2025-04-11,17,85.96458304899686,111.47360935524652,107.79308210267217,91.1863373190413,102.60502557841555
2025-04-11,18,79.47551379020551,120.9127184139785,102.11001644767293,96.36753880127836,107.9278169557213
2025-04-11,19,133.77728247613442,175.2525743580678,152.69670427796655,147.06185629094966,161.64540767864662
2025-04-11,20,176.28292013382517,208.77631994228776,194.1439842157633,182.98162939913584,181.3871597234055
2025-04-11,21,174.47366079373555,197.39729855612484,189.2592883158913,176.87558523815503,174.77262952487
2025-04-11,22,167.77320770959875,185.0264629518674,181.60676038356172,168.54376515211894,169.98338004526332
2025-04-11,23,159.8985103944999,170.6735693609441,172.17425367503049,158.26487342286083,168.3187488191945
2025-04-12,0,147.40574615104862,160.93543653705063,163.34324285464118,146.4066535696931,142.4868111542406
2025-04-12,1,130.11225144323285,150.03929652773303,165.87984662746953,143.79196992209134,138.47057650496188
2025-04-12,2,96.70705477487812,139.90738255033557,162.34798835158475,138.56763144877374,137.2435439878267
2025-04-12,3,91.2545676004872,147.33957043088682,163.95441829047783,141.9241115330392,136.40043077869424
2025-04-12,4,85.8801769783129,152.20328625746876,167.2260359898857,144.94777716657376,138.34104362590386
2025-04-12,5,82.22122838401908,141.42021906453522,170.9049901855198,143.3238816145676,138.27611568952733
2025-04-12,6,86.9797529420364,168.57412719513047,188.58812821743783,161.79476193670413,150.83004221628897
2025-04-12,7,101.16448326055313,178.41665140694622,196.89642757214378,167.73983781586887,161.40882713584102
2025-04-12,8,81.28453402094406,132.4018463772626,132.41366953880055,112.06864787175037,121.9608543241606
2025-04-12,9,102.65271039462124,120.8456618137582,112.56391460244615,91.55670239337863,111.29018588640324
2025-04-12,10,119.7738753093535,131.74353685857545,129.41669218276692,102.37577733341078,127.0286823446177
2025-04-12,11,126.44859813084112,136.35351027942207,133.8898428241976,105.07603642881452,130.51894253569415
2025-04-12,12,144.86430423509074,130.35186576508892,137.01160233999283,103.87581602470269,123.10427388875937
2025-04-12,13,144.1610597873453,111.67175905718028,132.31696563614244,93.80137806370232,113.49657152622575
2025-04-12,14,138.9931342015855,115.30960899977435,130.38029363951816,94.28389819232962,113.56939067558407
2025-04-12,15,127.63612417685796,110.11338522148554,124.51055342088743,90.1665214468756,108.71136940722567
2025-04-12,16,110.15201180037695,98.2509862251827,115.68356680359666,82.54594652668942,99.9473580578775
2025-04-12,17,96.09506593812908,85.96458304899686,104.25082444909245,76.82182636780172,89.41537025310143
2025-04-12,18,88.53906943329248,79.47551379020551,99.76647355485613,76.83945640936871,82.30907736926088
2025-04-12,19,115.0144795000762,133.77728247613442,152.42081959375054,128.72358840941692,137.62556629700117
2025-04-12,20,166.5342758340114,176.28292013382517,193.8153390250745,167.60507516230797,172.93038281464385
2025-04-12,21,170.51403756816805,174.47366079373555,188.8552066749064,164.30705060509538,168.34765161053707
2025-04-12,22,169.40312598342598,167.77320770959875,180.79519844964338,157.1999783787494,159.8581980535221
2025-04-12,23,161.66800920598388,159.8985103944999,171.1013373293122,148.48164909620377,152.8799892375625
2025-04-13,0,159.0288035450517,147.40574615104862,162.6954202217341,153.5990490506186,154.5038513395595
2025-04-13,1,159.6179608037708,130.11225144323285,160.39249376173296,146.44006006934848,152.6521667432006
2025-04-13,2,145.69641649763355,96.70705477487812,152.14425055396268,131.0342272137438,137.25350883287055
2025-04-13,3,131.43688901667625,91.2545676004872,151.98117631220651,129.60868183839554,128.48403146804165
2025-04-13,4,132.48862468809628,85.8801769783129,153.13844760176886,128.32911965087897,129.83018205156995
2025-04-13,5,143.06833407771327,82.22122838401908,155.29498257841382,127.90346332384507,129.07944351305804
2025-04-13,6,165.7782935921784,86.9797529420364,171.69082951095814,138.5785562770975,145.36871628801305
2025-04-13,7,172.0664406779661,101.16448326055313,180.66857603101315,146.76659679437384,151.18974110829558
2025-04-13,8,80.62025773816693,81.28453402094406,124.00014797802821,104.34102100751758,92.3984416170402
2025-04-13,9,96.13701517706576,102.65271039462124,111.55159182542376,100.2329035353435,106.52209953213445
2025-04-13,10,124.08303486587238,119.7738753093535,128.05051072345094,112.90328718255758,123.90590123264833
2025-04-13,11,135.77457795431977,126.44859813084112,132.54809683689604,117.22203813103542,124.07587844124342
2025-04-13,12,146.94658710522486,144.86430423509074,136.3367000561701,125.3798618299169,129.6902229138511
2025-04-13,13,153.6781480234863,144.1610597873453,131.0271511400271,121.48140842313244,127.57456359954301
2025-04-13,14,148.31956797966964,138.9931342015855,128.02431897269526,117.80648551255878,128.33939584740475
2025-04-13,15,132.9297138047138,127.63612417685796,121.70175712390866,110.91787908309811,124.888465077658
2025-04-13,16,112.55204086012276,110.15201180037695,111.12960333879737,100.22271948813068,109.9985072998397
2025-04-13,17,104.97050592034444,96.09506593812908,100.78873518745539,92.5949540787574,97.003705508554
2025-04-13,18,98.42969714231462,88.53906943329248,97.40256451857351,91.56229591528357,89.8336603798439
2025-04-13,19,145.92681555680485,115.0144795000762,146.06199546526315,131.28901689618553,121.50309905047503
2025-04-13,20,205.9424695977549,166.5342758340114,188.38723949015932,175.0083832447587,185.02065491677564
2025-04-13,21,209.83205752725587,170.51403756816805,183.91053841090076,174.19433457899896,184.5522177021212
2025-04-13,22,217.39628873992032,169.40312598342598,175.82569766060357,169.1810808254669,169.60860413234894
2025-04-13,23,207.4548394290812,161.66800920598388,165.12433615242804,160.41391456434204,159.6108502367956
2025-04-14,0,206.9436585065814,159.0288035450517,156.39998793068602,186.84214610270746,187.16998053619656
2025-04-14,1,222.18488460563023,159.6179608037708,153.62363101941452,185.17490423799168,185.48801690799004
2025-04-14,2,222.21499899470544,145.69641649763355,144.29839099447554,174.98680060166316,183.31293192784074
2025-04-14,3,225.1594322155935,131.43688901667625,143.45162285551302,170.05931517082408,176.77505372814954
2025-04-14,4,224.02474628110664,132.48862468809628,144.5760937281578,170.44837647304277,178.0840641251717
2025-04-14,5,225.23941131762592,143.06833407771327,146.6002047782262,174.82655479155898,182.06352914104187
2025-04-14,6,232.8634920634921,165.7782935921784,165.01390139765573,191.2977934094271,188.21232104794427
2025-04-14,7,237.10838716801945,172.0664406779661,174.33873040759462,197.27083894487714,189.98877350563635
2025-04-14,8,173.86934928035677,80.62025773816693,115.91039757765375,129.07973567738418,106.74688349431574
2025-04-14,9,138.46471108118345,96.13701517706576,107.9677677648189,125.23680481634784,98.38463942008474
2025-04-14,10,129.54360701428405,124.08303486587238,125.7512901770674,143.02355857267622,117.48306173608692
2025-04-14,11,143.25895557497142,135.77457795431977,130.6751817957917,149.25027478961493,124.15285481306364
2025-04-14,12,149.75474573922682,146.94658710522486,135.03168974776096,155.9622130605303,137.45097431106734
2025-04-14,13,151.1558854718982,153.6781480234863,131.07006994805505,155.99080835542057,140.5897088905715
2025-04-14,14,148.10871487856318,148.31956797966964,127.80836868211836,152.38488690690212,138.2867116821219
2025-04-14,15,147.05982730964814,132.9297138047138,120.08397333408756,142.85350569181463,121.12484432829106
2025-04-14,16,139.36428626335615,112.55204086012276,108.53509705138624,130.31383863969705,104.79654683033039
2025-04-14,17,128.54289443499584,104.97050592034444,99.64695079358482,125.59390731993837,99.10886894690599
2025-04-14,18,132.04157294009832,98.42969714231462,96.74635113384291,125.05999449550507,102.9803164716478
2025-04-14,19,186.3118360816036,145.92681555680485,144.89359113132755,172.15218700809945,157.4335818083957
2025-04-14,20,234.3795747647264,205.9424695977549,189.72456245802616,219.79597403354387,204.8407589738068
2025-04-14,21,230.4,209.83205752725587,186.28317051300877,219.59463305783447,206.23875133123505
2025-04-14,22,231.0665937371804,217.39628873992032,180.90436061056803,218.80188448630275,202.42421170141444
2025-04-14,23,222.8729007254298,207.4548394290812,171.3409388694991,210.16681528755404,196.67780588103423
2025-04-15,0,225.80492062626152,206.9436585065814,163.49946046925132,199.60908827199887,205.6433943867082
2025-04-15,1,225.9167068466731,222.18488460563023,163.72800876748263,203.9149948946467,205.9724949886975
2025-04-15,2,217.8355952916961,222.21499899470544,153.726053292754,198.18924392905197,203.52088158304798
2025-04-15,3,214.8393269548004,225.1594322155935,153.47199572287514,198.6168371588494,203.5602000522336
2025-04-15,4,208.435899187214,224.02474628110664,154.34638635550164,198.61739833337583,204.90883607713596
2025-04-15,5,212.83423180593,225.23941131762592,155.11987014574763,199.8378123131883,204.62559999934976
2025-04-15,6,217.96699875467,232.8634920634921,172.81630629901022,211.46829876685237,210.275457047703
2025-04-15,7,218.035634991119,237.10838716801945,181.73911352234796,216.13531400321577,208.0547016729717
2025-04-15,8,146.9123524933384,173.86934928035677,123.68299339294673,158.76895481513992,158.31775642200677
2025-04-15,9,121.11964913552502,138.46471108118345,113.79076461619867,136.89080678583142,126.48826104904968
2025-04-15,10,118.05224110225991,129.54360701428405,127.15155013551907,139.92234015010672,126.02070709081718
2025-04-15,11,112.69129198266522,143.25895557497142,133.44715046080327,147.3374183158741,132.14118069837414
2025-04-15,12,113.0585008529284,149.75474573922682,138.55156457405334,152.43275834356646,138.42683593645134
2025-04-15,13,112.02278242113778,151.1558854718982,134.15610786794596,149.98068566113665,138.8524993686267
2025-04-15,14,114.596861839424,148.10871487856318,131.62780508629922,147.2485108929872,137.75609713152122
2025-04-15,15,120.66662240223091,147.05982730964814,124.52511990813119,143.29636210423183,135.8995660835042
2025-04-15,16,119.95495178433168,139.36428626335615,112.54335054317694,135.667053062742,127.14199589788018
2025-04-15,17,120.4251453488372,128.54289443499584,103.66542884920364,130.5695708743658,116.35883137930989
2025-04-15,18,100.98526297211436,132.04157294009832,101.55583535906632,134.79537910029558,118.25008704989544
2025-04-15,19,160.01942407614237,186.3118360816036,150.90221521883558,183.60357082419267,183.8610844253418
2025-04-15,20,206.8088475194319,234.3795747647264,197.95764589889404,227.44333150834157,207.64985131185063
2025-04-15,21,207.52905139300825,230.4,194.4291061569505,224.5303132703033,206.44758385871094
2025-04-15,22,209.79715213589807,231.0665937371804,191.0034631531869,222.45682755857646,205.4429296975296
2025-04-15,23,203.5251211148005,222.8729007254298,182.51866491454055,214.79369134831845,201.614018564847
2025-04-16,0,197.2179289026275,225.80492062626152,177.94664391436,199.04069819839395,190.57008521460725
2025-04-16,1,202.59784120256936,225.9167068466731,177.66145103759627,198.5793809461377,188.11904594438252
2025-04-16,2,198.9890420643337,217.8355952916961,167.2279870312871,190.26830910669653,182.1637195276367
2025-04-16,3,194.09792871258145,214.8393269548004,165.54501595524872,188.39958519670876,182.68318951635348
2025-04-16,4,190.39729808251016,208.435899187214,165.96032824269392,186.49265066593765,181.33661348120125
2025-04-16,5,186.5481430536451,212.83423180593,167.36585311277824,188.71117370008005,182.41949398016226
2025-04-16,6,185.096114238638,217.96699875467,182.59339504658965,198.33541048473242,182.90854916182963
2025-04-16,7,187.54698318496537,218.035634991119,188.8884183573059,199.96601743506582,183.9507093900575
2025-04-16,8,126.2078542194504,146.9123524933384,128.89463186155191,137.9409766146628,130.6819143955883
2025-04-16,9,105.84119616496729,121.11964913552502,116.83154127707087,117.9896248835812,113.1634849884287
2025-04-16,10,116.0129592610464,118.05224110225991,126.74076960208517,120.62462001254849,114.58158267574979
2025-04-16,11,121.1132224861441,112.69129198266522,130.87051027556228,120.12284474105059,112.59829925253567
2025-04-16,12,128.59361283487212,113.0585008529284,135.61785641845967,122.88679960299817,113.49342613761726
2025-04-16,13,137.67461398070628,112.02278242113778,131.11231668206992,119.55417611059644,110.81458651471901
2025-04-16,14,137.0201643017177,114.596861839424,129.04478883106955,119.3484534509065,112.38809506122158
2025-04-16,15,126.89596948187986,120.66662240223091,124.52066541866972,120.01274274492461,114.09943546038124
2025-04-16,16,114.80264462809916,119.95495178433168,113.69981677008273,115.59934747264168,113.5512744541166
2025-04-16,17,103.72940958726632,120.4251453488372,106.4327531509954,115.59371736414514,112.25241725149615
2025-04-16,18,86.55275673771358,100.98526297211436,103.65800749218454,111.48106295475978,102.59015647644438
2025-04-16,19,115.96942427651088,160.01942407614237,155.25355290413682,163.6585109532378,161.36561138337441
2025-04-16,20,166.48653874039346,206.8088475194319,202.26168612066766,206.67241807227614,189.4769557212627
2025-04-16,21,176.03027835002155,207.52905139300825,199.87480569871542,205.87402859778985,189.86723943689086
2025-04-16,22,172.2793929794083,209.79715213589807,198.1086641909524,204.88888283200438,188.4498858878486
2025-04-16,23,159.83991106170097,203.5251211148005,190.89573300255162,198.32876726408398,183.88807340841552
2025-04-17,0,149.09913213543575,197.2179289026275,186.49621428597442,167.2358680948104,141.60517210938866
2025-04-17,1,142.2729055025487,202.59784120256936,186.25429264799928,168.08796721824808,141.00762951526565
2025-04-17,2,140.407977606718,198.9890420643337,175.8519920451538,160.80047814584157,135.6447538588422
2025-04-17,3,140.21418616592092,194.09792871258145,173.83993154946424,157.98063973250245,133.2950741034725
2025-04-17,4,138.22045842296566,190.39729808251016,172.94969703481965,156.19571605617918,133.85257196492938
2025-04-17,5,139.74209350911318,186.5481430536451,172.9425212210077,155.2619315414863,134.51465272964379
2025-04-17,6,161.53939393939393,185.096114238638,183.7660524360362,160.8216135958735,141.94685538735598
2025-04-17,7,165.0061016197027,187.54698318496537,188.59729730372828,162.5023988461404,151.90555447389923
2025-04-17,8,128.7128078366749,126.2078542194504,128.30745412755888,104.09479277305434,113.39278775974242
2025-04-17,9,114.78029991398977,105.84119616496729,115.1103959146203,85.67196324140562,99.36709204508419
2025-04-17,10,119.19042113955408,116.0129592610464,124.83567154941862,93.11603722838451,111.61266942337232
2025-04-17,11,118.41327705295473,121.1132224861441,129.70085761463895,96.59449052809683,116.95532207575025
2025-04-17,12,114.334583977047,128.59361283487212,134.5503481887279,101.45773423831284,121.08084597629605
2025-04-17,13,115.36100967390608,137.67461398070628,132.38037531468885,103.25051661815604,123.3847307848714
2025-04-17,14,106.68043051512896,137.0201643017177,130.70449190154548,102.32190751318217,122.85745049186747
2025-04-17,15,104.86190779689824,126.89596948187986,125.80038010382216,97.02850142740918,117.073223935862
2025-04-17,16,104.11914235190098,114.80264462809916,114.57705902700926,88.43438320262092,103.08004132750541
2025-04-17,17,93.4650825393091,103.72940958726632,107.31445909054518,83.64468648367145,96.68226873140836
2025-04-17,18,84.92621914086288,86.55275673771358,100.99094163281677,77.86990399488586,90.20476267479488
2025-04-17,19,129.6313918226498,115.96942427651088,147.4674051893343,117.92820671493402,127.03097343441476
2025-04-17,20,172.2826350793728,166.48653874039346,195.03013521891873,162.63914962448533,172.58971504764924
2025-04-17,21,164.19129082426127,176.03027835002155,195.1680548840449,166.04268889976183,171.07162080187672
2025-04-17,22,156.01815889029004,172.2793929794083,193.24888917675705,163.26850033502268,166.873977045741
2025-04-17,23,144.77088948787062,159.83991106170097,183.7046944703486,153.95264852757728,156.31247989667978
2025-04-18,0,130.10083829425344,149.09913213543575,178.06223234343673,152.6264181119329,128.26715276313172
2025-04-18,1,133.91515740853288,142.2729055025487,176.10597813316545,148.969202701839,127.15537005630445
2025-04-18,2,131.64365256124722,140.407977606718,165.96549539718578,142.79407144324472,122.60257576506498
2025-04-18,3,137.85481185481186,140.21418616592092,163.47741444242095,141.33311793958907,118.97214098362657
2025-04-18,4,140.1631234122209,138.22045842296566,161.66435569966777,139.79607399998335,119.49837496748492
2025-04-18,5,145.6979495268139,139.74209350911318,161.58195160179739,140.4069756531455,120.13415818904
2025-04-18,6,159.26534617035628,161.53939393939393,174.11402467507702,153.76849935823455,130.16514878676898
2025-04-18,7,163.6901515977751,165.0061016197027,179.90638318703887,156.42395898322727,139.74577190521742
2025-04-18,8,117.91329871302776,128.7128078366749,124.28700028088485,109.67446842075563,113.0389645233509
2025-04-18,9,88.63755290496344,114.78029991398977,114.26303481158725,96.02788322053549,104.22434697270214
2025-04-18,10,95.01446335324393,119.19042113955408,122.62852507870653,100.85334818306278,110.7134687626419
2025-04-18,11,103.56569933560536,118.41327705295473,127.72191906590264,101.66123062086207,112.89980369976246
2025-04-18,12,105.04524105539438,114.334583977047,132.55774292992555,102.21694283182566,113.20876025664299
2025-04-18,13,107.27656487039114,115.36100967390608,132.24646548795147,102.28684357537782,110.55596219502021
2025-04-18,14,105.86550189550024,106.68043051512896,129.8612118165519,97.67709817056999,105.27794694109119
2025-04-18,15,105.14876706745466,104.86190779689824,124.30907859910208,94.60360611291907,102.2444624280555
2025-04-18,16,90.33130264741276,104.11914235190098,114.1708662733386,90.1816220335686,96.99597426198608
2025-04-18,17,87.65736894164193,93.4650825393091,104.74181240255413,84.01457193829205,89.17202108443679
2025-04-18,18,100.25730672532998,84.92621914086288,95.85001316522883,81.0616335393189,78.58485943660607
2025-04-18,19,112.59060795011692,129.6313918226498,140.9500933985603,124.70602365912475,125.34483504559094
2025-04-18,20,155.68884077937415,172.2826350793728,189.81675166707373,166.8853713606343,163.3090855841712
2025-04-18,21,163.12721276492556,164.19129082426127,190.42433949377866,164.65845993675933,157.1042622881268
2025-04-18,22,168.4644118098552,156.01815889029004,189.10484573938882,160.41777262222624,150.7924851505115
2025-04-18,23,158.54240335630806,144.77088948787062,180.0043116313381,151.51275558399539,143.7192295290354
2025-04-19,0,152.41147943931443,130.10083829425344,173.65728973732283,145.65679203723295,152.86212461165843
2025-04-19,1,166.83254064030666,133.91515740853288,173.8025296875654,146.33973906466613,150.03510931893013
2025-04-19,2,170.53024700488095,131.64365256124722,164.78496254160174,141.03204669863652,142.37007555873237
2025-04-19,3,176.0679205055966,137.85481185481186,162.12244893155307,141.85153594140826,140.5891711080123
2025-04-19,4,179.4007519373897,140.1631234122209,159.94433243606093,141.66179354371465,140.02897350056648
2025-04-19,5,181.77363919750616,145.6979495268139,162.1930559535515,144.89598122200425,140.45290228065957
2025-04-19,6,188.3841578194413,159.26534617035628,172.784198814395,155.5628171977939,152.5142953535419
2025-04-19,7,174.40811171145884,163.6901515977751,177.8025975000144,157.89747559122264,158.2406266962162
2025-04-19,8,103.69822801024765,117.91329871302776,122.21720775742274,107.53259771728702,108.74979191979743
2025-04-19,9,118.99821833495302,88.63755290496344,109.66187639604513,86.00328737870419,92.87227714821682
2025-04-19,10,128.66257341163907,95.01446335324393,117.3815145779449,91.5242147390738,103.92806627568078
2025-04-19,11,137.90896994364434,103.56569933560536,123.03794607392881,95.65604194858618,111.66084458737372
2025-04-19,12,151.46034158633654,105.04524105539438,128.9425108285406,97.723483498299,113.16595831961767
2025-04-19,13,156.5383836337857,107.27656487039114,131.61858060412445,99.58929140333191,115.3938371694595
2025-04-19,14,158.19805664668183,105.86550189550024,128.51205365879846,97.49749455080071,111.38777567241436
2025-04-19,15,151.7299407646742,105.14876706745466,123.5998474342405,95.61090847527284,112.14987299288097
2025-04-19,16,136.99723016846025,90.33130264741276,113.03948290508579,86.72584365631627,99.2300498046352
2025-04-19,17,115.64979357386466,87.65736894164193,104.98363895864627,85.46097978876819,90.38070651630021
2025-04-19,18,92.02227570909434,100.25730672532998,98.81884072738946,89.8952512303467,93.20348745487448
2025-04-19,19,108.90486725663716,112.59060795011692,137.92342560912923,119.35622462048725,116.14267844707884
2025-04-19,20,181.1760453736655,155.68884077937415,186.87474033072357,162.68121430994327,163.70133736015381
2025-04-19,21,182.8882161677318,163.12721276492556,188.80341834680578,165.87025308299462,173.33876246601824
2025-04-19,22,171.93094321462945,168.4644118098552,189.20358918228263,166.6686945402641,171.15987263707592
2025-04-19,23,167.5605249745158,158.54240335630806,179.81058205445356,158.18256073406224,159.40255376112492
2025-04-20,0,154.6332978345758,152.41147943931443,174.3723944927894,148.29910069026286,151.71596571043224
2025-04-20,1,164.35261906477413,166.83254064030666,179.0482852871474,154.93879573295982,149.8513610094353
2025-04-20,2,151.31729041331354,170.53024700488095,175.33113286017357,154.19036243804348,148.0540946238355
2025-04-20,3,138.95896147403684,176.0679205055966,174.23864220371158,155.86277027978835,145.22785609589332
2025-04-20,4,139.76448661470687,179.4007519373897,173.3044145730719,156.71608433171082,146.1459185044005
2025-04-20,5,153.0570617092693,181.77363919750616,176.41482892690678,159.50762567772293,148.91235981783808
2025-04-20,6,175.7259456914142,188.3841578194413,187.27054236831,168.00051597243862,155.010667457089
2025-04-20,7,171.36471775647033,174.40811171145884,188.26597299300096,161.06267064684354,150.41075891409852
2025-04-20,8,114.31694281133085,103.69822801024765,125.41916404160897,95.71780415898854,93.21004847722034
2025-04-20,9,127.5742014100444,118.99821833495302,111.99694895894969,89.84002677308214,99.67520602077076
2025-04-20,10,133.19779405712404,128.66257341163907,118.65132859255712,95.93549174103549,112.05621936989903
2025-04-20,11,144.06714212537926,137.90896994364434,124.67514204718643,101.97893550594921,118.8088289139805
2025-04-20,12,142.36529571178065,151.46034158633654,129.8848018787186,109.01754060339084,129.32639616993336
2025-04-20,13,149.64359326691857,156.5383836337857,133.3867697250445,112.21340159286216,129.12429204872703
2025-04-20,14,156.77023326093115,158.19805664668183,131.25561400809792,111.47675627823611,127.49230417248981
2025-04-20,15,144.41750676174084,151.7299407646742,127.04182123249997,107.56576459523501,125.37736044547135
2025-04-20,16,122.33996454599172,136.99723016846025,116.87451410052624,97.73733155173235,111.79772260185405
2025-04-20,17,103.00876854885334,115.64979357386466,107.77717147803708,87.98481767693222,95.69684996709381
2025-04-20,18,85.29060161337351,92.02227570909434,99.31644162393259,79.34091569896815,85.48079586418471
2025-04-20,19,122.64962067996628,108.90486725663716,137.0506238600665,108.84416541582769,100.4472055002239
2025-04-20,20,191.133509405487,181.1760453736655,188.96642169353132,165.88909781463238,162.91827839868822
2025-04-20,21,199.2461313258051,182.8882161677318,190.57115814674347,167.60743565761652,168.19529336436457
2025-04-20,22,193.85930026334177,171.93094321462945,189.56470592959735,162.79650370009935,165.75262499424036
2025-04-20,23,176.21925725528774,167.5605249745158,180.65237002138673,156.21750175853808,155.40654496359926
2025-04-21,0,166.07511349566653,154.6332978345758,173.74446510557854,167.62436524585516,153.94373625368976
2025-04-21,1,167.29574737469278,164.35261906477413,179.72466503871925,173.43885101365782,156.1703821333536
2025-04-21,2,176.62554260909295,151.31729041331354,176.13411484812784,167.71072484243373,152.42780074366954
2025-04-21,3,177.49218261413384,138.95896147403684,175.3132239833345,163.69384737412014,148.71882298846043
2025-04-21,4,180.02927678430132,139.76448661470687,174.34382341973057,163.75877488461563,149.18677173092377
2025-04-21,5,177.17013617154484,153.0570617092693,177.8417900171291,170.15121638483643,159.20985079265066
2025-04-21,6,197.03073034455235,175.7259456914142,188.69163552534366,183.64176128992852,171.57338033489387
2025-04-21,7,182.37922046432683,171.36471775647033,188.16572686135868,178.6889255121853,163.18613781302392
2025-04-21,8,108.47342995169082,114.31694281133085,130.2329761949181,119.86838058729847,114.76124865294508
2025-04-21,9,104.11201324294498,127.5742014100444,116.48797556366091,114.38910157561648,115.15068267252042
2025-04-21,10,111.48872347516942,133.19779405712404,119.95343704845023,117.85594580224821,118.8273301287237
2025-04-21,11,122.31476473769604,144.06714212537926,125.85979407162348,124.35936628089858,132.45189318747495
2025-04-21,12,123.71338455860148,142.36529571178065,129.2303316796551,125.40018475595424,131.39320951436318
2025-04-21,13,123.46143464471288,149.64359326691857,132.81040475982053,129.86077302291463,133.5181224961053
2025-04-21,14,128.05261185129655,156.77023326093115,132.46285190542102,132.36004572270937,133.02776024517965
2025-04-21,15,117.8158864132184,144.41750676174084,128.68293451207526,125.90257659652664,132.49034997093133
2025-04-21,16,102.11908997993716,122.33996454599172,118.27278891279323,112.97983230653799,113.70855689394888
2025-04-21,17,87.91351482545204,103.00876854885334,107.49692328210979,103.00575080884734,101.6913332649939
2025-04-21,18,86.10233258088789,85.29060161337351,97.439427976941,94.16421015997565,96.93999005201326
2025-04-21,19,142.29891874629317,122.64962067996628,133.72531030623242,131.0865458402484,123.22011045105629
2025-04-21,20,208.976472152067,191.133509405487,186.85085595177875,187.69518939528118,191.12295245334755
2025-04-21,21,208.6990351696234,199.2461313258051,189.05888297510765,191.7423422914238,193.18540896298995
2025-04-21,22,204.04657794676805,193.85930026334177,186.2022790043719,187.74310143066558,183.92084219367752
2025-04-21,23,191.26043405676128,176.21925725528774,176.19014399655907,176.6975767862548,167.68541808939798
2025-04-22,0,188.29156327543424,166.07511349566653,167.90610153259072,172.77302943014902,164.81442201417065
2025-04-22,1,194.06852248394003,167.29574737469278,171.88335972001394,175.20440989038863,160.76263245435936
2025-04-22,2,192.17757192249985,176.62554260909295,169.6213353644689,177.0527954595175,160.92584946529502
2025-04-22,3,194.2959223810148,177.49218261413384,168.50361689741172,176.671851865876,159.1601018283622
2025-04-22,4,192.3236074270557,180.02927678430132,168.05875634875838,177.4759150447157,159.6860613498658
2025-04-22,5,197.1454314890209,177.17013617154484,170.97475071054606,178.68555906779864,160.5197330189914
2025-04-22,6,212.39031862745097,197.03073034455235,183.57266956549515,192.2903945565455,170.87710027595028
2025-04-22,7,213.3266074057916,182.37922046432683,180.34727447511688,183.80497660064648,165.216868711272
2025-04-22,8,127.44840018026136,108.47342995169082,120.89070200510868,119.55115464921991,105.37856764260142
2025-04-22,9,97.20373250388802,104.11201324294498,111.58044730105541,108.27050590997223,95.66006509846339
2025-04-22,10,107.90956014362656,111.48872347516942,117.37416797143385,112.61800380767994,102.5832698936772
2025-04-22,11,114.54089437546692,122.31476473769604,122.86776680915558,119.02089086079148,110.31669384924854
2025-04-22,12,118.45637109319756,123.71338455860148,125.51013722528009,120.68912760642783,113.69735667828448
2025-04-22,13,115.84321886923344,123.46143464471288,128.8540546416512,121.72395445335991,114.39358087161581
2025-04-22,14,120.45298049011004,128.05261185129655,129.5976943300972,123.49960331889679,114.60675974626025
2025-04-22,15,116.67930917710802,117.8158864132184,124.50522866972815,117.38122826265845,110.53511990533495
2025-04-22,16,110.75800281860278,102.11908997993716,112.95204658659053,106.79394415605466,95.44093470348648
2025-04-22,17,105.05497841338372,87.91351482545204,101.69272619503208,99.05584412161875,86.15492442271412
2025-04-22,18,91.94578150872194,86.10233258088789,90.87667935419665,97.24941237915414,85.52501704944689
2025-04-22,19,159.36453265596074,142.29891874629317,127.43775068690236,140.96264581783782,133.1886986625495
2025-04-22,20,221.32114665558788,208.976472152067,183.2218412928274,196.77990539595146,183.55523382086596
2025-04-22,21,225.5827332174489,208.6990351696234,185.9587451421967,198.23193274135286,180.74876520302047
2025-04-22,22,211.8457625579072,204.04657794676805,182.34227674859866,194.34753729292413,175.12471396876242
2025-04-22,23,201.06102706596687,191.26043405676128,171.67407732960643,184.2338607836982,169.6071459094102
2025-04-23,0,186.42783268214205,188.29156327543424,162.5470504824725,180.8762773901188,175.16061294633343
2025-04-23,1,195.69527494430767,194.06852248394003,167.33361909676637,184.7230264843238,173.40477729589875
2025-04-23,2,188.6511372644673,192.17757192249985,165.95590345458373,183.55365710737266,170.34930104708636
2025-04-23,3,194.33961139587555,194.2959223810148,165.56884481544233,184.18423001897438,171.47065238572614
2025-04-23,4,190.5531786682736,192.3236074270557,165.75700038302148,183.82956779537457,170.60551670060306
2025-04-23,5,184.747985083604,197.1454314890209,168.73349352241618,187.330864370717,173.8645102066046
2025-04-23,6,190.23082608448465,212.39031862745097,182.77600097589246,200.3533453864457,178.15333249742292
2025-04-23,7,184.29824126826853,213.3266074057916,179.67455624864155,196.69801698390341,177.17809020196202
2025-04-23,8,116.17944890466777,127.44840018026136,118.11013738895481,127.27272605737082,118.6493662897554
2025-04-23,9,107.4840203495956,97.20373250388802,108.16388778225014,105.8129036639337,96.89738971507776
2025-04-23,10,103.265201512142,107.90956014362656,115.92521354877194,112.46214077705488,102.4953872187761
2025-04-23,11,108.6202701058523,114.54089437546692,123.13199572241297,117.88562710107789,106.27267094872921
2025-04-23,12,117.6120199146515,118.45637109319756,126.28126154531853,120.67431617991281,111.55466422530509
2025-04-23,13,114.59780259914172,115.84321886923344,129.39983127709345,120.66183358663594,108.95596702682712
2025-04-23,14,118.6090724201963,120.45298049011004,130.43428270876663,122.5654839515169,114.63848118850018
2025-04-23,15,116.23215065161811,116.67930917710802,123.93561249471061,118.58759858551309,107.24376129286895
2025-04-23,16,108.05656649682854,110.75800281860278,111.63819673434354,111.96183491044107,103.42386236475355
2025-04-23,17,98.88248722687248,105.05497841338372,99.49698806139587,107.22020744161782,99.76470998428938
2025-04-23,18,97.23780783130286,91.94578150872194,89.58532485942631,102.03698449211818,93.89255762425135
2025-04-23,19,142.93337289141306,159.36453265596074,127.34419476973356,150.5803953482763,149.1127894629774
2025-04-23,20,200.21872265966755,221.32114665558788,185.29502688370684,204.6589157991197,188.01432591311186
2025-04-23,21,205.7865121707236,225.5827332174489,188.5378425456882,207.62608893837893,189.10245061503147
2025-04-23,22,193.82240232568384,211.8457625579072,182.6349353803143,200.12410568394893,180.59605770812226
2025-04-23,23,174.35457230091598,201.06102706596687,171.32206389405877,190.53046136387172,174.30040682464727
2025-04-24,0,166.1330155979203,186.42783268214205,161.00560816526033,166.11004308802507,150.18758390230866
2025-04-24,1,170.70413904517855,195.69527494430767,166.347538202729,171.46160328755062,150.79072270090546
2025-04-24,2,174.10540756830915,188.6511372644673,164.47905991174568,168.2058713799821,149.86164864061848
2025-04-24,3,178.04350403034613,194.33961139587555,165.60337091305578,170.4763386853804,149.90426435813188
2025-04-24,4,183.48560019361085,190.5531786682736,165.77926903813054,169.42554108158313,150.27531674431106
2025-04-24,5,187.7653399668325,184.747985083604,168.4763280981246,169.56713787269962,150.8283259481824
2025-04-24,6,191.5741046831956,190.23082608448465,183.5095312395848,179.61543152011333,156.4262350469844
2025-04-24,7,176.38015237351044,184.29824126826853,179.210450260542,173.39823977219714,153.51490019334338
2025-04-24,8,114.37092528851994,116.17944890466777,116.67750805827157,109.96268444096691,107.33103037288512
2025-04-24,9,108.85572632622709,107.4840203495956,108.39857695148274,96.82578033575014,95.83869683941398
2025-04-24,10,107.1121366535269,103.265201512142,114.10410529892843,97.39228456173916,96.24756700410404
2025-04-24,11,108.8018304071722,108.6202701058523,121.34728823951413,102.42840388163725,100.7465751705382
2025-04-24,12,109.53701973970982,117.6120199146515,124.71246255671556,107.58967645015568,109.4722590856077
2025-04-24,13,110.0487172186897,114.59780259914172,126.10314393686994,106.81590487000582,108.37730054777099
2025-04-24,14,109.489121365766,118.6090724201963,127.80412672569216,108.78584369187857,110.38999250683986
2025-04-24,15,100.1734239512538,116.23215065161811,122.41220980467321,105.78934066508774,105.37230721084072
2025-04-24,16,97.56080465409688,108.05656649682854,110.67447128701916,98.17500517931713,94.80475879431857
2025-04-24,17,106.06193015654569,98.88248722687248,98.8045705813396,92.04210280257391,92.4205459264732
2025-04-24,18,106.61476763387591,97.23780783130286,91.11176072993906,91.3690260550677,92.45905243081882
2025-04-24,19,168.25756280977612,142.93337289141306,131.1961874290053,133.00461770446736,126.81484353203483
2025-04-24,20,214.2528536838464,200.21872265966755,190.11391030074597,185.9453166086843,178.3334735001203
2025-04-24,21,220.91266413268832,205.7865121707236,192.7887330915028,189.07523234745824,178.41876659186738
2025-04-24,22,221.00297142857144,193.82240232568384,185.71250814406793,181.3876454461621,167.33688497785803
2025-04-24,23,215.96912786210444,174.35457230091598,173.39558692823235,168.64626701155663,154.5998578567817
2025-04-25,0,210.69308023396977,166.1330155979203,163.4390200884724,188.6639487523271,186.12720869941566
2025-04-25,1,215.3782699587548,170.70413904517855,170.40914299453325,193.4264211220666,184.21591198994946
2025-04-25,2,213.53733098177543,174.10540756830915,169.29297847768729,193.63901320263565,181.71045822759197
2025-04-25,3,211.82767464582315,178.04350403034613,171.00755917940225,195.7215314043351,183.87396972619743
2025-04-25,4,212.959942432238,183.48560019361085,172.24571786250843,198.07842081774078,187.84675906343827
2025-04-25,5,214.8873913814506,187.7653399668325,175.3367918777988,201.2609025359225,190.0988555513459
2025-04-25,6,219.9224763275929,191.5741046831956,187.80020420298504,209.22511963039665,192.34278771888
2025-04-25,7,211.4800969892908,176.38015237351044,180.83531465394313,198.52675241263586,187.8704722161442
2025-04-25,8,131.90609253321117,114.37092528851994,114.62866769424944,135.8436861484133,113.26701452200349
2025-04-25,9,117.81622911694512,108.85572632622709,107.55220929608808,124.33921416548975,100.26818326738973
2025-04-25,10,115.22787540218506,107.1121366535269,112.37863608663885,124.57152969971837,98.0790900669745
2025-04-25,11,102.40947434338968,108.8018304071722,119.97422443297377,128.41078143245616,99.664450330445
2025-04-25,12,113.99890148945109,109.53701973970982,124.02709623709599,130.93800394044763,104.23144394991311
2025-04-25,13,115.34842055634137,110.0487172186897,125.34424501469617,130.95134171125744,104.00950017304629
2025-04-25,14,107.08462809917356,109.489121365766,128.20536827578317,131.97101985390108,105.90294618600429
2025-04-25,15,117.02091254752852,100.1734239512538,121.74242639815257,125.61746126672638,98.91150596559461
2025-04-25,16,114.64902263720025,97.56080465409688,109.7375659016186,120.30053678753896,97.82918495570908
2025-04-25,17,105.03974028881674,106.06193015654569,100.60412024094482,122.4185309125622,99.7538009243489
2025-04-25,18,104.35217629923586,106.61476763387591,94.21012480036948,123.70775066636963,102.86473623537397
2025-04-25,19,155.66307894608678,168.25756280977612,136.71421185573763,171.8146278468558,160.45201607475943
2025-04-25,20,218.1425136409877,214.2528536838464,196.10965581567078,221.02173333273169,207.13687070958204
2025-04-25,21,226.92785783343308,220.91266413268832,200.89178642127808,225.3447518603221,207.43510234166328
2025-04-25,22,229.7821868632968,221.00297142857144,194.99605279239384,221.81567138376892,205.5075350144563
2025-04-25,23,228.1811967609633,215.96912786210444,183.56676383883718,213.7791357505145,197.0397294510654
2025-04-26,0,227.567046450482,210.69308023396977,174.95219750843188,199.2386535769778,211.17215963258423
2025-04-26,1,231.290595706078,215.3782699587548,182.0467305017078,204.07579624714322,209.38652215340767
2025-04-26,2,232.5341079704941,213.53733098177543,180.9920753949056,202.80023979317218,204.64964445338302
2025-04-26,3,235.8171301135968,211.82767464582315,181.57511100668958,202.47257693101665,203.00296136892985
2025-04-26,4,233.2501472320377,212.959942432238,182.6452634367966,203.51816618113233,202.1549659775209
2025-04-26,5,232.73502994011977,214.8873913814506,185.22099785703261,205.87229411399147,205.14972254469737
2025-04-26,6,231.0050645552465,219.9224763275929,196.46550851116172,213.8251961099175,208.1832090240149
2025-04-26,7,202.7102158634538,211.4800969892908,187.66244970987393,204.3135649354636,204.57882282090466
2025-04-26,8,132.41666666666666,131.90609253321117,116.62763823998992,134.59452307335656,117.8990334569863
2025-04-26,9,125.32379713914176,117.81622911694512,111.72059161208547,122.33763133241018,107.2045477982613
2025-04-26,10,108.6037407568508,115.22787540218506,115.26626637934473,121.45904752531459,106.25668460131297
2025-04-26,11,98.94709476147146,102.40947434338968,119.80904943408582,118.00220227057856,97.32682193276888
2025-04-26,12,117.88804673930208,113.99890148945109,125.30619058481838,124.26944469637316,105.95507440752294
2025-04-26,13,124.28677728997694,115.34842055634137,126.49736725554621,124.7441143910082,105.94075757875731
2025-04-26,14,118.79474940334129,107.08462809917356,128.3795291620222,121.82034030994413,98.83470186690329
2025-04-26,15,114.8066935949221,117.02091254752852,123.43844718102027,123.25099893063128,103.20263222824272
2025-04-26,16,118.4824934893142,114.64902263720025,113.21152590015966,118.99405847603293,101.48132403669906
2025-04-26,17,104.62520150456744,105.03974028881674,103.0873161476841,114.39818212540808,96.74609128336454
2025-04-26,18,100.89428806246148,104.35217629923586,94.79510616807033,114.6942918071432,97.39630445177794
2025-04-26,19,144.92625368731564,155.66307894608678,142.86742199801904,162.4694605568876,155.03977370492484
2025-04-26,20,200.8440886565376,218.1425136409877,205.03160908161558,218.30463107033603,209.38181664391394
2025-04-26,21,209.2403241283719,226.92785783343308,210.00616428820777,223.49473800563146,214.37262152127286
2025-04-26,22,210.21616852321608,229.7821868632968,203.75573494288548,220.6560126582412,210.82110582341173
2025-04-26,23,203.6596750369276,228.1811967609633,193.51516289664505,214.25082970583554,207.9004704710522
2025-04-27,0,205.22190201729103,227.567046450482,185.68870708145582,192.54558760784064,190.7116602430494
2025-04-27,1,222.861221047168,231.290595706078,191.2550240825323,196.35913794877524,190.3006725478863
2025-04-27,2,213.9292744179733,232.5341079704941,189.84976981856462,196.05165446692737,187.19618638756825
2025-04-27,3,209.08877674319425,235.8171301135968,190.11071237926103,197.1655167457818,185.67228410261157
2025-04-27,4,210.23511793335828,233.2501472320377,190.33803419317488,196.5684825179839,184.95152721449625
2025-04-27,5,218.68911837237977,232.73502994011977,192.50119653454885,198.04031956859467,186.43622592477215
2025-04-27,6,216.933009266292,231.0050645552465,202.5542094734196,203.43472368358243,186.6326105811815
2025-04-27,7,191.17527862208712,202.7102158634538,191.7056074458732,186.16317379736245,175.26899312736262
2025-04-27,8,117.80219159511977,132.41666666666666,120.73027233376408,118.71144300171778,112.94652037296301
2025-04-27,9,120.6180150921769,125.32379713914176,112.62424572696956,107.4023694691757,106.5641493011299
2025-04-27,10,113.76438307665072,108.6037407568508,112.40071885723212,100.86952305328586,98.97053099146004
2025-04-27,11,120.06895355392687,98.94709476147146,114.24306726520398,96.7844893247006,96.06923143317249
2025-04-27,12,126.05462576488227,117.88804673930208,120.51014846381347,106.687900219956,106.17167637373535
2025-04-27,13,121.56967326458852,124.28677728997694,121.88999492071638,109.28894103316608,108.18122646498597
2025-04-27,14,121.2597062965198,118.79474940334129,122.75048527011641,106.99515303071355,105.29336395047343
2025-04-27,15,111.75468483816012,114.8066935949221,118.1636975853414,103.80506392248734,102.81127204758795
2025-04-27,16,112.61268851630298,118.4824934893142,110.5665635174245,103.32060747112425,104.45230420810778
2025-04-27,17,106.17296711951172,104.62520150456744,101.51237442349877,96.68791187119069,94.9926371205504
2025-04-27,18,88.3602178694878,100.89428806246148,96.06253650426564,96.3260428962979,92.8184775401138
2025-04-27,19,131.2236383380008,144.92625368731564,148.0133343452588,144.0829518302077,138.35046512204394
2025-04-27,20,185.04303112313937,200.8440886565376,207.8413295505973,197.1035475264398,187.02784218905677
2025-04-27,21,192.2786458333333,209.2403241283719,213.77075113972776,202.5693367930186,192.05214589976046
2025-04-27,22,188.31540634506737,210.21616852321608,209.22505284411218,199.92591804007668,190.75363366380284
2025-04-27,23,168.6904761904762,203.6596750369276,198.67218433413248,191.58068996317994,182.45567292144256
2025-04-28,0,145.34656842679766,205.22190201729103,192.9156505361294,182.55217702704468,149.89752853667707
2025-04-28,1,149.5282817502668,222.861221047168,199.61339579430282,191.08664726967163,153.79136029103012
2025-04-28,2,159.8826108478891,213.9292744179733,198.79433896208744,187.95545923396566,152.35087104046525
2025-04-28,3,154.8935547589436,209.08877674319425,200.12925741771207,187.50653632605338,151.36258813960404
2025-04-28,4,144.8947168377043,210.23511793335828,200.4052672386965,188.11474523785222,152.23417895188902
2025-04-28,5,151.98557797363245,218.68911837237977,201.87720462927888,191.84159556822658,156.9927358809276
2025-04-28,6,176.10556888496023,216.933009266292,208.4409328412593,195.38756247201027,160.71763258241276
2025-04-28,7,176.9034183396636,191.17527862208712,194.53568756953274,177.61224471614545,156.83673437155093
2025-04-28,8,112.35969673859404,117.80219159511977,121.2281650171625,107.51983258104667,104.20974068393556
2025-04-28,9,100.70178097764304,120.6180150921769,111.63050482441706,99.17622059322369,104.52696877614974
2025-04-28,10,97.28479672754672,113.76438307665072,109.62451728859307,95.08465507772132,101.34975639559792
2025-04-28,11,122.01702595084444,120.06895355392687,110.81475461213937,97.39738717165136,103.90146691497065
2025-04-28,12,128.05658739802118,126.05462576488227,118.18005275711369,103.37870279825994,108.8895502498928
2025-04-28,13,132.63615733736762,121.56967326458852,117.8794349203835,101.56793256023975,107.84898778937631
2025-04-28,14,136.02072428159386,121.2597062965198,117.67755284662907,100.8306442122007,107.05759772993875
2025-04-28,15,123.13132474701013,111.75468483816012,113.49758016768702,95.10327867051646,103.55640805918571
2025-04-28,16,121.95462339008732,112.61268851630298,109.1769526560404,94.1859473354176,101.87805494154574
2025-04-28,17,113.47171856112708,106.17296711951172,101.96440279073569,91.76797838347524,99.25445448951405
2025-04-28,18,103.46478990546788,88.3602178694878,96.50105311228195,86.19915727422925,94.97935756255711
2025-04-28,19,132.83642261353106,131.2236383380008,149.23819401069233,133.28062580054217,131.53504523076543
2025-04-28,20,200.8840600566029,185.04303112313937,206.97126122454765,184.3243526380002,179.50432059894308
2025-04-28,21,203.4076141887664,192.2786458333333,212.77539606937464,189.4357686710757,179.25264374908042
2025-04-28,22,201.3854834572968,188.31540634506737,208.43306799864442,185.28766438602452,175.9313189632535
2025-04-28,23,196.7919447371502,168.6904761904762,197.59664418201652,172.74995792720142,167.33889555671354
2025-04-29,0,202.7746524409958,145.34656842679766,189.95442981200526,181.02347187457292,182.29385627812462
2025-04-29,1,213.57966906190256,149.5282817502668,197.07518641938483,185.93557772013426,182.04371773351858
2025-04-29,2,209.3114612562055,159.8826108478891,196.40249156762974,188.99511832022773,178.09045984386518
2025-04-29,3,217.10229367947488,154.8935547589436,196.90088200982774,187.51612159958228,177.78369152648438
2025-04-29,4,224.57624578493812,144.8947168377043,195.38604438918264,183.48737040600193,182.4170171340825
2025-04-29,5,225.3157174742602,151.98557797363245,198.2794106010057,187.4039935089164,185.75265889714413
2025-04-29,6,218.89127744120904,176.10556888496023,205.45162406131755,199.66199242060122,194.6429394248065
2025-04-29,7,196.09266409266408,176.9034183396636,193.7534301231523,191.25247841292403,183.75987681247665
2025-04-29,8,111.83288281879832,112.35969673859404,121.7833459867201,125.44088452174307,120.10617018884864
2025-04-29,9,105.49747572815534,100.70178097764304,111.1433287865168,111.32044012801845,105.39968601530558
2025-04-29,10,126.52476290832456,97.28479672754672,107.59538489607553,107.13816959767036,103.04697006194797
2025-04-29,11,140.27188612099644,122.01702595084444,110.77222049973197,117.04585287814527,118.75263939103945
2025-04-29,12,148.04388951948545,128.05658739802118,118.8005103056022,122.87469288012018,124.10783234346295
2025-04-29,13,149.01853561536822,132.63615733736762,119.19010959076276,124.20178124040412,124.80380484589276
2025-04-29,14,146.320424403183,136.02072428159386,118.81585462238584,124.77756928399634,124.74496922109253
2025-04-29,15,122.03982199033224,123.13132474701013,114.25692850108582,117.94336642911694,118.73993056876404
2025-04-29,16,115.04493289243338,121.95462339008732,112.01060028606184,117.56688940426156,119.09706971382718
2025-04-29,17,96.82794803464355,113.47171856112708,105.61557475297498,115.35500719723619,113.54004248116114
2025-04-29,18,97.22402392284042,103.46478990546788,98.98140415865053,111.03899641022768,106.09005174340362
2025-04-29,19,132.2324418659497,132.83642261353106,147.8864088488692,150.5537860598364,143.85282422733596
2025-04-29,20,208.60563515722663,200.8840600566029,205.81520235376706,207.98938004739287,212.92446789953203
2025-04-29,21,215.8045488863722,203.4076141887664,212.01947878639504,211.95070771585472,217.52982290459514
2025-04-29,22,212.9645886762675,201.3854834572968,208.05291164300564,208.7460496269418,206.37964334226396
2025-04-29,23,203.633426183844,196.7919447371502,198.38685999350062,201.21390490969029,196.655985125986
2025-04-30,0,193.3314440455948,202.7746524409958,192.02344254994264,191.89943339266387,181.84816232894792
2025-04-30,1,195.6983619927955,213.57966906190256,199.86249307337948,198.78636419885487,179.69561748969656
2025-04-30,2,183.7457627118644,209.3114612562055,198.85019004387343,197.61178788883353,181.41632555351583
2025-04-30,3,190.1038586368554,217.10229367947488,200.1589350524649,200.4946941872368,181.461427092648
2025-04-30,4,187.17179023508132,224.57624578493812,199.99356415459442,202.33786174341657,182.9885356700411
2025-04-30,5,192.1898482915072,225.3157174742602,202.3037371703256,204.16596509329628,184.55463857742032
2025-04-30,6,203.26571752551345,218.89127744120904,206.38033246328297,205.60762775981982,187.13227587692776
2025-04-30,7,187.3540683143572,196.09266409266408,191.2914382212769,188.33834255493036,172.5865544439145
2025-04-30,8,113.394063362192,111.83288281879832,119.55255779222537,114.04246191781695,105.96403572610714
2025-04-30,9,83.93049779717545,105.49747572815534,112.3281492471264,103.52495065664127,101.61388403245451
2025-04-30,10,86.26008467129962,126.52476290832456,110.25469957674669,109.64089739471011,113.21580356101113
2025-04-30,11,102.63400471783706,140.27188612099644,114.44807646337905,116.70863339619783,120.66701385187554
2025-04-30,12,106.15363089408145,148.04388951948545,123.02729865221477,123.62887584841806,126.99464664377952
2025-04-30,13,116.04573749209412,149.01853561536822,123.9294405544963,124.41069447661262,126.555422408618
2025-04-30,14,119.9976873265495,146.320424403183,122.51120375282483,122.38774911829378,124.11822084626516
2025-04-30,15,105.02502114462926,122.03982199033224,115.02271604583214,110.22379734515783,110.96198715805033
2025-04-30,16,102.3122996159673,115.04493289243338,112.62301886803765,107.60657567666615,108.70569702657934
2025-04-30,17,94.02660989888238,96.82794803464355,104.44028469886926,100.3164842299098,98.69622891846083
2025-04-30,18,91.86388214089804,97.22402392284042,99.73543878923888,102.01387490871507,101.31198065065128
2025-04-30,19,165.4427405920294,132.2324418659497,144.01039587886757,140.64101748326996,136.29080821496606
2025-04-30,20,227.15308370044053,208.60563515722663,203.998700711144,202.80703965777093,189.75193293888248
2025-04-30,21,229.66680584551148,215.8045488863722,210.62259531052698,208.3098957165686,195.81392316157388
2025-04-30,22,223.0028882470562,212.9645886762675,208.21274394562855,205.5348340337955,193.31032443752073
2025-04-30,23,220.954200367191,203.633426183844,198.75434558176883,197.05391581368667,183.4419850013124
2025-05-01,0,215.13062937062932,193.3314440455948,193.00967274472163,202.83479657594057,216.49704194870938
2025-05-01,1,219.8938223938224,195.6983619927955,199.86293408030633,206.91996737445177,212.98518196239814
2025-05-01,2,227.2839654344695,183.7457627118644,198.14942225064442,202.33651765837115,212.05458060632628
2025-05-01,3,238.38663514186163,190.1038586368554,199.55382751546202,205.06806433264427,212.07730453926172
2025-05-01,4,236.91722169362512,187.17179023508132,199.51050866413837,203.8768630446116,212.34994730371622
2025-05-01,5,235.3456305919843,192.1898482915072,203.36686048574035,207.81739555435092,216.0431656555373
2025-05-01,6,230.4546515699778,203.26571752551345,208.2424598120014,215.0783387587723,221.25404389389422
2025-05-01,7,217.5086726797246,187.3540683143572,191.72798494214672,199.20111698147775,205.5823426380097
2025-05-01,8,147.65462577962575,113.394063362192,119.1546455718717,128.40045184253208,128.8020004601965
2025-05-01,9,111.76909164728896,83.93049779717545,108.96336031106638,106.85156215778734,102.02369943315446
2025-05-01,10,114.17234496524192,86.26008467129962,107.82539717091205,106.40894589578535,102.17988189490634
2025-05-01,11,128.67328773540711,102.63400471783706,113.5928956936626,115.22971191818334,114.29995062304616
2025-05-01,12,144.85198876238357,106.15363089408145,121.39038593499049,120.48335796458464,118.21749055856162
2025-05-01,13,142.70619430826628,116.04573749209412,124.13628839634664,125.39715605866087,125.43916069317675
2025-05-01,14,133.10109423485218,119.9976873265495,122.70957731087529,126.02823887100675,124.47480697473182
2025-05-01,15,112.82602317735072,105.02502114462926,113.42169754483373,116.32311390540497,115.11347672400738
2025-05-01,16,107.16200863440127,102.3122996159673,111.80240931362891,115.3857289971502,114.51008670528525
2025-05-01,17,103.17849017580144,94.02660989888238,103.74658793772781,110.72314682182432,103.14624027201262
2025-05-01,18,107.46017661723074,91.86388214089804,98.96773511918106,111.11893740186501,105.52773324215839
2025-05-01,19,183.1200541661377,165.4427405920294,147.2260198360985,166.33716536023525,169.87079976526076
2025-05-01,20,240.87945879458795,227.15308370044053,207.84646657411162,222.8737487767379,230.91514531621766
2025-05-01,21,243.64621818034183,229.66680584551148,214.03406583549668,226.92259641952495,231.20157515542746
2025-05-01,22,238.7030140308332,223.0028882470562,212.3813847915389,223.3072649941597,224.7245357359406
2025-05-01,23,228.9686746987952,220.954200367191,205.4114353055224,217.95326986159557,222.98404274414344
2025-05-02,0,221.9659860201442,215.13062937062932,200.00933185510866,213.44051436678225,225.28566939821374
2025-05-02,1,214.4578796561605,219.8938223938224,206.89003170154115,218.179514529197,225.10298175291217
2025-05-02,2,216.31512831249623,227.2839654344695,205.74635908866733,219.89929300984545,224.1349683940672
2025-05-02,3,211.36438859944835,238.38663514186163,208.1742748171071,224.51666318032187,226.12316347069532
2025-05-02,4,205.9824409546185,236.91722169362512,207.1435974498547,223.21115766802154,224.77050409648524
2025-05-02,5,202.1841166531072,235.3456305919843,210.16404486076206,224.88135332162742,225.08614391663832
2025-05-02,6,207.86823719614296,230.4546515699778,213.79682365297026,226.8842059070916,226.25919260555122
2025-05-02,7,191.2518652739288,217.5086726797246,197.60348784303443,212.82453482614002,214.6375631061737
2025-05-02,8,112.53649314104818,147.65462577962575,123.90945992774395,143.17247134647823,143.46225982561668
2025-05-02,9,97.97533899567874,111.76909164728896,109.37955535693236,117.46042897062507,116.11484017687252
2025-05-02,10,108.839304275518,114.17234496524192,108.83399835829992,117.14491292770548,115.2470120022723
2025-05-02,11,109.62599017346837,128.67328773540711,116.43167531198186,126.47708368032266,123.5787330031838
2025-05-02,12,120.62472336389504,144.85198876238357,126.43538150965817,137.28121203060047,132.56877204137191
2025-05-02,13,126.91422466422466,142.70619430826628,128.80164226628614,137.2306811420495,133.32247953700818
2025-05-02,14,130.0511570521501,133.10109423485218,126.08271629217332,132.03378870732135,127.51795984767264
2025-05-02,15,121.82852088203704,112.82602317735072,115.22921171999045,119.96045034430206,112.72493042175009
2025-05-02,16,106.67641694483636,107.16200863440127,113.17400988224381,118.57184318162494,109.88099217550983
2025-05-02,17,103.5946885867847,103.17849017580144,103.33466794047862,115.25124410511731,106.12237191681265
2025-05-02,18,98.5367737948084,107.46017661723074,99.08850783108889,118.60746876853122,112.13092055486591
2025-05-02,19,157.2561866395148,183.1200541661377,149.3492328870073,174.7722662783612,177.98555777373303
2025-05-02,20,221.35262332229388,240.87945879458795,211.65026730421752,229.68977334874074,226.17345181050473
2025-05-02,21,220.1323440076369,243.64621818034183,217.28171641373288,233.404714516041,230.55461131150804
2025-05-02,22,214.8899879818804,238.7030140308332,214.9099623061477,230.0367412222554,225.06961218289638
2025-05-02,23,209.8676865825925,228.9686746987952,207.26851342504963,222.032292253907,218.87856905980362
2025-05-03,0,200.8357069613764,221.9659860201442,201.61974696741927,200.05973343625817,203.99117874332228
2025-05-03,1,194.58656725539328,214.4578796561605,206.7585473725991,200.19475095827812,200.68506697112284
2025-05-03,2,179.27435257000133,216.31512831249623,206.14318727877028,200.57477368731836,199.7890477609012
2025-05-03,3,169.87121426549675,211.36438859944835,208.1080910961964,199.8288202834424,198.12911088834207
2025-05-03,4,184.8841642228739,205.9824409546185,206.14681152448046,196.89398945236644,196.5632866914969
2025-05-03,5,185.6602511703946,202.1841166531072,208.34929132814156,197.3917266773487,196.43674073213293
2025-05-03,6,189.0883372232831,207.86823719614296,212.07478949133457,202.74616570986902,197.20029606246615
2025-05-03,7,165.70896762613842,191.2518652739288,194.71374045512562,186.4216821432825,184.18045230881182
2025-05-03,8,106.12674957073727,112.53649314104818,121.1423743002921,113.0360455458206,110.99929784834612
2025-05-03,9,92.9244325521314,97.97533899567874,106.54514248246574,95.26988559568319,103.51073363863483
2025-05-03,10,87.46864975211432,108.839304275518,107.92134534020462,99.00760966232333,105.04603599356635
2025-05-03,11,87.09474930911962,109.62599017346837,117.46260614485026,103.64609161769312,105.4311305103746
2025-05-03,12,95.45702643089462,120.62472336389504,127.38192749172158,112.58365962588613,111.53563603375069
2025-05-03,13,104.40146039238826,126.91422466422466,130.45389999598376,116.45607786741357,119.20446103109674
2025-05-03,14,116.45877082458352,130.0511570521501,129.3636489997414,117.15834878842206,118.09283541229442
2025-05-03,15,112.3269081456976,121.82852088203704,115.91601291063452,107.2213196998782,108.32349290122254
2025-05-03,16,107.40002140487316,106.67641694483636,112.03506621190611,100.12731060084568,100.71007984294312
2025-05-03,17,87.10972346119536,103.5946885867847,103.12823198304548,97.72306996242911,96.68837872643982
2025-05-03,18,80.67917702916573,98.5367737948084,98.25773604474212,96.89887291897519,100.64066650674022
2025-05-03,19,115.416841442953,157.2561866395148,149.57681970035418,148.86704121328265,157.86126849665416
2025-05-03,20,169.57102345965455,221.35262332229388,212.10885440154698,207.722645304882,206.15571509684406
2025-05-03,21,172.7548153068002,220.1323440076369,216.31092872433342,209.65888333318358,206.37916782721334
2025-05-03,22,168.65140489722208,214.8899879818804,212.78250532308826,205.6905450523193,203.0708683028031
2025-05-03,23,152.46990084985836,209.8676865825925,204.65229768528238,199.0099726353808,195.92804435939738
2025-05-04,0,147.9126488939308,200.8357069613764,197.8009841832613,165.33108139867366,149.5767707684429
2025-05-04,1,151.46343021398914,194.58656725539328,201.51511473678698,164.70977491766334,145.73475699218292
2025-05-04,2,145.75093532870122,179.27435257000133,198.53465079298562,158.48918686084875,141.0950705184893
2025-05-04,3,154.6142618849041,169.87121426549675,198.68724597503927,155.2516293689902,139.87389261670282
2025-05-04,4,160.61593946679866,184.8841642228739,199.23738538031424,160.21107127853827,140.40572166265775
2025-05-04,5,157.40300239321198,185.6602511703946,201.62432293246653,162.01696216318064,144.6276461436323
2025-05-04,6,165.59842083391052,189.0883372232831,206.0866855867684,167.05912779636733,154.85552211257726
2025-05-04,7,153.15803417671214,165.70896762613842,189.42784784979486,148.04604341447177,145.11951930890464
2025-05-04,8,91.78824304297711,106.12674957073727,117.38667185801647,83.3707354833432,102.75238842357642
2025-05-04,9,75.18875932627441,92.9244325521314,101.91666182717854,66.7364643489048,94.20329281370893
2025-05-04,10,76.78439191113642,87.46864975211432,104.90204662524226,64.9300974327855,94.60152430465891
2025-05-04,11,106.86149295869323,87.09474930911962,115.76941393737141,69.08744915085154,97.13427364551063
2025-05-04,12,122.32317932911434,95.45702643089462,124.17749601909195,76.28346258325311,104.99949989082563
2025-05-04,13,122.84797238999136,104.40146039238826,127.61314043918537,82.03722587138907,111.91823873721351
2025-05-04,14,111.04209031961018,116.45877082458352,129.02993777420457,87.53213270644463,116.90920992381598
2025-05-04,15,104.13738950957958,112.3269081456976,115.5617578464596,79.89355449052076,109.9031946926734
2025-05-04,16,96.04106907070982,107.40002140487316,110.45185591412883,76.66950944410134,103.03268227069891
2025-05-04,17,78.8596321393998,87.10972346119536,100.62602083399233,67.2713159909582,88.89048677441134
2025-05-04,18,92.7842667465309,80.67917702916573,95.36986303998557,66.25039835873163,82.02294395958236
2025-05-04,19,125.25971904606338,115.416841442953,145.36118937973092,107.96340517052363,118.71000768574008
2025-05-04,20,168.1940815782458,169.57102345965455,207.6412736591351,161.65033495032668,173.11106556506022
2025-05-04,21,172.5771097541882,172.7548153068002,211.0987131783946,164.70864795304104,175.92819874790084
2025-05-04,22,175.18897595820673,168.65140489722208,206.8446819479462,160.8442567041741,171.39469698103042
2025-05-04,23,174.25434476279943,152.46990084985836,197.33947280141533,150.01824169069988,160.53861280453265
2025-05-05,0,181.66898294377765,147.9126488939308,189.61394802278127,182.4876276952441,161.48394493428782
2025-05-05,1,207.2518306271888,151.46343021398914,191.3154303320472,184.34886493044846,164.249474922307
2025-05-05,2,206.44442989062807,145.75093532870122,188.79488806594674,180.78421588872882,164.09013749162784
2025-05-05,3,208.95541240368823,154.6142618849041,190.90517242385496,184.4938941186346,166.21584810394717
2025-05-05,4,202.8716580936052,160.61593946679866,192.14893131366284,187.35160303609996,167.58073241252984
2025-05-05,5,207.62321043963004,157.40300239321198,192.86916350687116,187.10417519204117,171.06493866090574
2025-05-05,6,211.32231890874883,165.59842083391052,198.75317295357104,193.86178983253052,180.86881020311307
2025-05-05,7,197.97601279317692,153.15803417671214,183.99681292902696,180.39824085762677,172.87119947005675
2025-05-05,8,137.95891415994132,91.78824304297711,113.67039349342465,116.27837568748062,112.64336345527884
2025-05-05,9,112.4396512161542,75.18875932627441,95.42676814633533,96.14840893169401,97.57656706761125
2025-05-05,10,121.38422026664652,76.78439191113642,99.6191907444545,97.54792411744663,98.18882793200702
2025-05-05,11,131.275309239168,106.86149295869323,113.88263385233805,114.7414495774982,112.06398961189193
2025-05-05,12,139.01692580200748,122.32317932911434,123.64443224255366,125.00356278903486,119.6324391009691
2025-05-05,13,135.9920622011126,122.84797238999136,127.79575459995722,127.07325748174132,123.16365921213324
2025-05-05,14,133.37691471835677,111.04209031961018,127.57027834893178,123.18848210188324,120.13803356758169
2025-05-05,15,125.88161106590724,104.13738950957958,114.4735727995195,115.2158514394967,110.27023276609351
2025-05-05,16,109.50226667289807,96.04106907070982,108.08448170761551,109.36840286077131,104.64740261256645
2025-05-05,17,120.7434224373816,78.8596321393998,96.72411583683346,99.68730327089996,96.37741968365481
2025-05-05,18,114.85251367989056,92.7842667465309,96.0018700224203,109.14987522746773,104.29691994832578
2025-05-05,19,152.82417925074614,125.25971904606338,144.50920090945414,148.66494634649752,142.0621185840965
2025-05-05,20,203.4255716700774,168.1940815782458,205.23428086700747,197.19176613406808,196.17344633449176
2025-05-05,21,209.47286059196995,172.5771097541882,208.28420802423102,200.3186263216663,197.91380498006228
2025-05-05,22,205.4047922869701,175.18897595820673,204.96947760696614,199.0880447342253,196.9767854335571
2025-05-05,23,194.53435504469988,174.25434476279943,198.1343111688901,194.39702936062992,191.36618506055072
2025-05-06,0,190.8466015153179,181.66898294377765,194.8028643823498,190.09321859203982,188.39012155982476
2025-05-06,1,203.9634491343216,207.2518306271888,199.5616516001789,200.63504544619735,191.17946390181484
2025-05-06,2,202.84802120354195,206.44442989062807,195.44657650062373,197.75762363748456,191.42246337311076
2025-05-06,3,209.5833333333333,208.95541240368823,198.62829494453277,200.07044273526776,193.7846895313011
2025-05-06,4,214.90268110337715,202.8716580936052,200.43135149307727,199.33708724268925,193.95395267979538
2025-05-06,5,215.35875564475663,207.62321043963004,200.81739671629936,201.35141769980078,195.50104666519513
2025-05-06,6,217.93382772390189,211.32231890874883,203.78413724268367,205.31811285141544,200.32964644605656
2025-05-06,7,205.47032533000728,197.97601279317692,187.00718356524314,190.7133097009801,193.1500099046548
2025-05-06,8,136.84539767649687,137.95891415994132,117.32742455361712,128.41130067445417,126.05309334870665
2025-05-06,9,100.1185442762872,112.4396512161542,97.10360675183695,104.95449340636642,109.31109641117862
2025-05-06,10,94.97004608294932,121.38422026664652,103.06196553575448,108.0035944881347,113.65987074458016
2025-05-06,11,97.27482172243556,131.275309239168,115.20524575066997,117.09482774277745,126.48371607557836
2025-05-06,12,108.57442060085836,139.01692580200748,125.21019487169458,125.23969795371082,128.75754591725203
2025-05-06,13,106.6208552938822,135.9920622011126,128.27516958049222,126.03752624132542,128.79900153292516
2025-05-06,14,113.77188210068168,133.37691471835677,127.19259126846933,124.42827779318625,126.86223088315853
2025-05-06,15,116.11976740450412,125.88161106590724,114.86647084507624,116.93277967422227,119.31175917301522
2025-05-06,16,115.03497928411328,109.50226667289807,106.30557360515992,108.53785905694266,111.14719326849198
2025-05-06,17,108.46972745564295,120.7434224373816,97.7629306762984,109.79175093504261,112.02589783828586
2025-05-06,18,109.88924615934262,114.85251367989056,97.6286877044807,111.07696491396594,112.86849450841791
2025-05-06,19,148.79103589045755,152.82417925074614,147.3645947147706,153.2004557162848,150.44828336774023
2025-05-06,20,207.39801451572532,203.4255716700774,205.59735395464668,203.55987901072456,208.3310651425479
2025-05-06,21,218.11356788184867,209.47286059196995,209.15067179611725,207.46490698479204,211.08028787501829
2025-05-06,22,217.2091659524561,205.4047922869701,205.54366458263377,204.00506484155093,206.74298798166998
2025-05-06,23,217.4828386586992,194.53435504469988,197.81179835568292,195.97463513326602,194.5676155270263
2025-05-07,0,213.7245986302908,190.8466015153179,193.09885710725302,204.98792358175706,207.26342318850257
2025-05-07,1,223.1478977133022,203.9634491343216,198.18790589623876,211.97248913672814,207.1284447814032
2025-05-07,2,224.55795043882293,202.84802120354195,194.5232279216718,209.43227020685566,205.54132473405537
2025-05-07,3,232.51522533495736,209.5833333333333,197.5541577522268,212.97447686925548,206.02114574428015
2025-05-07,4,231.193535298891,214.90268110337715,199.04941368142568,215.81587977886102,208.561393475091
2025-05-07,5,228.00580179450853,215.35875564475663,199.39497359779884,216.42406705516055,210.43124101589612
2025-05-07,6,228.29412854232265,217.93382772390189,203.64735871163978,220.26483429771156,215.62369204020726
2025-05-07,7,212.26660992605989,205.47032533000728,188.3468494562922,205.9908626615311,198.44502031049788
2025-05-07,8,138.00801673056813,136.84539767649687,120.9006409618598,139.75360103103498,133.6279980339333
2025-05-07,9,95.704475781729,100.1185442762872,96.33518797299861,109.76235029414616,101.66076569590211
2025-05-07,10,106.1217608034307,94.97004608294932,98.55414884641516,107.29191651087933,102.3763424111473
2025-05-07,11,122.10275492884188,97.27482172243556,109.062807979447,113.10371416604002,105.07853087445159
2025-05-07,12,136.39646347138205,108.57442060085836,119.5716993118907,122.67760807309836,111.15697931150055
2025-05-07,13,129.28962967684365,106.6208552938822,122.2183581059942,123.89430238351571,109.34291365342855
2025-05-07,14,124.81058920739846,113.77188210068168,122.54279951096912,127.00488573510884,111.72593097648132
2025-05-07,15,113.33663922774306,116.11976740450412,114.0207487613865,124.65577919563285,112.28140653897769
2025-05-07,16,100.94402177706428,115.03497928411328,106.30415166111418,121.68495590395014,113.46215010830512
2025-05-07,17,103.14495599679977,108.46972745564295,99.42604202215546,117.84884843030667,107.97241943519163
2025-05-07,18,98.26073030108904,109.88924615934262,99.43800516683815,121.95571449907398,111.7596421271477
2025-05-07,19,135.18670683830914,148.79103589045755,149.73010814684312,164.33774365574777,162.0674000664708
2025-05-07,20,209.84238178633976,207.39801451572532,205.4248367201465,216.98722194664225,220.08212857492225
2025-05-07,21,220.03281596452328,218.11356788184867,209.4805316526139,222.76304589395914,222.42925647627368
2025-05-07,22,224.50155620651776,217.2091659524561,206.15003276494642,220.40789640498008,219.6915782814446
2025-05-07,23,221.597067261715,217.4828386586992,199.79028585209082,216.29792168107582,213.85254813996468
2025-05-08,0,222.9328984719454,213.7245986302908,196.01216490506673,207.31694107421185,215.04185307130422
2025-05-08,1,231.19853555141628,223.1478977133022,202.10926814202543,213.5075379653288,214.91707215794818
2025-05-08,2,231.0031051707844,224.55795043882293,200.35354045409446,212.37423258593122,215.12847280104805
2025-05-08,3,226.86105216945927,232.51522533495736,203.61292442338427,216.32074586260086,217.3769493454289
2025-05-08,4,223.39339565741852,231.193535298891,205.33823440482706,217.30439812549872,217.25267099891488
2025-05-08,5,219.56639975827164,228.00580179450853,204.51153838394188,216.28679159857373,217.0978079256934
2025-05-08,6,231.368513394966,228.29412854232265,207.2228459997554,218.85416018505578,217.94252002189418
2025-05-08,7,206.43108138744049,212.26660992605989,191.9057839722497,203.043174762366,202.58770157565516
2025-05-08,8,139.05451804706473,138.00801673056813,124.41692001448496,135.10649379475228,133.82763603638307
2025-05-08,9,119.8279459677124,95.704475781729,98.01718482793486,102.81377036682404,99.86663537992068
2025-05-08,10,132.0213572166724,106.1217608034307,101.39153115100532,106.52972055321919,101.09818660671777
2025-05-08,11,131.8275342375991,122.10275492884188,111.84405800959054,117.21613729935851,112.3749786820098
2025-05-08,12,129.47952384033124,136.39646347138205,123.89210396579077,128.40883149315718,124.87699961197735
2025-05-08,13,123.30560104814936,129.28962967684365,124.11034270381558,125.56354149157974,117.56815615585798
2025-05-08,14,123.10501981505944,124.81058920739846,123.230356922519,123.70624816314348,111.85765538342719
2025-05-08,15,119.1208604777416,113.33663922774306,115.2081227732599,115.60139633496544,105.18871435736546
2025-05-08,16,118.6134540218062,100.94402177706428,106.10868339841375,107.27430468793887,99.58946689387692
2025-05-08,17,117.8197385249396,103.14495599679977,100.72866289328651,107.12607604190387,100.2949839342672
2025-05-08,18,121.77323543519168,98.26073030108904,100.35184061829399,108.8483023964568,102.23772891683001
2025-05-08,19,185.58493380570576,135.18670683830914,145.4078176105974,148.5891891678388,136.4263596165915
2025-05-08,20,247.90479704797048,209.84238178633976,202.95187930384637,209.8500349788535,216.51787402150757
2025-05-08,21,252.6232025164769,220.03281596452328,208.10424738390128,216.42253860578973,220.0862866456576
2025-05-08,22,246.48025518856497,224.50155620651776,206.36412818772664,216.5243025914283,218.98994042335556
2025-05-08,23,248.57840877662025,221.597067261715,199.88212397987994,211.5622698956572,212.66384145025242
2025-05-09,0,243.08509530257265,222.9328984719454,197.1267747766833,227.88202317637032,245.40401092403042
2025-05-09,1,246.04322893692105,231.19853555141628,203.72422716453883,234.0044213954145,246.1904924571798
2025-05-09,2,245.12462552426604,231.0031051707844,200.88484613071088,232.0857346717649,244.05057041376142
2025-05-09,3,245.00763172354849,226.86105216945927,201.96641257018388,231.67330793223942,242.70082694457219
2025-05-09,4,248.5565174679192,223.39339565741852,203.40625925679754,231.90824100425726,244.15336216949984
2025-05-09,5,255.77476392673807,219.56639975827164,202.25736255055435,230.47006176645027,244.13590503839413
2025-05-09,6,271.5263534462199,231.368513394966,207.35339768903944,237.41379020561402,245.0596569913805
2025-05-09,7,232.10206690816108,206.43108138744049,190.32327093049486,216.55911217894382,213.5848334967753
2025-05-09,8,154.95065466126687,139.05451804706473,123.18833319554766,150.95377567966673,150.17176017849982
2025-05-09,9,140.21844249822473,119.8279459677124,99.16844973085247,128.00886479122758,121.01147421865139
2025-05-09,10,149.1775514030373,132.0213572166724,103.94139004406682,133.66218524307277,138.89071420935574
2025-05-09,11,140.55273150416463,131.8275342375991,112.29466465276083,137.89547378818247,140.65048518743467
2025-05-09,12,142.87278430444175,129.47952384033124,121.69603754835472,141.8935840286085,142.5303627019469
2025-05-09,13,141.3763004761065,123.30560104814936,121.33882938094173,139.45441161528865,133.69723159251072
2025-05-09,14,137.96261794579002,123.10501981505944,121.80234629112002,139.38414722160383,131.95930597655283
2025-05-09,15,123.68478087649402,119.1208604777416,116.10738524474434,134.8161467559955,121.31284236337211
2025-05-09,16,120.81054719250902,118.6134540218062,107.74460416804303,131.17881774108508,118.06395496849434
2025-05-09,17,126.22817914351096,117.8197385249396,102.82026980030626,130.04436349417387,118.5232112117913
2025-05-09,18,143.37796933605316,121.77323543519168,102.39656330657415,134.8605293348042,126.52840966055287
2025-05-09,19,207.68193893279985,185.58493380570576,145.75994327339282,184.31790230709626,188.66719164082477
2025-05-09,20,268.59516416727223,247.90479704797048,203.95549905432958,240.21037685342495,245.41829452762562
2025-05-09,21,268.892618648002,252.6232025164769,209.3866737176349,245.01759470155363,246.77743339960594
2025-05-09,22,264.3556680950526,246.48025518856497,207.47516263883116,241.72833841167522,243.6945728941838
2025-05-09,23,258.8989090269224,248.57840877662025,202.68351456242638,238.87111862989536,240.97461616920967
2025-05-10,0,262.0855510522975,243.08509530257265,200.14379038845883,225.36849444064413,245.81296539187093
2025-05-10,1,261.1327603694016,246.04322893692105,208.23641991893322,230.3705678579998,243.2191814716667
2025-05-10,2,255.16469113289264,245.12462552426604,205.00048858953514,228.2853102317031,238.46433505461428
2025-05-10,3,251.01849168164165,245.00763172354849,206.77259015934106,229.3920297743684,235.2918011016668
2025-05-10,4,240.113714037159,248.5565174679192,209.48827018726908,232.00164630622123,236.46119099455345
2025-05-10,5,236.40918307279745,255.77476392673807,209.91316930393023,234.66844188420757,237.98962298822138
2025-05-10,6,232.67461669505963,271.5263534462199,216.44741429619327,243.643701887092,247.83502539354635
2025-05-10,7,205.24021708083404,232.10206690816108,196.15901402109947,217.09985760775965,220.0557050372638
2025-05-10,8,149.10778586860846,154.95065466126687,129.24749912700747,148.68478346078766,136.55430759245783
2025-05-10,9,132.12831061095434,140.21844249822473,105.20317880264477,127.7718518878156,122.11963831196847
2025-05-10,10,132.54486027128615,149.1775514030373,109.70399677656958,132.43460779318596,125.07063500785743
2025-05-10,11,128.95095017976374,140.55273150416463,116.712770557146,133.4058538034525,121.4670047758304
2025-05-10,12,118.31841872357164,142.87278430444175,124.87433196843283,138.72959633329975,125.19600389319719
2025-05-10,13,107.48186215235792,141.3763004761065,123.40484021121055,137.29373761254718,122.80342838113545
2025-05-10,14,108.89773032500672,137.96261794579002,122.93255499021144,135.28760570024158,120.58970425603103
2025-05-10,15,94.15548098434004,123.68478087649402,116.37256524395245,126.839572788816,112.81958561731545
2025-05-10,16,93.55730126177482,120.81054719250902,109.76376563199628,123.1227192886179,109.98084834386161
2025-05-10,17,102.20783236001374,126.22817914351096,106.05362559412428,124.99356577146311,111.10818027177541
2025-05-10,18,124.21487889273357,143.37796933605316,108.8024483838948,135.7984249669762,121.82309896024826
2025-05-10,19,190.2794979079498,207.68193893279985,152.96362217243356,185.22723688410332,191.33379885775403
2025-05-10,20,250.4631140427009,268.59516416727223,210.7044334607551,239.76447699273146,237.95690961465803
2025-05-10,21,257.5820749755841,268.892618648002,216.352427237687,243.21296870375375,239.85615069767482
2025-05-10,22,249.99595828954813,264.3556680950526,214.54168836928434,240.3355539290817,238.3733738568146
2025-05-10,23,249.9792521554705,258.8989090269224,209.68797491161635,235.43691281407897,233.54737614106332
2025-05-11,0,234.3753248103108,262.0855510522975,208.89376811573325,230.87783275941297,250.62903127033283
2025-05-11,1,226.0650788326065,261.1327603694016,217.7430189352201,235.18224545533744,248.94877252654283
2025-05-11,2,212.53448809155583,255.16469113289264,215.84196552709105,232.17806208681625,244.75297454511863
2025-05-11,3,210.4242502752769,251.01849168164165,218.36505836164747,232.40143400285268,242.2996061475671
2025-05-11,4,201.91815856777487,240.113714037159,217.3782058750241,228.72310136794863,238.325438814495
2025-05-11,5,205.2228451296426,236.40918307279745,217.1630167185592,227.82489479432454,237.64397526346045
2025-05-11,6,201.49526724076577,232.67461669505963,222.6740256493042,230.18214856642447,236.4958972878386
2025-05-11,7,161.80678711914126,205.24021708083404,201.80633537177025,206.8227351153796,209.71096857610414
2025-05-11,8,110.34361748793684,149.10778586860846,135.3876471695605,145.4316305344951,139.10953769478883
2025-05-11,9,98.37514299722176,132.12831061095434,110.80373281104804,123.13768115684066,128.5798485554454
2025-05-11,10,107.05820527689184,132.54486027128615,116.14345542216554,124.88415257247502,128.4143010338186
2025-05-11,11,122.87713433618458,128.95095017976374,122.69222782438088,126.87806177433522,125.75460370876432
2025-05-11,12,114.48195538057745,118.31841872357164,128.14024515310098,125.77022921885154,118.48165236170642
2025-05-11,13,110.1160548130604,107.48186215235792,123.84489760549195,119.41631828023382,108.30984271450602
2025-05-11,14,106.3047149419076,108.89773032500672,121.85240634741476,118.84078561604798,107.18771635825209
2025-05-11,15,98.98833889443088,94.15548098434004,113.77664707804423,109.28557386963534,107.440134189559
2025-05-11,16,93.77637651037446,93.55730126177482,107.78623418298221,107.46614519362747,104.83637046099729
2025-05-11,17,91.59515343988402,102.20783236001374,108.2104982939555,113.25407506555355,105.71983302310053
2025-05-11,18,112.08926910916868,124.21487889273357,115.02183436440451,127.86771702636358,117.38811139887594
2025-05-11,19,161.50838435986714,190.2794979079498,163.6582873817188,180.24853432389932,189.43466172157594
2025-05-11,20,223.0502242514849,250.4631140427009,222.2604464011903,234.8809526263723,239.3237587835412
2025-05-11,21,222.5569139966273,257.5820749755841,228.47060719037043,240.92307471694977,243.90369741186328
2025-05-11,22,219.07116796342697,249.99595828954813,226.16233885390236,236.92959114322557,240.5252447711267
2025-05-11,23,221.2760658299556,249.9792521554705,223.61788224098953,234.78324915967548,238.33892097296464
2025-05-12,0,215.4886513882768,234.3753248103108,221.24557896093037,231.65783986274937,218.22739597874852
2025-05-12,1,190.7448720332156,226.0650788326065,228.40039730930832,232.79076104160288,218.80358716458
2025-05-12,2,176.68325584441098,212.53448809155583,225.38247306464172,226.87822756750808,214.50092448408688
2025-05-12,3,165.39480137322218,210.4242502752769,226.3379138459865,226.8604145078756,212.29169532586408
2025-05-12,4,173.92401591002607,201.91815856777487,223.27852288944928,222.6010581528602,209.66437252380865
2025-05-12,5,178.84234628594518,205.2228451296426,223.99442282376353,224.3067674429924,213.25719662812804
2025-05-12,6,192.6681273203092,201.49526724076577,227.80214656456923,225.2939072386373,215.8687502652114
2025-05-12,7,164.08340620900742,161.80678711914126,203.04187150640297,195.83363455738993,190.83765871789146
2025-05-12,8,110.92395947760284,110.34361748793684,138.0384149474119,136.50419696407974,124.73447841430543
2025-05-12,9,103.9655295972481,98.37514299722176,114.1160733354691,115.51607398735919,113.11786079290732
2025-05-12,10,112.3893013389898,107.05820527689184,120.46828590298774,120.39284787088602,115.23525919700165
2025-05-12,11,117.82424054556726,122.87713433618458,124.98017659259393,128.83824195045582,119.0843478844746
2025-05-12,12,125.49232079405633,114.48195538057745,127.02007030331,126.84466947834484,115.82664171230556
2025-05-12,13,128.09750850364858,110.1160548130604,122.02605223735895,122.36800256213817,113.62371622579381
2025-05-12,14,125.72117465224112,106.3047149419076,121.17563843631437,121.04881577929916,113.06693145651263
2025-05-12,15,117.5796903460838,98.98833889443088,113.04106841873728,114.48396467549776,108.15664120860797
2025-05-12,16,98.84582607729077,93.77637651037446,107.46270667436288,110.81490175438302,111.20760506537707
2025-05-12,17,89.7092905882828,91.59515343988402,110.02985847973896,113.6256212526502,113.5884171532304
2025-05-12,18,92.05027595722665,112.08926910916868,117.77969184478134,129.00660949788542,123.33426279231054
2025-05-12,19,130.8874321880651,161.50838435986714,168.8366681408336,175.94933320823583,172.5291040897271
2025-05-12,20,179.76662303074076,223.0502242514849,230.097038211653,232.92777812680652,234.62240659698787
2025-05-12,21,190.2470625027923,222.5569139966273,235.61057922500459,236.39208785161594,236.387303581717
2025-05-12,22,182.49218859301405,219.07116796342697,232.43122342607666,233.29925866417534,231.5745037875684
2025-05-12,23,165.8496357960458,221.2760658299556,230.33527096486895,232.23593691892103,226.80027766097993
2025-05-13,0,157.03037639057007,215.4886513882768,226.0769601672874,191.9956075198206,162.6880509586113
2025-05-13,1,136.37014117192032,190.7448720332156,226.04226036731214,183.71457302357584,158.04653439064498
2025-05-13,2,126.16361649822451,176.68325584441098,221.13087677232497,176.16545422215302,157.40830951718104
2025-05-13,3,114.87573699529815,165.39480137322218,220.11496941306274,171.80007338917162,157.28317831379817
2025-05-13,4,119.58845495565583,173.92401591002607,219.14314543465227,174.2629073593445,160.2431074669759
2025-05-13,5,125.65151515151516,178.84234628594518,219.8828708018086,176.6914401601377,165.9133346617289
2025-05-13,6,155.69000064637063,192.6681273203092,225.137262051935,184.1875338794137,177.16666372862468
2025-05-13,7,130.38548624476397,164.08340620900742,198.20007056580738,157.01525713496,160.53165117058072
2025-05-13,8,94.8131630222992,110.92395947760284,134.1762785642207,99.22552464225305,116.07117682191371
2025-05-13,9,107.8552588792138,103.9655295972481,112.90548453276821,82.75170520730676,98.66566711215464
2025-05-13,10,120.1453312747533,112.3893013389898,119.18329748475108,88.4058995056505,106.79684445548244
2025-05-13,11,121.62429239880892,117.82424054556726,123.05859535065098,92.7385711749441,114.83292749057797
2025-05-13,12,126.12510916324352,125.49232079405633,125.08798387360268,96.62974191817855,119.56479033551486
2025-05-13,13,125.08801558947712,128.09750850364858,120.89825885200695,95.24005641473863,119.30630389751957
2025-05-13,14,119.15751164926364,125.72117465224112,120.08196128401214,93.50651876875224,117.12039907375579
2025-05-13,15,113.29213751664334,117.5796903460838,111.8550797444768,86.23274368802964,110.77623463646782
2025-05-13,16,106.89905748615008,98.84582607729077,105.94035801784754,78.00018299044059,100.8849447706097
2025-05-13,17,103.3133399134462,89.7092905882828,105.59641107272485,77.56417400581711,95.0512754739335
2025-05-13,18,85.44782450612047,92.05027595722665,114.52222931297219,86.56305355001953,102.64852879501753
2025-05-13,19,100.63580851163007,130.8874321880651,165.7028471318792,128.80074006056222,143.5953708786587
2025-05-13,20,156.90225637511625,179.76662303074076,226.71718840603347,180.50841274610454,193.59433454436112
2025-05-13,21,177.92914219697698,190.2470625027923,232.86403664083636,187.63984293195372,198.3795405654758
2025-05-13,22,169.5263924463864,182.49218859301405,229.15799432694007,182.75459797930418,194.81347227218492
2025-05-13,23,140.26938200598627,165.8496357960458,226.23745392934694,174.8828998264748,189.55374957537666
2025-05-14,0,124.12412953823272,157.03037639057007,221.246070863752,162.57377297803785,140.11619228895535
2025-05-14,1,114.50954524289926,136.37014117192032,216.38607351554052,152.28276924381316,138.36539096983628
2025-05-14,2,111.91316570357644,126.16361649822451,210.17596181442246,145.32371832915734,138.4469204125092
2025-05-14,3,95.26850272158585,114.87573699529815,206.58531279334343,139.3404756004229,137.35607022572128
2025-05-14,4,98.20977219673186,119.58845495565583,205.5268274135492,140.84803941210765,138.2119465597355
2025-05-14,5,111.63224103121604,125.65151515151516,207.06755073134553,144.162076786812,143.83469903030388
2025-05-14,6,134.2113997113997,155.69000064637063,216.24528675514483,159.5955960635095,163.30863076835593
2025-05-14,7,115.04656507014998,130.38548624476397,187.47366498220117,132.70984672409375,139.64851191181992
2025-05-14,8,96.88041740301271,94.8131630222992,128.171673613621,82.97642363138749,106.34570229966081
2025-05-14,9,110.89975845410628,107.8552588792138,114.01072947604345,77.59255954619641,109.18413374395917
2025-05-14,10,118.82761494652036,120.1453312747533,122.77976679786593,85.70491742222566,120.9468093229778
2025-05-14,11,130.25962978086292,121.62429239880892,126.53709116156143,88.94481352827506,121.9649954100065
2025-05-14,12,137.064245520765,126.12510916324352,127.59522509680058,90.75934558596413,123.23127012039343
2025-05-14,13,141.9464838720902,125.08801558947712,123.5364246085205,87.95730307947224,122.24837825710286
2025-05-14,14,146.44530820285286,119.15751164926364,120.85133693380958,84.54069945931961,115.87489748537544
2025-05-14,15,128.14549452215778,113.29213751664334,111.45113261763954,77.57615835111591,110.40772269887339
2025-05-14,16,111.89494013132484,106.89905748615008,104.77808347528139,72.47170763034555,102.4515605169424
2025-05-14,17,99.27599325410831,103.3133399134462,104.85978428098244,72.820646194526,100.98264613429468
2025-05-14,18,82.12523876754422,85.44782450612047,111.03059764822618,71.46153510840392,96.83377434416488
2025-05-14,19,103.18074191002368,100.63580851163007,158.82352893490383,104.28784376302528,114.19160432785723
2025-05-14,20,156.85571891353104,156.90225637511625,219.50350867166077,160.94795908936558,182.036015627486
2025-05-14,21,167.47921203722035,177.92914219697698,227.1234044001404,172.80551473231793,189.670990936481
2025-05-14,22,168.05827231297044,169.5263924463864,222.3461695403587,166.8863399343151,188.55835294096158
2025-05-14,23,150.4439538876625,140.26938200598627,215.20696012181654,152.24501591875213,171.24666208538116
2025-05-15,0,134.30211522404676,124.12412953823272,208.44600385060085,151.8015031655413,145.4132290930103
2025-05-15,1,140.27730253778157,114.50954524289926,200.8663088769115,144.18243788355227,135.46670822365084
2025-05-15,2,127.0635477582846,111.91316570357644,194.0838497093873,139.6161519172262,134.9674911244469
2025-05-15,3,126.58428284182304,95.26850272158585,186.97863813429035,130.41943630917274,127.21679032045253
2025-05-15,4,134.8572683355292,98.20977219673186,186.52914697038364,131.71915722214518,130.66593909731145
2025-05-15,5,148.59222897079624,111.63224103121604,190.44275633658944,138.72209159647,138.51880153548106
2025-05-15,6,180.08748844156767,134.2113997113997,202.80489692215585,153.59820191072595,150.09844958302227
2025-05-15,7,148.85543982178336,115.04656507014998,173.5850871456426,128.04082055518913,129.54325063903968
2025-05-15,8,99.18890025099935,96.88041740301271,122.29630228111309,88.57202223023984,106.99564341104667
2025-05-15,9,125.08679011868404,110.89975845410628,116.18148414352592,87.82605167216721,111.17674276522338
2025-05-15,10,136.9931808495525,118.82761494652036,124.59488881830733,94.09976210616887,124.1383828392428
2025-05-15,11,141.62943680303937,130.25962978086292,127.70235899756446,99.71617816270398,126.62368004859532
2025-05-15,12,140.14454382826474,137.064245520765,127.69062253242672,101.8288134640579,129.1521169251563
2025-05-15,13,137.4102260972366,141.9464838720902,125.34454663641286,102.28899572208803,129.08077458874874
2025-05-15,14,133.55926993275696,146.44530820285286,123.94201107601735,103.13676941146113,132.90895296777805
2025-05-15,15,124.30791800483723,128.14549452215778,113.56668337398449,91.46039086318278,121.35654885692121
2025-05-15,16,121.67063431116571,111.89494013132484,106.34250038303288,82.642715643137,107.03738234526305
2025-05-15,17,110.51024018239713,99.27599325410831,104.3070753177408,79.06413952164428,100.95915808099284
2025-05-15,18,100.5502823972388,82.12523876754422,108.72552742914834,76.61068488088046,96.61227479166851
2025-05-15,19,114.4053742461866,103.18074191002368,154.25124823086304,110.14738352482786,119.15001906043688
2025-05-15,20,184.864828453386,156.85571891353104,211.93398540411664,164.19673341364324,178.0661963313599
2025-05-15,21,198.10417955288503,167.47921203722035,219.61574669624,173.00506592791723,186.41767959048977
2025-05-15,22,192.7851294744859,168.05827231297044,214.28284326985195,170.18615236717622,186.96933752496585
2025-05-15,23,166.7249383848226,150.4439538876625,205.04222963980905,158.03813000040313,168.93855557214695
2025-05-16,0,152.48514350739663,134.30211522404676,195.7844633866153,156.12395338213128,148.37857485857364
2025-05-16,1,152.96083550913838,140.27730253778157,187.87756130353515,153.73502530379747,147.1510689052394
2025-05-16,2,139.8182589632982,127.0635477582846,179.2353415076016,145.0515656709839,140.34577173591722
2025-05-16,3,142.8653001464129,126.58428284182304,172.65338537319946,141.2055145160122,138.22873026929847
2025-05-16,4,144.06354889236965,134.8572683355292,173.8811287815423,144.91617486937503,140.627944349899
2025-05-16,5,147.05673496560397,148.59222897079624,180.3035890812358,153.14614027516112,145.3693856907777
2025-05-16,6,165.21624543857277,180.08748844156767,195.4790362145275,172.00920048236867,169.80361770006294
2025-05-16,7,128.34215885947046,148.85543982178336,165.35999549340588,142.4338739659763,137.15200378557248
2025-05-16,8,92.04561434346984,99.18890025099935,116.60121402453233,93.00840138483014,102.98531526303209
2025-05-16,9,108.70310181586945,125.08679011868404,116.93274759366473,99.5185504758726,113.80422707662765
2025-05-16,10,116.27798252798252,136.9931808495525,125.30514933729019,107.15558667382652,128.383309086745
2025-05-16,11,124.60228959783576,141.62943680303937,129.10263079262737,111.55901144001825,128.11088418380146
2025-05-16,12,135.46697766559095,140.14454382826474,129.2141968164172,111.24225271470283,128.89713606351856
2025-05-16,13,136.95515737283085,137.4102260972366,127.35949307199677,108.9099546909127,129.99585168687224
2025-05-16,14,130.76051728010782,133.55926993275696,125.43547537854556,106.33406403888304,119.8109945422616
2025-05-16,15,112.06304587892782,124.30791800483723,114.30769159214101,97.37208863226783,113.57522325564925
2025-05-16,16,111.65256124721604,121.67063431116571,106.77924042436996,93.59487057598804,108.01954863119826
2025-05-16,17,106.56512996201684,110.51024018239713,103.26286126880616,90.41295660177033,100.34374026477091
2025-05-16,18,108.57199086829884,100.5502823972388,105.69367699515507,89.92038544972581,95.8217049433076
2025-05-16,19,144.3641753123015,114.4053742461866,144.08273972236032,116.97694558859834,115.19533208676266
2025-05-16,20,207.5612994233083,184.864828453386,202.9282756048903,177.33139496141425,186.73099483380395
2025-05-16,21,215.68337730870712,198.10417955288503,211.8273148442983,187.66929808264752,191.70004722017276
2025-05-16,22,208.64853005704256,192.7851294744859,206.61211102498348,182.84083220314199,188.06319264308348
2025-05-16,23,193.2588362705524,166.7249383848226,193.3488767266951,166.14620264342096,167.69853088745825
2025-05-17,0,179.9020578848905,152.48514350739663,182.84161313016162,164.8817192513282,180.56598651485868
2025-05-17,1,177.49807589840745,152.96083550913838,174.58007652813762,161.1421643867165,175.06466693211303
2025-05-17,2,172.24142312579414,139.8182589632982,164.19157485603475,151.76887291497894,169.2635950987726
2025-05-17,3,162.9600995872371,142.8653001464129,158.06162371932297,149.5162345080403,166.04643854667736
2025-05-17,4,157.60183400890423,144.06354889236965,158.95356184217806,151.2371436381157,167.05005007935588
2025-05-17,5,156.36351250085156,147.05673496560397,164.7724420867881,156.0419078658386,168.6772259239827
2025-05-17,6,164.65534465534466,165.21624543857277,180.2918779277208,171.74982407557033,172.58212789828187
2025-05-17,7,125.54953178905863,128.34215885947046,150.53715148645009,140.3481012647447,143.96575214975303
2025-05-17,8,92.32857586099908,92.04561434346984,107.61477969341846,97.71697544735923,97.95585262171076
2025-05-17,9,74.3035944946773,108.70310181586945,112.43055606761395,102.69424061067085,107.39196845772244
2025-05-17,10,80.79258400926999,116.27798252798252,120.60521092656806,108.36200251366158,112.38390036516633
2025-05-17,11,99.08029812965827,124.60228959783576,126.82399623458036,114.25531774441376,120.84243899128991
2025-05-17,12,103.38837982076326,135.46697766559095,128.15622443943852,118.80239585075395,124.52813683586449
2025-05-17,13,110.47241989910128,136.95515737283085,126.72790120010025,118.36425738575772,125.92480878721115
2025-05-17,14,120.25664408546118,130.76051728010782,124.40660385487668,115.00082083291153,120.12531079770824
2025-05-17,15,112.9770203976246,112.06304587892782,112.64744373534585,102.64750188241463,101.35407156543361
2025-05-17,16,101.61286010293428,111.65256124721604,105.47095671789953,100.12293818896315,100.56788635534127
2025-05-17,17,86.75900474779567,106.56512996201684,100.45385424287842,98.81114187077623,98.15897635087788
2025-05-17,18,84.85552564914502,108.57199086829884,100.72139435690444,101.7034449359914,103.61714126313593
2025-05-17,19,94.59655120406214,144.3641753123015,135.03734491943197,135.17099328080167,141.47928788990194
2025-05-17,20,157.6511892399743,207.5612994233083,194.2091520700383,191.526334892978,202.30479205330252
2025-05-17,21,173.49473987606282,215.68337730870712,204.22599465297046,200.19907883942108,207.77752013982132
2025-05-17,22,168.5573619159957,208.64853005704256,198.65394844812494,194.77583678921488,203.45119120791512
2025-05-17,23,146.1468509984639,193.2588362705524,183.97172347578507,180.6153358336002,193.36989441236656
2025-05-18,0,139.96607914865314,179.9020578848905,171.1011141062463,151.02729288992975,143.24074017964958
2025-05-18,1,134.77831462270854,177.49807589840745,162.63226446085272,146.60364094442647,137.52469788289162
2025-05-18,2,108.96324863883848,172.24142312579414,152.34539371216354,140.00314769846045,132.76645619367883
2025-05-18,3,91.080064051241,162.9600995872371,145.4818534201223,133.705885987319,129.9520421557757
2025-05-18,4,92.27022448115206,157.60183400890423,147.16615040957024,133.36459270465036,129.43286118491247
2025-05-18,5,91.68057424854194,156.36351250085156,153.3373462907958,136.66579358590107,132.08860029545718
2025-05-18,6,115.52002664668166,164.65534465534466,170.57483906490435,149.7511424840982,141.12099322529158
2025-05-18,7,92.45624313438302,125.54953178905863,139.1527678733393,117.74780371499799,124.8660072488598
2025-05-18,8,102.195029764717,92.32857586099908,99.50346397804569,79.15238519079281,90.98123353201214
2025-05-18,9,118.13407049067035,74.3035944946773,104.16988233671725,70.28212342752542,90.5152103909291
2025-05-18,10,122.26769606491511,80.79258400926999,113.21202860342291,75.13241438851034,96.03662368424821
2025-05-18,11,130.5074558734023,99.08029812965827,122.55676022742246,86.26323217175252,107.6849929013571
2025-05-18,12,134.5605822187254,103.38837982076326,126.02336173903733,90.05467180503646,113.89767772237616
2025-05-18,13,136.93087934560327,110.47241989910128,127.15512373534929,93.55932193261705,115.58263607401024
2025-05-18,14,140.97511385816526,120.25664408546118,126.02930582065588,96.29459293214548,116.3618332568352
2025-05-18,15,122.33330483843392,112.9770203976246,115.33623508010078,88.22755380923627,110.4084320813475
2025-05-18,16,108.92555331991952,101.61286010293428,106.62175083806517,80.35575812304918,98.67977521396256
2025-05-18,17,90.7481608291306,86.75900474779567,98.24687886970443,72.5425047964051,88.6952504148402
2025-05-18,18,75.23588625504476,84.85552564914502,95.09862960782038,72.80667562043448,88.79042559104596
2025-05-18,19,88.42279914112825,94.59655120406214,121.36835253316234,93.78652288553123,97.55850083192189
2025-05-18,20,156.21042250596906,157.6511892399743,180.95030566964877,151.81128581430488,161.09258466539237
2025-05-18,21,169.798214021412,173.49473987606282,192.2135182101817,163.70044337978888,175.5310365249801
2025-05-18,22,167.2169548243168,168.5573619159957,187.01986325190313,158.95864048135326,168.08087901999443
2025-05-18,23,142.460232668566,146.1468509984639,169.1385233104984,141.2990511507641,152.04381978991523
2025-05-19,0,125.01245901639344,139.96607914865314,157.6140790117238,152.08151271873848,138.5027949207119
2025-05-19,1,117.44092544261832,134.77831462270854,149.591298145153,147.2766004256399,133.27696955956355
2025-05-19,2,107.12789661319071,108.96324863883848,137.54950236177532,133.07477881399677,125.27861762258566
2025-05-19,3,109.59911253920892,91.080064051241,128.43268395954576,122.79807857472957,116.704323695834
2025-05-19,4,108.82125680044152,92.27022448115206,131.502159825767,124.51461965235697,117.56917662734222
2025-05-19,5,116.44924826090208,91.68057424854194,137.11702187921,127.40760315810313,121.49632330162915
2025-05-19,6,144.17019243892452,115.52002664668166,158.29266183717803,146.33439819921205,144.6800416610931
2025-05-19,7,118.59676084643574,92.45624313438302,129.24554730408812,118.56198978137554,108.71244801673237
2025-05-19,8,101.73795808309842,102.195029764717,98.33938001758573,98.62250242514256,97.79931282160712
2025-05-19,9,117.09394483778928,118.13407049067035,106.99258626435277,104.8455109425033,111.28624453201064
2025-05-19,10,129.01262802028438,122.26769606491511,115.38481300171193,110.02063168939242,115.11164601754173
2025-05-19,11,132.96749572312146,130.5074558734023,123.64680616131068,117.40534293400158,116.44685369762252
2025-05-19,12,132.3157069601855,134.5605822187254,128.89173700162988,121.88711951116714,120.11546307374068
2025-05-19,13,124.2151604088655,136.93087934560327,130.98581295428397,124.16702369230934,123.82876189572812
2025-05-19,14,115.42189679218968,140.97511385816526,130.9822199515498,125.07261510662639,124.37628121716197
2025-05-19,15,104.6525722339676,122.33330483843392,118.67123021495834,112.21590954284012,115.24962673963203
2025-05-19,16,94.2732220609579,108.92555331991952,108.78591895371447,102.84628767743379,104.98661031980606
2025-05-19,17,86.5521722985518,90.7481608291306,98.12587992531108,92.91876098180254,93.66437454978345
2025-05-19,18,90.19436099750264,75.23588625504476,89.83386062865983,85.08864403683603,85.81627771405523
2025-05-19,19,109.70677852083416,88.42279914112825,110.92755464477106,104.24840023108761,102.38250343952096
2025-05-19,20,179.956307144591,156.21042250596906,171.40176256314652,165.64685993800137,175.134630990061
2025-05-19,21,190.6700487012987,169.798214021412,184.67656107086526,177.88940129886805,183.03977387741872
2025-05-19,22,188.7910385259632,167.2169548243168,179.61211851774456,174.12547169109624,180.0284936571436
2025-05-19,23,182.07311160671,142.460232668566,157.87911857315706,154.58869237274658,160.50353804357434
2025-05-20,0,161.83668941032894,125.01245901639344,144.68890867288331,159.79302754972989,167.0948874636271
2025-05-20,1,138.43305743349973,117.44092544261832,139.1193057750677,154.75699072541198,158.2986057314249
2025-05-20,2,110.40275761973876,107.12789661319071,127.61302247160101,145.40293370403123,152.6435862263577
2025-05-20,3,111.16950868177216,109.59911253920892,120.46187126897242,142.35213094708743,151.76719868285116
2025-05-20,4,116.76898222940224,108.82125680044152,122.2017656672549,143.1959712650227,152.9728999138712
2025-05-20,5,108.68840579710144,116.44924826090208,128.20372216134672,148.79894311274373,154.0257074513819
2025-05-20,6,126.31372549019608,144.17019243892452,151.36438542555166,169.7402447642886,165.65240731762253
2025-05-20,7,101.4607323068961,118.59676084643574,122.74745510943502,141.91123459544784,135.82656430373763
2025-05-20,8,113.50401836969002,101.73795808309842,97.02709410408508,115.18801890168153,105.71018313463689
2025-05-20,9,117.72496371552975,117.09394483778928,108.86807415585864,121.28853003440919,114.35258284013646
2025-05-20,10,125.19917604183172,129.01262802028438,117.75957395618259,128.77623439113734,123.30793465522011
2025-05-20,11,130.57068030939766,132.96749572312146,125.81012832953272,134.529819058936,130.86754330262127
2025-05-20,12,126.64593932541926,132.3157069601855,129.86650645393405,136.36531069246558,129.3968591906627
2025-05-20,13,122.20420342501298,124.2151604088655,130.4311917978864,133.99821239860538,127.24087772092561
2025-05-20,14,110.84896995144994,115.42189679218968,129.51089454297104,129.95950410666242,121.89800968252727
2025-05-20,15,98.30411699889812,104.6525722339676,116.8244990560846,120.39233071679088,112.08374767998075
2025-05-20,16,87.75203210900874,94.2732220609579,108.13268980852406,113.4881921139384,105.53778368123263
2025-05-20,17,87.37132289990069,86.5521722985518,97.67486302677808,107.6236185132055,96.18262707445064
2025-05-20,18,85.36110341003604,90.19436099750264,89.56872992012781,107.53521375817193,97.94568508428007
2025-05-20,19,123.52165936575686,109.70677852083416,107.90174697802377,128.19819091015617,120.27607411644054
2025-05-20,20,196.54125710842467,179.956307144591,171.42886029369654,190.9908036926111,198.99431824890863
2025-05-20,21,203.901107532794,190.6700487012987,184.73698767065184,202.2391955005553,202.86618898941128
2025-05-20,22,195.6802663024924,188.7910385259632,180.51195422245155,199.10090843355277,200.40955983033876
2025-05-20,23,176.91923523180145,182.07311160671,160.19675797468054,185.9042835012589,187.57223706605131
2025-05-21,0,157.0649531087183,161.83668941032894,145.37552481856318,163.9571040031499,160.87745604274414
2025-05-21,1,153.59432946524703,138.43305743349973,139.41400809815045,153.56029949187456,149.30013425758307
2025-05-21,2,146.00158040300278,110.40275761973876,125.3614712032459,137.34742754175858,140.23982634592466
2025-05-21,3,156.90922578904775,111.16950868177216,119.93241008132584,135.10644049355074,138.20550351678216
2025-05-21,4,161.63785195116787,116.76898222940224,121.79898384921867,137.9656288201664,137.43684019935384
2025-05-21,5,160.45577523413112,108.68840579710144,125.7804208250019,137.54891602493706,138.3664469043802
2025-05-21,6,175.53131235116174,126.31372549019608,147.1677746889553,154.48965222549893,146.60179884037746
2025-05-21,7,151.07732905002294,101.4607323068961,118.61534740402533,125.94824558632313,119.31460655408324
2025-05-21,8,121.18877248468075,113.50401836969002,99.6972162965695,112.44788203539963,102.87232051124695
2025-05-21,9,122.89752887456352,117.72496371552975,110.27803198961806,114.07451082487005,106.79820760666502
2025-05-21,10,132.3901861146616,125.19917604183172,118.48155178005094,119.62588439526098,117.88912538324247
2025-05-21,11,130.0351543056247,130.57068030939766,127.08818374533111,125.9770935133152,121.48117775404945
2025-05-21,12,130.3233922434953,126.64593932541926,129.9409107628163,126.00463992918213,120.4445920537482
2025-05-21,13,128.66049173769886,122.20420342501298,130.0192186315344,124.18914539410788,119.4457756604502
2025-05-21,14,124.23168213063715,110.84896995144994,128.32396001471196,118.33539154452724,112.05818642582878
2025-05-21,15,118.915739365089,98.30411699889812,114.68335326783529,107.2689000461191,104.12952633354463
2025-05-21,16,104.40583374444992,87.75203210900874,105.39740046893245,99.79847069066341,92.81090860102837
2025-05-21,17,102.72361048008482,87.37132289990069,95.39743202484301,97.70585686909479,86.83680710367764
2025-05-21,18,111.83251631435976,85.36110341003604,89.55634119211575,97.63289043763874,83.4084713250346
2025-05-21,19,153.88805138624895,123.52165936575686,111.17115424289902,127.03795387024972,120.08025196133079
2025-05-21,20,217.76069294299336,196.54125710842467,177.0915746841692,191.29554580268626,192.0201818610702
2025-05-21,21,224.91561254548608,203.901107532794,188.44726843291141,200.47353257625204,192.43960958951368
2025-05-21,22,222.5118087348303,195.6802663024924,184.248221916181,195.39775730877722,187.91642270848698
2025-05-21,23,212.55841503267973,176.91923523180145,165.43245129265412,179.4031280209897,172.38229662079107
2025-05-22,0,202.34892920474687,157.0649531087183,150.08135675720396,178.86633209206332,201.05780876215152
2025-05-22,1,183.5886310452418,153.59432946524703,144.997548701343,174.79567993300662,197.05416859295565
2025-05-22,2,170.64705882352942,146.00158040300278,130.2312447317354,164.5450692937857,190.06505763809284
2025-05-22,3,160.19359221102684,156.90922578904775,128.73822766239184,167.12456876152146,188.36951849811612
2025-05-22,4,155.38881151346334,161.63785195116787,130.86013809985238,169.747635429396,189.6202903317429
2025-05-22,5,159.86602542081758,160.45577523413112,132.75521142541834,170.24621560202934,189.65367334567506
2025-05-22,6,165.5575042517007,175.53131235116174,153.07061935177845,185.60319603349814,192.15298985496284
2025-05-22,7,141.7794816313091,151.07732905002294,123.76259940115004,157.58741860100065,159.6948894834067
2025-05-22,8,110.37748974809608,121.18877248468075,103.1698384510935,129.37757830996446,116.98279369674927
2025-05-22,9,113.96902134156038,122.89752887456352,111.99199919254053,129.36441786498094,118.4195496100418
2025-05-22,10,120.00577667379125,132.3901861146616,120.41906194692824,135.91698277619057,127.23084930450943
2025-05-22,11,119.5683532456092,130.0351543056247,127.05611582029708,138.4519638320866,126.09439542529357
2025-05-22,12,118.83834258956767,130.3233922434953,128.97793172320635,139.83521495728584,126.27187330460539
2025-05-22,13,116.09745603183994,128.66049173769886,128.12121975519275,138.85896255755625,123.65038563309186
2025-05-22,14,111.45131442878136,124.23168213063715,125.15058486153829,135.3890461735191,120.27231222070765
2025-05-22,15,97.53592779949412,118.915739365089,113.36481681682548,128.21747486820578,112.14216553998438
2025-05-22,16,97.2836210648484,104.40583374444992,104.32752812795029,119.36491332083877,102.61139658127121
2025-05-22,17,97.368168887558,102.72361048008482,95.88994877141108,117.71961653668468,101.52671218126869
2025-05-22,18,107.64452877925363,111.83251631435976,93.80023798451798,122.71582379195755,108.88171301712006
2025-05-22,19,128.60553239863586,153.88805138624895,118.4150555966455,154.64647541887732,154.13353866132687
2025-05-22,20,188.1869535494549,217.76069294299336,185.79228525980668,215.81558817801232,212.1056139324853
2025-05-22,21,201.0666816850642,224.91561254548608,196.6524685055208,224.5096120484473,221.91686403421397
2025-05-22,22,198.25700293829576,222.5118087348303,192.02729854787526,220.8686365920467,217.4517841795551
2025-05-22,23,179.65102612783653,212.55841503267973,174.30594574194228,207.9245717002973,206.27321234561214
2025-05-23,0,163.4985158726166,202.34892920474687,159.80233018301826,182.81769250301946,178.35701225451174
2025-05-23,1,148.9407076309979,183.5886310452418,151.1848813452659,172.69534019148728,168.94780723815344
2025-05-23,2,136.62199988088858,170.64705882352942,136.45746059819894,160.78447073351649,162.79509843390326
2025-05-23,3,127.41268440297569,160.19359221102684,133.53955757227808,156.14518058388913,161.16418791336525
2025-05-23,4,123.2793677098604,155.38881151346334,133.79321569670014,154.97321308922906,161.88176631899782
2025-05-23,5,134.28993153696376,159.86602542081758,134.36575377542138,156.8790696488041,161.4245147802271
2025-05-23,6,141.5511783327471,165.5575042517007,150.99490732465458,168.00414678909024,164.3003880719184
2025-05-23,7,118.37182214119316,141.7794816313091,122.75174823108229,141.7149124248276,142.25533710524888
2025-05-23,8,93.11457792929669,110.37748974809608,104.76820837925017,114.38910530934749,108.06708754521706
2025-05-23,9,97.27852752538747,113.96902134156038,110.4037465100943,113.94357172722556,110.97970807937332
2025-05-23,10,102.10865798087414,120.00577667379125,117.9922899218195,118.95129198764171,117.2424816812868
2025-05-23,11,122.99718309859156,119.5683532456092,123.90453245494989,121.6523814354566,120.56503871273706
2025-05-23,12,114.05911532478206,118.83834258956767,125.93418868910678,122.42060715245286,120.33362942962137
2025-05-23,13,117.10787424286126,116.09745603183994,125.07653831727895,120.94529829029813,118.95327941348063
2025-05-23,14,108.61454946759328,111.45131442878136,121.99230550382747,117.34048119143907,115.05929010933015
2025-05-23,15,102.1959135729962,97.53592779949412,109.54024678749074,106.32150553053285,103.32845133715625
2025-05-23,16,88.7,97.2836210648484,100.84366909276211,102.86789088785731,100.84495670662417
2025-05-23,17,83.75176443554476,97.368168887558,94.0125100150055,101.80890102373462,99.72167821630688
2025-05-23,18,78.51178379149285,107.64452877925363,94.81370175337725,108.30203735871831,105.03868752481395
2025-05-23,19,115.5537860690858,128.60553239863586,120.44364961842396,132.72853082659242,125.91621526790153
2025-05-23,20,175.04985314577215,188.1869535494549,186.26687455924508,191.89103929374204,186.75843643171936
2025-05-23,21,182.0196886630117,201.0666816850642,197.07568309583212,202.52984191414697,195.44215930692786
2025-05-23,22,178.4112429838468,198.25700293829576,192.80899475699098,198.96757805168744,194.06681776017908
2025-05-23,23,168.19360542213053,179.65102612783653,176.15252970522997,183.70469061995328,178.12727101558664
2025-05-24,0,146.56666305642804,163.4985158726166,161.3756690923354,160.61684435719846,152.14723681568003
2025-05-24,1,137.99675681936642,148.9407076309979,150.61057736267438,150.50774459784358,144.67962910382298
2025-05-24,2,128.89682103850143,136.62199988088858,136.0008521578547,138.7831233096961,135.4022125750015
2025-05-24,3,116.32250654074404,127.41268440297569,131.33204103750134,133.64680343834726,134.15598736499948
2025-05-24,4,117.53754940711462,123.2793677098604,130.82404695634168,132.30474185599763,134.94294652966732
2025-05-24,5,114.6257872058336,134.28993153696376,132.54192471418705,137.03813369895303,135.10069003380468
2025-05-24,6,118.8547098818404,141.5511783327471,147.61418345239377,147.98808583626302,137.7326641770757
2025-05-24,7,105.79021970233876,118.37182214119316,121.32741441418554,122.08275013016694,117.66101041691743
2025-05-24,8,76.28418345477925,93.11457792929669,104.92091746293973,97.05845429328106,97.86942547345768
2025-05-24,9,93.49860013467058,97.27852752538747,108.77166446859687,95.91254125418581,99.27703954587012
2025-05-24,10,103.06195648495924,102.10865798087414,115.96810070080402,100.40432012369779,104.4198831591109
2025-05-24,11,112.0001265302249,122.99718309859156,123.67523152648644,112.08086909642488,123.81983514362977
2025-05-24,12,119.28699955015745,114.05911532478206,122.87592264041976,108.6670525364458,117.76511753942927
2025-05-24,13,122.38899046624005,117.10787424286126,122.24121215585471,109.51525248562679,116.68094826288973
2025-05-24,14,122.53831204001656,108.61454946759328,118.8285958163254,104.04527410067493,110.28712001915159
2025-05-24,15,109.03498513048416,102.1959135729962,108.13065645807194,96.40975847087812,100.8140833823491
2025-05-24,16,100.09133333333334,88.7,97.56473177173125,87.36990575802267,90.69264389124166
2025-05-24,17,87.15794165038226,83.75176443554476,90.75345779693805,84.94774390498102,85.77706334725588
2025-05-24,18,77.82233629201868,78.51178379149285,90.51938645669068,85.54039518105003,84.01081331998004
2025-05-24,19,90.94466882067852,115.5537860690858,116.32787972653601,116.61472076195228,115.00724856351567
2025-05-24,20,150.01767081790643,175.04985314577215,181.62238223388277,175.26087427679806,166.5484380332302
2025-05-24,21,159.56648264646725,182.0196886630117,192.26658471787565,183.76769016325986,178.07238425463026
2025-05-24,22,156.55290702788284,178.4112429838468,188.489382317963,180.16895665184086,172.977997218321
2025-05-24,23,134.36748509649388,168.19360542213053,172.57178244116972,168.0798290173765,156.87810414544248
2025-05-25,0,117.71017032696204,146.56666305642804,156.61346983112648,138.96346400236303,131.99677370418874
2025-05-25,1,107.2203739818745,137.99675681936642,144.96753177995427,130.61196844347558,130.2691514256281
2025-05-25,2,92.80892659535228,128.89682103850143,129.8087661453843,120.1056163014171,122.42969638899848
2025-05-25,3,86.25820284581899,116.32250654074404,124.66952774514519,113.67084859352457,120.20004805095782
2025-05-25,4,85.91795964573484,117.53754940711462,125.10057772751459,114.32502274659859,120.49116325730185
2025-05-25,5,90.3451804352275,114.6257872058336,126.57939252918449,114.53193070435182,121.75675029169912
2025-05-25,6,93.81489525677851,118.8547098818404,141.07123562760745,123.87928890346066,124.34009737256746
2025-05-25,7,73.03981911820124,105.79021970233876,118.50465554465413,103.59965125898128,107.94378018625697
2025-05-25,8,90.75365395607088,76.28418345477925,102.62886140490832,75.84060254786422,91.2545155262282
2025-05-25,9,106.70183015327976,93.49860013467058,111.51380813145305,82.62310601860534,105.30211605701825
2025-05-25,10,118.96372539222544,103.06195648495924,119.14943962590249,89.53722285165264,112.63371149987056
2025-05-25,11,124.29295624332975,112.0001265302249,125.52092129799597,96.36648971519324,122.60626425501513
2025-05-25,12,125.34974856944686,119.28699955015745,125.14715403033323,98.45504900168683,123.09455601245935
2025-05-25,13,127.09740661759648,122.38899046624005,123.94357937973169,98.97997140248181,122.85645279534998
2025-05-25,14,123.17058741648108,122.53831204001656,119.15454838126189,95.71231674103632,121.3279916979603
2025-05-25,15,109.78552087786804,109.03498513048416,107.56750856276616,85.45154295111637,108.08957481306479
2025-05-25,16,96.82694020016385,100.09133333333334,97.34737080464541,77.97567154770832,100.42596076685618
2025-05-25,17,86.89988623435723,87.15794165038226,90.81044878302183,72.47058763347876,91.94427915310195
2025-05-25,18,70.20213807121885,77.82233629201868,89.51464511995833,70.30941631689313,84.71083538849135
2025-05-25,19,81.25452917856686,90.94466882067852,115.80618224319548,92.72036160446902,101.59059231896441
2025-05-25,20,141.22675183167388,150.01767081790643,180.5318796021588,151.92182523702843,161.7239114889839
2025-05-25,21,148.6329030122476,159.56648264646725,190.2768336850763,161.01472821747197,169.55060573221925
2025-05-25,22,142.11376542001176,156.55290702788284,186.7744601910897,157.68385585885028,166.70643185847933
2025-05-25,23,118.25414802650208,134.36748509649388,170.88901588374546,141.90146521507916,148.40296504990818
2025-05-26,0,101.73237679351216,117.71017032696204,153.4340542851706,134.68366885788492,113.1215686006779
2025-05-26,1,97.944733420026,107.2203739818745,141.03068311697797,125.61563012952043,109.00043263041822
2025-05-26,2,88.47848825047068,92.80892659535228,127.50100585345771,114.1216276404816,101.47667188558137
2025-05-26,3,91.61684681326872,86.25820284581899,123.9806904300849,110.27759664879267,97.08931554977042
2025-05-26,4,93.1614911548098,85.91795964573484,124.19311132245495,110.44898201951744,97.98403837968922
2025-05-26,5,99.96733267492212,90.3451804352275,126.3886219844253,113.18845630757876,103.58643505226127
2025-05-26,6,110.18751789292872,93.81489525677851,137.97050257190702,120.30980442716607,111.60018819734077
2025-05-26,7,77.33427091990028,73.03981911820124,115.73088068519958,96.28231906579686,92.03619754774402
2025-05-26,8,99.60198797193452,90.75365395607088,100.9943791465303,86.5277527356188,93.75385254370933
2025-05-26,9,107.93665817255189,106.70183015327976,109.88063094039727,93.57284464419328,105.05185258365944
2025-05-26,10,114.42771892181842,118.96372539222544,118.67744381551826,101.05832765475651,112.25633531438007
2025-05-26,11,113.84835341365462,124.29295624332975,124.63313563655704,106.02660039710207,115.29485894870011
2025-05-26,12,110.98233238627084,125.34974856944686,123.83132065186487,106.0738293807504,118.44512383564314
2025-05-26,13,113.27285897731387,127.09740661759648,122.53879756144501,106.24554327482795,118.9329079453678
2025-05-26,14,113.47004682706282,123.17058741648108,116.61104460387844,101.99746843390585,114.10662964868911
2025-05-26,15,100.44737710326623,109.78552087786804,105.77496799697103,92.00769073799118,103.79168137170772
2025-05-26,16,85.46761112822092,96.82694020016385,95.61899750182316,82.97799176673767,95.45409214752988
2025-05-26,17,78.90705886386232,86.89988623435723,90.26069526948278,78.64496518396507,88.76904493970974
2025-05-26,18,72.85840382493564,70.20213807121885,88.79553823655463,73.56592805984295,84.00851177887249
2025-05-26,19,89.49240966431474,81.25452917856686,114.78214367711529,94.75724801763852,97.10745819410828
2025-05-26,20,157.7012998342493,141.22675183167388,178.39135522011662,153.98948441764054,162.19648125015135
2025-05-26,21,165.3156275724622,148.6329030122476,187.2532178266242,162.17574888654818,169.87771802431536
2025-05-26,22,158.9534726296313,142.11376542001176,183.188290276189,157.34724910400504,163.62028417468852
2025-05-26,23,146.3400050671396,118.25414802650208,167.431003792022,140.66457531849164,146.3100521946718
2025-05-27,0,137.93563534329726,101.73237679351216,150.10832825333043,138.50658049213723,126.95009018757541
2025-05-27,1,145.3155297532656,97.944733420026,138.2455128280362,132.1362665244113,120.0562688903487
2025-05-27,2,137.6242207271156,88.47848825047068,124.83680465878342,122.60034893319701,114.07718963013276
2025-05-27,3,138.31310199234727,91.61684681326872,121.41179532637918,121.97847321491274,114.91009068698332
2025-05-27,4,146.9616460247703,93.1614911548098,121.95600194450758,122.74130449750169,116.96177954812148
2025-05-27,5,154.79172107599896,99.96733267492212,124.03406261499958,126.42716955678866,117.70196859497474
2025-05-27,6,167.23935389133626,110.18751789292872,133.1158347796219,134.38365266496467,126.23622108608393
2025-05-27,7,145.48640915593705,77.33427091990028,109.83623926712309,105.9328073655261,99.526766251543
2025-05-27,8,115.37302121926577,99.60198797193452,100.68924055922116,101.59093162992774,100.62736179417257
2025-05-27,9,116.9145967066704,107.93665817255189,108.57244713107762,105.6302349115624,112.1997545083474
2025-05-27,10,124.7756903122284,114.42771892181842,116.59388537288025,111.17186061244304,118.30707488857801
2025-05-27,11,128.2986199846665,113.84835341365462,121.90182959234748,113.73169655531677,120.33855825761549
2025-05-27,12,131.46187637276435,110.98233238627084,120.78369571273421,112.53536814268425,118.89986207423348
2025-05-27,13,129.60792669933943,113.27285897731387,120.9756116426519,113.64662390992594,119.39918231899462
2025-05-27,14,123.38135751102278,113.47004682706282,116.3322088945746,111.07588450005075,115.53162798231708
2025-05-27,15,116.7443355294874,100.44737710326623,105.17422583544226,100.90575027901002,104.84379593268761
2025-05-27,16,108.34570915132404,85.46761112822092,94.36105308286074,90.6286936463147,99.77267016401288
2025-05-27,17,112.6501063147592,78.90705886386232,89.16853620738429,87.33681741913799,93.86764857883877
2025-05-27,18,124.57711785578944,72.85840382493564,86.31897292618793,85.43021019674352,90.28176743569493
2025-05-27,19,152.58997755087262,89.49240966431474,111.89437669761251,108.60490767399408,105.90322043667629
2025-05-27,20,216.9209302325581,157.7012998342493,175.2120684614964,169.42281458663575,173.65358814192422
2025-05-27,21,228.050694025347,165.3156275724622,183.63115766536185,177.04710827910907,182.22312141259854
2025-05-27,22,223.14339981006648,158.9534726296313,178.9257808624273,172.04856730851398,176.54589219170023
2025-05-27,23,208.779893511416,146.3400050671396,162.3262742863691,158.83563549928974,158.79044361082742
2025-05-28,0,197.3132039553699,137.93563534329726,146.69389195804018,172.07024977257527,188.26350903764654
2025-05-28,1,196.7963887175461,145.3155297532656,139.22872315943133,171.15138117942172,192.32429025903988
2025-05-28,2,191.51280811986467,137.6242207271156,128.7255851026944,163.37906971031572,181.73694189530363
2025-05-28,3,194.45070244272875,138.31310199234727,125.28945151360419,161.9460469276528,180.03914371732415
2025-05-28,4,196.4023393283864,146.9616460247703,126.26923962956016,165.13384512006132,184.60156084033233
2025-05-28,5,194.4207036286609,154.79172107599896,130.62025051198495,170.22041742383774,185.59465189758464
2025-05-28,6,204.79681413871288,167.23935389133626,138.96235312264193,178.54771739873445,187.87350280565744
2025-05-28,7,171.59483193701422,145.48640915593705,116.12562167412895,154.7553203135644,154.21728153445025
2025-05-28,8,121.79351601698184,115.37302121926577,100.95624096630343,129.16882746670137,116.62673885148949
2025-05-28,9,122.47886680374684,116.9145967066704,108.45668041552628,129.7366787955591,114.87930901884067
2025-05-28,10,126.83664301868087,124.7756903122284,116.53338741150836,135.6507458830068,121.53186418391566
2025-05-28,11,130.32629093770808,128.2986199846665,121.57724954595733,139.57660202447306,126.24608444383277
2025-05-28,12,127.274217585693,131.46187637276435,121.4716867194978,140.6534961682376,128.96347198408506
2025-05-28,13,124.97591233980918,129.60792669933943,122.03328639612712,140.40541800635208,127.015418001733
2025-05-28,14,119.18063133281372,123.38135751102278,118.12254997451359,136.1226716161217,120.53964351214778
2025-05-28,15,101.46268760181624,116.7443355294874,107.8085427683836,128.19822877779646,109.95728145688716
2025-05-28,16,94.90576613185736,108.34570915132404,97.30300694604864,120.14846710739806,103.96435901018742
2025-05-28,17,102.98125659080858,112.6501063147592,92.77979098093552,121.24189937360893,103.68618276724808
2025-05-28,18,128.19843432079182,124.57711785578944,91.92126070415269,127.41338274534849,118.57967492232254
2025-05-28,19,158.35713514874635,152.58997755087262,116.04699358120047,154.010543162102,147.55008941238145
2025-05-28,20,202.52696900818992,216.9209302325581,178.12345033637257,213.04713994730804,210.38171466161285
2025-05-28,21,204.69638242894052,228.050694025347,187.08109859286944,222.08909088945381,218.11839712758453
2025-05-28,22,197.5498048054091,223.14339981006648,182.84908564922358,217.7343054620541,212.82835229557097
2025-05-28,23,190.5959098912013,208.779893511416,166.87779689774263,204.26903572101668,206.37854712840482
2025-05-29,0,170.50201961915752,197.3132039553699,152.44364207899042,177.75347282821528,175.6806354187871
2025-05-29,1,159.64403280700776,196.7963887175461,145.40044590975975,174.6033687317252,174.49327578500368
2025-05-29,2,148.04351703228107,191.51280811986467,135.22718906224608,167.78303609990104,170.5882589457367
2025-05-29,3,141.6825219175527,194.45070244272875,130.65251960698717,166.6400157561224,169.57684311426902
2025-05-29,4,146.30751459924275,196.4023393283864,131.2355949691628,167.71445185287322,170.34406379501362
2025-05-29,5,148.5542478615988,194.4207036286609,135.4723831397749,169.75664805577065,174.15479398623432
2025-05-29,6,162.5378396450064,204.79681413871288,143.14313909229207,177.3419577088108,177.5667457990226
2025-05-29,7,141.64419598816178,171.59483193701422,119.05669351512769,149.62144745255037,146.92498191068688
2025-05-29,8,115.93701367843394,121.79351601698184,101.04263289948928,116.4907318556835,112.44389387287768
2025-05-29,9,108.23773397617695,122.47886680374684,108.39687154826676,116.93251157216291,112.33364978236557
2025-05-29,10,108.26343533468156,126.83664301868087,115.74002411208254,121.48092060201662,115.32388838523462
2025-05-29,11,112.16158615344872,130.32629093770808,121.6188404933978,125.98306909468772,118.58504855289496
2025-05-29,12,116.12143064095548,127.274217585693,121.03609033981175,124.85986825296999,116.55599037528543
2025-05-29,13,119.25214918234116,124.97591233980918,121.50691791071431,124.56405965213088,116.057823979534
2025-05-29,14,111.4657475510406,119.18063133281372,117.40097128911023,120.12828824824436,111.31030390036057
2025-05-29,15,119.59599193264398,101.46268760181624,105.31524965934463,107.79023412878136,98.2510915348818
2025-05-29,16,103.520731309174,94.90576613185736,95.945854429964,101.34356923965086,93.24184117097965
2025-05-29,17,109.20437528484928,102.98125659080858,92.81659756818176,105.47751012986956,98.39804056464597
2025-05-29,18,118.24081476589384,128.19843432079182,94.25924899078585,117.51181954524495,111.21230931872049
2025-05-29,19,156.17896823912312,158.35713514874635,116.6854341187001,143.41401871583926,144.9395551070059
2025-05-29,20,204.17901872917383,202.52696900818992,175.9472040599721,193.29049101357836,189.37714126474532
2025-05-29,21,220.8930924877897,204.69638242894052,184.19263714764864,199.1172783719827,191.09455602500663
2025-05-29,22,221.84571016582552,197.5498048054091,179.2830850878777,194.03547306471376,186.8914230349613
2025-05-29,23,219.5779074988774,190.5959098912013,163.7402961632457,183.17183095105128,180.44473638616594
2025-05-30,0,216.5628980486065,170.50201961915752,147.89408356676336,192.95066954392306,217.0101238748934
2025-05-30,1,228.78586497890296,159.64403280700776,141.97978901858346,186.61826700326765,215.43629980370014
2025-05-30,2,228.51823928550715,148.04351703228107,131.99811166349633,177.85201247787052,211.75835969403335
2025-05-30,3,232.61998766193707,141.6825219175527,128.00808099363374,173.93303637594457,210.2460177261285
2025-05-30,4,244.18212798182503,146.30751459924275,129.93826683855988,176.3739302819101,209.5904675038011
2025-05-30,5,253.51037395949808,148.5542478615988,133.85641491702938,179.3587798649898,210.5700351698068
2025-05-30,6,257.7640073783721,162.5378396450064,142.7117584341929,188.7600877571656,210.63318795906002
2025-05-30,7,208.4302772510634,141.64419598816178,119.03736699467808,166.3052415052564,171.55327622081404
2025-05-30,8,162.96833103848104,115.93701367843394,101.83685060382327,141.45821130678053,140.60922413923376
2025-05-30,9,149.9918520839862,108.23773397617695,107.57811621035485,137.0614930615126,131.61798190186778
2025-05-30,10,150.82255965292842,108.26343533468156,114.06254677792401,138.52132126546013,130.79389845842672
2025-05-30,11,145.28275782556062,112.16158615344872,120.56073090880345,142.58734402485211,131.96243675609665
2025-05-30,12,139.5440956651719,116.12143064095548,120.64796006143857,144.1205609185865,133.79317755608463
2025-05-30,13,137.2914790127905,119.25214918234116,121.95758836078593,145.75883083085566,136.30736660570727
2025-05-30,14,131.24577780507278,111.4657475510406,117.40303316371867,140.60157529924854,129.85315722570533
2025-05-30,15,124.61690192935956,119.59599193264398,108.46668739265176,139.31958445860698,134.44307699536913
2025-05-30,16,130.31755542240862,103.520731309174,96.83687017915335,128.6341128047315,120.78839262374305
2025-05-30,17,146.41029377477267,109.20437528484928,94.50748419636622,132.26275790019113,127.19255932745476
2025-05-30,18,165.58896092719033,118.24081476589384,95.77300413173444,138.64260625232004,136.78920586192206
2025-05-30,19,209.2215621433379,156.17896823912312,120.62449638162686,168.38496781045802,167.56142834696834
2025-05-30,20,265.94022793404463,204.17901872917383,178.23178479993194,218.95573443980527,215.72477345523282
2025-05-30,21,273.1215285492113,220.8930924877897,187.02498154803797,229.7159561965644,231.25555650356577
2025-05-30,22,267.7830413741395,221.84571016582552,182.65290040609625,227.08336336642583,228.0862377004466
2025-05-30,23,258.7125485312432,219.5779074988774,169.44413635910868,218.59754618750526,222.86786007917857
2025-05-31,0,248.1908327847268,216.5628980486065,155.47470959190477,205.1905003238537,230.68970538602028
2025-05-31,1,250.8620377084844,228.78586497890296,153.3862400682842,207.5305374845111,228.10355488301076
2025-05-31,2,256.73932038834954,228.51823928550715,145.12614586415614,202.92598995700337,222.8788992003469
2025-05-31,3,257.8028387096774,232.61998766193707,143.03769574491395,203.13307526801083,219.93885311819713
2025-05-31,4,264.9801442156965,244.18212798182503,147.21008973455483,208.59254012740644,219.62749744431494
2025-05-31,5,268.3031407439168,253.51037395949808,150.88790669167716,213.73507182225694,221.47880744353847
2025-05-31,6,257.9450163915569,257.7640073783721,159.31359115499646,220.0809541086721,223.26610348295176
2025-05-31,7,219.8856543114401,208.4302772510634,131.90286058180237,185.8825513032567,190.49921450637595
2025-05-31,8,157.9306896251848,162.96833103848104,111.81595819084961,154.20118239805842,142.0499778150631
2025-05-31,9,149.9215313698582,149.9918520839862,115.10859114729752,148.14152570347233,127.89114445585261
2025-05-31,10,151.85949334029772,150.82255965292842,121.02167558821748,151.06292341887502,130.162927331881
2025-05-31,11,148.50647717268268,145.28275782556062,123.7443844412276,150.53758489933293,125.70533078833172
2025-05-31,12,144.3652272799065,139.5440956651719,124.28867153863712,149.0218271164245,123.09720411224193
2025-05-31,13,131.28062609806742,137.2914790127905,124.84096047077581,148.28890333605815,122.350237932162
2025-05-31,14,126.5097890375431,131.24577780507278,120.63606578335862,143.923562624494,118.75523944752497
2025-05-31,15,123.85617542728151,124.61690192935956,111.66968572927509,137.2111461956345,113.27248833551302
2025-05-31,16,129.11031786503486,130.31755542240862,102.78223523949745,135.00257234931345,113.52962345098956
2025-05-31,17,144.46090399208182,146.41029377477267,103.45870267339879,143.3163835520351,123.67891070606404
2025-05-31,18,170.6396164258456,165.58896092719033,108.21260086540552,154.78204555468196,139.885143368231
2025-05-31,19,211.1195961687808,209.2215621433379,134.00560724937716,186.4631690168742,189.39943973964816
2025-05-31,20,244.5887574944516,265.94022793404463,191.21612405539943,239.22198008780998,230.00071719374083
2025-05-31,21,242.90682043299844,273.1215285492113,200.0395301032094,246.90514209326278,237.2107229020574
2025-05-31,22,233.05925897949163,267.7830413741395,195.4203001761381,242.3038281519275,233.59673504343
2025-05-31,23,221.8617765868096,258.7125485312432,182.3754139461248,231.93844236553187,229.929477550142
2025-06-01,0,215.4988460855672,248.1908327847268,169.9924481245189,195.43818046541313,206.60512438030042
2025-06-01,1,204.6316807738815,250.8620377084844,169.50985162387246,195.97357997715875,206.2668794701892
2025-06-01,2,196.54164939908827,256.73932038834954,163.3893600569916,194.47638139274596,202.4756612952113
2025-06-01,3,198.1690527124129,257.8028387096774,163.24917176904728,194.7584122895428,201.67469567506052
2025-06-01,4,186.66084126792816,264.9801442156965,168.27331756435223,199.5241905920621,203.70005710209406
2025-06-01,5,182.4993627326026,268.3031407439168,172.84181433997475,203.26952695261522,207.65362566925032
2025-06-01,6,185.01724250113867,257.9450163915569,179.18363494209885,204.12352674532642,205.6380955283724
2025-06-01,7,169.67180507210344,219.8856543114401,148.20220838310257,172.36939663983878,182.0250843888855
2025-06-01,8,133.5789004015666,157.9306896251848,123.47974478662182,131.90218592123023,139.24134006071216
2025-06-01,9,130.47419288505037,149.9215313698582,123.16900989518146,125.54914816255472,138.19708735207521
2025-06-01,10,132.91704892966362,151.85949334029772,127.99275228183726,128.3511979830804,139.50880141445194
2025-06-01,11,128.42469495538154,148.50647717268268,128.95957739015014,127.50037723801009,139.03237525466335
2025-06-01,12,133.26405451448042,144.3652272799065,127.87127550002985,125.83092161193713,137.74751694519185
2025-06-01,13,125.59907595765957,131.28062609806742,126.11119413246544,120.06972520683087,129.53561358191718
2025-06-01,14,110.5823800326846,126.5097890375431,121.20341964014811,115.61577618798235,123.85427243407418
2025-06-01,15,111.28526761081478,123.85617542728151,113.78699862881756,110.89396991471503,118.92434250334631
2025-06-01,16,111.32662870664794,129.11031786503486,106.92780445831194,110.56607532695182,123.35962762699033
2025-06-01,17,113.33417593528816,144.46090399208182,111.64484015078445,121.08145851317312,132.3255444611247
2025-06-01,18,119.6455463728191,170.6396164258456,121.47221231309507,138.44816458933897,142.1097386713785
2025-06-01,19,163.35009282178217,211.1195961687808,151.1734540133918,171.17014479952687,179.89139230848448
2025-06-01,20,211.0869738520408,244.5887574944516,204.7262792949059,213.19794946958248,213.89436544249372
2025-06-01,21,229.68956953642385,242.90682043299844,211.9452926441424,216.7318459213709,218.88843654852212
2025-06-01,22,223.40641923127723,233.05925897949163,206.3497790263679,210.08453999991426,214.16895998418252
2025-06-01,23,214.3536486759652,221.8617765868096,194.87459844474134,199.8535767111104,208.37378936326627
2025-06-02,0,199.8460836848706,215.4988460855672,183.96225894717676,212.71227086971012,220.2033443085645
2025-06-02,1,198.2947879061372,204.6316807738815,183.42575259415918,208.53157554692132,214.2632390562049
2025-06-02,2,190.49771550411208,196.54164939908827,178.2083204575253,202.96487226396567,212.32136471481033
2025-06-02,3,190.5350351318249,198.1690527124129,179.23643603570352,203.92775746118215,213.54538704774313
2025-06-02,4,199.7831357758621,186.66084126792816,182.66515779609412,201.7054959968333,211.65912496649548
2025-06-02,5,200.4021913415286,182.4993627326026,186.00669752531402,202.25249180570916,213.48324395042212
2025-06-02,6,205.5935971542908,185.01724250113867,192.21254169129313,207.24365096836237,218.64283687476072
2025-06-02,7,170.79059710594888,169.67180507210344,162.00677780508863,185.46232843353974,193.41746127873273
2025-06-02,8,110.81033098025954,133.5789004015666,129.59763713597835,151.93021177696465,159.55466401167237
2025-06-02,9,92.65674216289186,130.47419288505037,126.56506171400584,144.7662058102191,148.2581195722623
2025-06-02,10,103.40187829487137,132.91704892966362,129.986084215757,145.88296178246972,149.71534516656902
2025-06-02,11,110.2054794520548,128.42469495538154,129.5498257775861,143.57313814490692,145.50693764553714
2025-06-02,12,121.65155567151524,133.26405451448042,129.00189063503464,144.9821969441887,148.29855242333082
2025-06-02,13,128.25336608725397,125.59907595765957,125.89714689533159,140.5070568581427,140.61406654248268
2025-06-02,14,118.42915518388293,110.5823800326846,119.40510429960578,131.18577896997547,137.63990360896125
2025-06-02,15,115.95541601255889,111.28526761081478,114.00124816209568,128.13732805262003,137.2894804582493
2025-06-02,16,102.52025586353945,111.32662870664794,108.99918853066683,126.48420439012662,138.13741174809138
2025-06-02,17,97.19100752673974,113.33417593528816,115.42116725091743,132.85630687758558,139.1578922285663
2025-06-02,18,106.79537738760672,119.6455463728191,128.53555635618082,144.23375363398787,143.76996107002554
2025-06-02,19,150.7431793506812,163.35009282178217,162.90139167670824,180.47093894212335,185.17582127440423
2025-06-02,20,214.6765460245084,211.0869738520408,214.7063110121012,227.13918924678006,232.4741048942231
2025-06-02,21,219.88925505824648,229.68956953642385,223.52481643331043,238.59978174187194,240.4860060048195
2025-06-02,22,216.42221956374368,223.40641923127723,217.96301528512012,233.19935815804394,237.06206157159193
2025-06-02,23,210.62976673654163,214.3536486759652,208.6030985375218,224.928858251197,232.59992395420593
2025-06-03,0,202.44513457556937,199.8460836848706,197.9785027887994,201.73943027835315,202.31452483831407
2025-06-03,1,192.7575757575757,198.2947879061372,197.76147466360362,200.49069355010107,199.31787759848353
2025-06-03,2,189.13876465611023,190.49771550411208,192.7824957794741,194.85736980018785,195.40487416458487
2025-06-03,3,184.4099417379447,190.5350351318249,193.36760579549727,195.00845749538394,196.18810700850378
2025-06-03,4,183.4012066365008,199.7831357758621,197.8968213133873,200.18167512954594,198.22419200401657
2025-06-03,5,177.97529606519802,200.4021913415286,200.3545344776864,201.7131206440859,201.37684706698565
2025-06-03,6,176.95137420718817,205.5935971542908,205.84198158577342,207.2674277319965,208.60260893124223
2025-06-03,7,150.09189102047395,170.79059710594888,175.35768154595272,176.28539849981678,173.75910757000534
2025-06-03,8,113.14256355269625,110.81033098025954,131.1988289943105,125.46297717254681,126.00838898996774
2025-06-03,9,108.63972743259086,92.65674216289186,124.3822165697687,111.66206074751098,114.91915887337467
2025-06-03,10,123.62987424530505,103.40187829487137,128.41096412619314,117.12129310722817,124.52797596060336
2025-06-03,11,139.52963370539223,110.2054794520548,129.02941521164328,120.06244474605961,124.59671036537478
2025-06-03,12,130.59449506927973,121.65155567151524,130.52606539006956,125.90253941466337,131.74478816568657
2025-06-03,13,113.79112039160648,128.25336608725397,128.03721933960875,127.12460387168082,133.63325467680832
2025-06-03,14,104.24587992937022,118.42915518388293,120.11354835058007,119.02975649536803,124.36119935497595
2025-06-03,15,104.75137024386368,115.95541601255889,116.21668229199463,116.64142478538162,121.7482052466674
2025-06-03,16,97.7865229528536,102.52025586353945,111.43528063571232,109.64329419432757,120.32727792799417
2025-06-03,17,109.77411244857537,97.19100752673974,118.03315991704278,113.16722352974554,116.13072941643449
2025-06-03,18,137.43480919325253,106.79537738760672,133.38369543656242,126.67193285153256,128.8214330810515
2025-06-03,19,163.2585347142309,150.7431793506812,171.65150163190347,165.9195345458425,170.00349231292557
2025-06-03,20,202.92130864584968,214.6765460245084,222.8456318964239,218.88519879710765,229.22293119834595
2025-06-03,21,208.36284074029467,219.88925505824648,231.32104893127962,226.10807750540891,235.05658099175827
2025-06-03,22,205.46083041922907,216.42221956374368,226.1728362757076,221.84133637968495,228.5032042110716
2025-06-03,23,202.6344815116174,210.62976673654163,217.7873502045792,215.2629603462486,221.0935310105912
2025-06-04,0,195.94891609795263,202.44513457556937,207.19414553626686,204.04789078486056,196.5056715342599
2025-06-04,1,169.276870017527,192.7575757575757,204.53890980707652,198.96171469392362,190.72658107349125
2025-06-04,2,159.68751863557756,189.13876465611023,200.14171634075902,194.95098320176496,188.74140677594926
2025-06-04,3,149.8771196854264,184.4099417379447,199.9528686162969,193.08409600767916,185.35031404061195
2025-06-04,4,153.5758377425044,183.4012066365008,203.10247282934878,194.1509589212984,185.95745444889346
2025-06-04,5,156.59374400307044,177.97529606519802,203.6664737618577,192.7732308883057,187.0813619746093
2025-06-04,6,171.73396674584322,176.95137420718817,207.22941305946657,195.14862034605508,190.47309900576295
2025-06-04,7,155.00226269940038,150.09189102047395,176.01560752660083,167.5886707993004,173.04477532079366
2025-06-04,8,143.83169533169533,113.14256355269625,130.88019218480056,125.2379685478106,129.88363112855671
2025-06-04,9,135.66389058162366,108.63972743259086,123.20009238775732,115.33144172428482,120.59964145913463
2025-06-04,10,138.82338721861308,123.62987424530505,128.24727611663266,122.7048846179473,129.6787179901029
2025-06-04,11,138.11337158754998,139.52963370539223,130.63384574317553,129.90414413636245,143.62459351422393
2025-06-04,12,137.34734590031223,130.59449506927973,130.40215377528605,126.6303025092888,137.62541580260904
2025-06-04,13,134.90192047923887,113.79112039160648,125.77767558136118,117.93232924308674,123.85283273463938
2025-06-04,14,129.7784008683068,104.24587992937022,117.37990869605827,109.72242371131662,117.91602579245462
2025-06-04,15,115.19584207395349,104.75137024386368,114.50340153690551,109.20145464504405,116.63054737368479
2025-06-04,16,106.03050208116544,97.7865229528536,109.92682546450226,105.5207374274981,115.77877632053189
2025-06-04,17,103.9249648472453,109.77411244857537,117.62230365044509,115.16868035669847,117.65369207958847
2025-06-04,18,111.90126154763088,137.43480919325253,135.22050848477141,136.06883781459462,141.18254050531948
2025-06-04,19,137.0989369189169,163.2585347142309,173.17558122666892,168.74957396208828,169.37165018387526
2025-06-04,20,193.2403849811694,202.92130864584968,220.84568595546557,211.34424523117832,211.1474669655977
2025-06-04,21,211.87083080654944,208.36284074029467,228.50849846198642,218.1461018481965,217.74998519612518
2025-06-04,22,211.78832116788325,205.46083041922907,223.6467549341594,214.29637522599324,211.36715032957107
2025-06-04,23,200.46778936113336,202.6344815116174,216.90943420460798,209.4322763049618,204.55903384540852
2025-06-05,0,188.30550834749576,195.94891609795263,206.99924727092156,198.67158316064268,191.5902984458363
2025-06-05,1,178.05668885548636,169.276870017527,200.60754999278808,185.91110869082524,180.50983391557904
2025-06-05,2,167.27965753826305,159.68751863557756,195.59524641443227,179.71012790123046,178.8630413190624
2025-06-05,3,160.95886035518078,149.8771196854264,193.5852139366823,175.24851004891718,178.41459294495863
2025-06-05,4,164.57809462086843,153.5758377425044,196.98440117422282,177.91492847048994,177.8621368656195
2025-06-05,5,170.27918460369713,156.59374400307044,198.26262238677333,179.62501301332048,179.41503936363767
2025-06-05,6,180.69146087473965,171.73396674584322,202.50614914619945,187.85187643595935,183.15945428626617
2025-06-05,7,152.2132520944402,155.00226269940038,173.645240492656,164.85013837415457,162.51811858171519
2025-06-05,8,136.94433631763332,143.83169533169533,134.02850351547394,133.9880394081981,136.6608160032246
2025-06-05,9,137.84500745156484,135.66389058162366,125.08366721316828,122.69236714610803,133.17330956702634
2025-06-05,10,135.78677292664048,138.82338721861308,129.9596681451944,125.43459765744353,135.51564109542136
2025-06-05,11,131.84447998172368,138.11337158754998,131.7462858360101,125.92807650670956,137.5330251856832
2025-06-05,12,124.66593776779646,137.34734590031223,131.84117210594593,125.82371293150885,136.76749014446116
2025-06-05,13,125.93551844243994,134.90192047923887,127.19567674413686,122.15916042715773,130.59806697513616
2025-06-05,14,109.42706710698486,129.7784008683068,118.89387577255728,115.65155512669162,125.99565803888181
2025-06-05,15,105.55292408740684,115.19584207395349,116.46528074721084,109.22109849592641,118.08637937045177
2025-06-05,16,104.98299698077228,106.03050208116544,111.51607345726055,104.33352762194042,110.49372024111173
2025-06-05,17,104.8594612138916,103.9249648472453,117.75711911565033,108.94937350817094,112.32447846301369
2025-06-05,18,112.59206798866856,111.90126154763088,132.89234094574843,122.3812837710338,120.67155431635479
2025-06-05,19,151.54448323283614,137.0989369189169,170.13869576526469,153.89382946633603,156.01074600332433
2025-06-05,20,214.85936946510805,193.2403849811694,219.51903109446263,203.18338421723936,207.56591271710886
2025-06-05,21,230.72474802407368,211.87083080654944,229.53341965878772,215.60147174656112,220.7010082639595
2025-06-05,22,226.93617651414183,211.78832116788325,225.68082870022712,213.32484680064397,217.88125550560483
2025-06-05,23,215.7622030801357,200.46778936113336,218.31970270031255,205.29447938782346,207.71911907573607
2025-06-06,0,209.80841436410896,188.30550834749576,209.54260280354129,205.42270311887043,204.33216496970408
2025-06-06,1,204.03954656038096,178.05668885548636,203.237929428285,197.7341084198967,196.64602841850456
2025-06-06,2,192.583502170767,167.27965753826305,198.34326648671544,190.9900938371951,194.10226543962926
2025-06-06,3,183.9592703648176,160.95886035518078,196.3389765706292,187.58036526372672,193.202280146039
2025-06-06,4,187.78063520637772,164.57809462086843,199.59448403445504,190.0537802681707,195.01154743377387
2025-06-06,5,186.58229474495693,170.27918460369713,201.3661847785017,192.85707728915366,196.37267176227905
2025-06-06,6,189.164397128002,180.69146087473965,205.09952360758993,199.41655100111325,202.50784467837252
2025-06-06,7,163.417305022878,152.2132520944402,175.15510565069576,171.45587289931441,170.45902563282127
2025-06-06,8,133.25852782764812,136.94433631763332,137.02954960678812,140.41280608842166,143.86516807019342
2025-06-06,9,125.06581123090152,137.84500745156484,129.31327770965228,133.49742026638293,140.23962999358793
2025-06-06,10,134.34238763872708,135.78677292664048,133.89157351547425,134.61840852366785,139.18989149768842
2025-06-06,11,134.55846749788162,131.84447998172368,134.55812781147793,133.54353519258024,136.30625951075297
2025-06-06,12,128.75638584081497,124.66593776779646,133.06181598120892,130.62811909359112,130.42688453836166
2025-06-06,13,130.00386513646905,125.93551844243994,128.15044378129383,128.66840024565994,129.23726763009714
2025-06-06,14,121.60471641602824,109.42706710698486,118.60263570912075,117.20273172462737,116.61662033321434
2025-06-06,15,107.30302127800392,105.55292408740684,114.45912819789125,114.01643621042675,113.14762823232216
2025-06-06,16,106.481551012049,104.98299698077228,111.72496855320318,112.4193992097233,114.92978510621836
2025-06-06,17,110.30950905460304,104.8594612138916,117.13641710551352,116.55855238774551,117.44949618096646
2025-06-06,18,108.73552636238094,112.59206798866856,132.08537712043054,128.91641194144177,124.79004725698272
2025-06-06,19,144.65076660988075,151.54448323283614,169.47662647865232,165.52312071698861,168.5446583623888
2025-06-06,20,204.20108612513383,214.85936946510805,221.0447954853104,218.9206769648228,229.05201971097011
2025-06-06,21,214.5578021299584,230.72474802407368,230.93794187825682,230.7108586214095,238.05043536856863
2025-06-06,22,206.1131616305009,226.93617651414183,226.40803817855803,226.81524519289346,231.8395665574995
2025-06-06,23,191.78214083443456,215.7622030801357,217.77460206906375,218.3025877832142,219.78753547177598
2025-06-07,0,188.9932480096745,209.80841436410896,208.57767656289874,188.97496907432088,186.4301172229002
2025-06-07,1,171.92693370914412,204.03954656038096,199.70274108278187,182.02130613987237,182.49846638765604
2025-06-07,2,157.32786300392436,192.583502170767,193.2097326131811,174.31218471392432,175.99745137340867
2025-06-07,3,158.5487804878049,183.9592703648176,189.38744552818352,169.3171319193032,171.64931918916827
2025-06-07,4,146.4165535956581,187.78063520637772,191.53712792367688,171.52985956429688,172.75228755316544
2025-06-07,5,142.19046328908155,186.58229474495693,191.8050306049958,171.61084247452658,173.46508612218267
2025-06-07,6,139.20016104140106,189.164397128002,195.29957928610847,175.71970238561246,174.55467670077473
2025-06-07,7,118.88324569789675,163.417305022878,168.72468104666928,149.4166986150944,152.07689066498347
2025-06-07,8,127.21320884671309,133.25852782764812,132.78529200524056,114.06096599880102,127.31721439539112
2025-06-07,9,126.37612521832594,125.06581123090152,125.75241473064018,103.58535237184984,120.32315093269952
2025-06-07,10,128.36709384042993,134.34238763872708,131.5372632277312,109.51469059642513,129.28595925685275
2025-06-07,11,126.11639915391316,134.55846749788162,133.0260863360952,110.38996726509183,128.61644557521518
2025-06-07,12,120.00603385309157,128.75638584081497,131.52071457772936,108.07991300163913,123.74940114211867
2025-06-07,13,120.1310548631633,130.00386513646905,127.10935608467648,106.54214081315106,121.85024802655532
2025-06-07,14,115.1012213485026,121.60471641602824,117.22534122497153,97.69660562782349,118.0314151323955
2025-06-07,15,109.28488092787045,107.30302127800392,111.98571667626902,89.95654499718084,109.44112293168618
2025-06-07,16,89.21882439113716,106.481551012049,108.31982506600893,87.677679706699,109.29987805924814
2025-06-07,17,86.27899484536083,110.30950905460304,111.9791621454893,92.52302885450722,111.06354650829442
2025-06-07,18,95.50577124868836,108.73552636238094,123.96345789688634,100.28297420775827,110.94643606341938
2025-06-07,19,133.75465343024285,144.65076660988075,160.2522271167298,136.02645572044187,145.04566049521998
2025-06-07,20,200.72865687873843,204.20108612513383,212.2249180840374,189.6240937423869,194.3772599972501
2025-06-07,21,212.6732110369921,214.5578021299584,222.57169524693498,200.01859507906602,204.65211484439953
2025-06-07,22,201.9397651863196,206.1131616305009,217.5980553580382,194.4695781883799,198.69947940626471
2025-06-07,23,184.2700729927008,191.78214083443456,208.21311525523393,184.45980727917072,185.39564943385955
2025-06-08,0,165.15608610958495,188.9932480096745,200.12087873789127,182.73829703903004,171.754532208416
2025-06-08,1,167.94464562855666,171.92693370914412,188.4262976543047,170.9920362320801,160.305956404665
2025-06-08,2,165.51753298004286,157.32786300392436,179.00809584397751,161.27998099591028,148.91432248456718
2025-06-08,3,163.90185918927156,158.5487804878049,175.2082943536303,159.71429603293365,146.68529573656284
2025-06-08,4,162.474049544673,146.4165535956581,174.59947212081426,155.52787794044036,146.9252587069704
2025-06-08,5,166.67677810765457,142.19046328908155,173.7889338257336,154.13725561474726,150.75299061734663
2025-06-08,6,166.57711508145033,139.20016104140106,178.3360285218005,155.80562249229544,151.73856159093094
2025-06-08,7,136.36823303105248,118.88324569789675,154.2957655304488,130.99065384078517,129.51010339623218
2025-06-08,8,118.4232602478551,127.21320884671309,128.39708046545888,113.56081394940702,124.96667840798088
2025-06-08,9,119.9341256840124,126.37612521832594,122.38878528042129,106.219036935071,121.2529323393069
2025-06-08,10,113.83138994943762,128.36709384042993,128.1812061563215,109.4397931773936,124.58073423737252
2025-06-08,11,115.1992250565063,126.11639915391316,129.8275037619853,109.35045394778314,125.55887358937271
2025-06-08,12,121.1344065892924,120.00603385309157,128.0408298024701,106.47304140644052,119.35973551441427
2025-06-08,13,119.10653247246486,120.1310548631633,125.51656019397588,105.28329025307778,117.29737853882096
2025-06-08,14,114.58993754119456,115.1012213485026,115.59554584082288,98.11138210121386,110.70334040408659
2025-06-08,15,98.60479756146049,109.28488092787045,109.90410317635315,93.20165873522629,104.27017232575633
2025-06-08,16,92.02849002849004,89.21882439113716,102.62104028402356,82.54210736703786,94.0283418664616
2025-06-08,17,94.62350735221554,86.27899484536083,103.66746083881488,84.08444459938157,96.86157314835637
2025-06-08,18,101.39048665417178,95.50577124868836,113.23005144300673,95.23235916572993,101.71789296362377
2025-06-08,19,145.89382825344632,133.75465343024285,149.20009243979584,131.7491046087424,129.71151035660742
2025-06-08,20,209.7643235739525,200.72865687873843,205.95918942464982,189.7471079231025,182.46192233219844
2025-06-08,21,225.29203598359567,212.6732110369921,218.25260819036265,200.9419351797343,196.4284919035443
2025-06-08,22,217.9428611343951,201.9397651863196,213.15241338758509,194.21520285399967,191.3687075925033
2025-06-08,23,202.8929084810733,184.2700729927008,202.84287188464694,182.46006942571017,173.5373197296899
2025-06-09,0,190.2334476391453,165.15608610958495,192.92905588417952,197.19149166342345,192.7603193222028
2025-06-09,1,181.57058534185933,167.94464562855666,183.18529263354398,193.07107699100752,188.44122133466553
2025-06-09,2,176.22846441947564,165.51753298004286,174.5760792126853,187.93757198230452,181.45387633406756
2025-06-09,3,175.14672686230247,163.90185918927156,170.31298099318155,185.46768341650431,181.51567579832061
2025-06-09,4,173.94150097689922,162.474049544673,171.14421616034923,184.88645020337233,181.43930644966375
2025-06-09,5,180.8862063047085,166.67677810765457,171.5285645935982,186.85040207600713,185.33650324893193
2025-06-09,6,193.50676041103296,166.57711508145033,175.70172460470218,189.25753555881022,189.35519603954592
2025-06-09,7,165.2730439694944,136.36823303105248,149.53811238172725,160.69387941682413,154.50429415990072
2025-06-09,8,139.895521886653,118.4232602478551,126.23198901492867,136.09628945173415,127.4997492217799
2025-06-09,9,140.4155640212871,119.9341256840124,120.88306139455871,130.45965153109236,127.18089814489363
2025-06-09,10,141.52149480191065,113.83138994943762,125.45468344486065,129.39967923909308,120.47583467834704
2025-06-09,11,139.166154190194,115.1992250565063,127.93815091928882,130.97892595218653,123.73517430326481
2025-06-09,12,131.77083037816675,121.1344065892924,126.30802295601465,132.764796632819,124.39196683466753
2025-06-09,13,130.70583908566255,119.10653247246486,124.58905398180522,130.99481132690465,122.91740793556362
2025-06-09,14,124.00138157326656,114.58993754119456,116.16805405632431,124.86042074718969,117.32190487672557
2025-06-09,15,119.50601150026137,98.60479756146049,108.09260745501682,114.92691894314471,113.47899529949191
2025-06-09,16,115.5056695851873,92.02849002849004,99.86416333000099,109.29217346324776,113.5877192556251
2025-06-09,17,112.6020451761757,94.62350735221554,100.99450818409022,113.36372599750531,115.78527217156002
2025-06-09,18,118.79682729892436,101.39048665417178,110.62218576891425,123.3245308474786,119.53581889720927
2025-06-09,19,158.61243743887707,145.89382825344632,146.70634035860502,162.3061212437694,156.44061232344023
2025-06-09,20,221.8061289759842,209.7643235739525,205.7702393849229,219.26803525470604,219.2812801268065
2025-06-09,21,234.24178220906683,225.29203598359567,217.62438911138722,231.456241530513,227.6614720857525
2025-06-09,22,228.4907313784968,217.9428611343951,212.37190508803047,225.74404575328157,220.24605663872387
2025-06-09,23,217.3134103654635,202.8929084810733,201.20562328537667,214.37719381488455,208.8111580328333
2025-06-10,0,202.9865659109992,190.2334476391453,191.55582216336163,205.43209132818993,214.16611448558885
2025-06-10,1,182.25448419383608,181.57058534185933,180.79612083864717,197.54919704011192,210.09189481023117
2025-06-10,2,170.55423812937738,176.22846441947564,172.53761477202292,191.51637568735117,204.11226668178642
2025-06-10,3,162.4721549636804,175.14672686230247,168.11465124039265,189.18599599691555,204.01051632736437
2025-06-10,4,161.94773757060395,173.94150097689922,167.45255404621167,188.3729629049628,203.93395210271393
2025-06-10,5,168.23503213081378,180.8862063047085,168.74056673119532,191.8151932959665,204.7022861546575
2025-06-10,6,176.2723091076357,193.50676041103296,173.97503364137964,198.96590120147255,206.6634875234214
2025-06-10,7,153.26792452830188,165.2730439694944,148.7498905050909,172.32224428332898,181.43608946523446
2025-06-10,8,130.3084345961401,139.895521886653,130.3870162872706,147.11577665921664,151.21258510289866
2025-06-10,9,138.25799573560766,140.4155640212871,127.70575023147232,142.50906577061647,148.10337944016857
2025-06-10,10,139.0702016430172,141.52149480191065,130.90034294586627,143.45971437053055,149.1608322953854
2025-06-10,11,136.76458079333125,139.166154190194,132.07539016759443,142.73789362490274,147.80383911139774
2025-06-10,12,133.10043172006365,131.77083037816675,127.75363362839344,138.3634935960518,138.96722918172773
2025-06-10,13,126.47053743631078,130.70583908566255,124.93940726729215,136.48396689661377,136.6224603749868
2025-06-10,14,122.0168926817863,124.00138157326656,116.96408639766483,129.7614828927386,131.142791392463
2025-06-10,15,117.54611498101588,119.50601150026137,108.59983538183145,124.00269587726851,127.34782967575745
2025-06-10,16,111.13843712812375,115.5056695851873,101.71922243309355,120.09991275056674,127.12287807743897
2025-06-10,17,113.16580357410125,112.6020451761757,103.19608499115249,122.4208721748721,127.20049029011156
2025-06-10,18,128.24134623768418,118.79682729892436,112.3366786133882,131.72458216207443,132.66372987680975
2025-06-10,19,173.5599747111903,158.61243743887707,147.83052008549015,168.2887920727633,177.73333024183302
2025-06-10,20,226.86830706292864,221.8061289759842,206.78875123513373,224.5764670136194,230.99527042931112
2025-06-10,21,239.5368481448425,234.24178220906683,219.67475013293296,236.1951034718615,237.504854014579
2025-06-10,22,232.41991915486253,228.4907313784968,214.0959782044238,230.90737410724392,234.16731152852583
2025-06-10,23,212.8573688790444,217.3134103654635,202.1604295180798,220.42590658855875,224.8941474360291
2025-06-11,0,200.35323271006985,202.9865659109992,191.63316949699447,205.08036507131123,209.55610314414423
2025-06-11,1,186.6646360036552,182.25448419383608,179.29567918668437,192.52593884006197,199.3638641721695
2025-06-11,2,175.97193492480574,170.55423812937738,169.88268241106113,183.99615573595446,193.3476946270152
2025-06-11,3,161.68384247331616,162.4721549636804,164.980681701212,179.19683650948397,193.4759363022362
2025-06-11,4,156.03855640659484,161.94773757060395,164.38777275108353,178.55861504317286,193.16206233865148
2025-06-11,5,153.27424467878632,168.23503213081378,167.34910045485472,182.39403833165397,194.03585788546062
2025-06-11,6,148.59434777242996,176.2723091076357,173.87802434144356,188.50380520528947,196.4262909356422
2025-06-11,7,126.72369895101336,153.26792452830188,149.20360957763774,163.37055113952582,165.31019713200396
2025-06-11,8,114.8738903762153,130.3084345961401,132.83928357919118,139.55305687950008,138.26221979974272
2025-06-11,9,120.35632610173684,138.25799573560766,131.9369314176176,138.44266165301167,139.63577772109315
2025-06-11,10,123.0235840733988,139.0702016430172,133.10610400268232,138.42590769704555,140.96326580864945
2025-06-11,11,120.80821877997036,136.76458079333125,131.68038260872856,136.74922321357005,138.2682635390285
2025-06-11,12,116.98247302998556,133.10043172006365,128.11162457850543,133.87006543467604,130.78311910848436
2025-06-11,13,110.40618411806044,126.47053743631078,126.75075255939278,130.55692819215997,128.16301684819504
2025-06-11,14,102.59939012226054,122.0168926817863,119.50280250515286,125.14748983103634,124.93292867169158
2025-06-11,15,89.45577828442839,117.54611498101588,110.42765605856748,119.2215192924162,119.60138447110846
2025-06-11,16,81.00563568052357,111.13843712812375,103.62663874384643,113.96202573229954,118.86120111837604
2025-06-11,17,80.22774072594277,113.16580357410125,103.68061229479905,117.24892093818579,120.85394632916692
2025-06-11,18,86.90422108650388,128.24134623768418,111.02332676259273,129.8015964015833,131.02129051439886
2025-06-11,19,117.18881874345904,173.5599747111903,149.30215437077004,169.27049356412266,172.88896311504385
2025-06-11,20,179.6269520968591,226.86830706292864,210.20975100900213,222.95509416240031,224.42462360924117
2025-06-11,21,198.3467771237556,239.5368481448425,224.12817976215408,235.06364603533132,233.67154549054936
2025-06-11,22,199.7326362957431,232.41991915486253,217.9472765952286,229.02673973599488,225.39768250062133
2025-06-11,23,186.5922840859272,212.8573688790444,203.6208419991408,214.76305603922054,215.8024325788187
2025-06-12,0,170.7636994792958,200.35323271006985,192.26235758443977,193.2863438410038,180.060664755341
2025-06-12,1,152.65511551155114,186.6646360036552,181.77964575613123,183.60336577588365,170.06354106223617
2025-06-12,2,138.8328285887341,175.97193492480574,172.20902759523656,175.387434704863,162.20695154070876
2025-06-12,3,130.46175951929985,161.68384247331616,166.66735638519626,168.13219846129724,157.7788619395509
2025-06-12,4,132.85398230088495,156.03855640659484,164.73958970309647,164.99400367427347,156.60883090187173
2025-06-12,5,132.11756281734148,153.27424467878632,166.87488626567125,165.3126833496235,158.1478316760533
2025-06-12,6,147.6173240905466,148.59434777242996,170.57236448809883,165.6840265301671,163.96187941958263
2025-06-12,7,121.44802829541256,126.72369895101336,145.16381475643956,140.24267215872274,140.15301176052594
2025-06-12,8,109.776514478593,114.8738903762153,128.70245429983686,120.77937824610879,123.91908162751989
2025-06-12,9,115.80370919432428,120.35632610173684,129.75013649191948,119.98645444028502,127.84546513845712
2025-06-12,10,123.65255187885586,123.0235840733988,130.8489892676517,120.65277165190285,130.32735639247835
2025-06-12,11,122.50677543869254,120.80821877997036,129.2082179219315,118.70625408818361,128.00420711642164
2025-06-12,12,122.0980985306828,116.98247302998556,125.20235702560161,116.01016930634103,124.01316909259776
2025-06-12,13,120.40885387773216,110.40618411806044,123.25136165065298,112.47746602415826,117.27731511162116
2025-06-12,14,109.9974133471288,102.59939012226054,115.62008668428909,105.73852618885809,111.31696215468284
2025-06-12,15,102.7872967687323,89.45577828442839,106.75050408863532,96.12261490969296,102.14520605841712
2025-06-12,16,99.1324916557829,81.00563568052357,100.05165782946902,90.02606753860128,96.14047703549663
2025-06-12,17,90.2838667576306,80.22774072594277,100.2952945631844,92.09123030615356,96.63848888287262
2025-06-12,18,90.1307430255041,86.90422108650388,107.45232098243173,101.08210547317867,101.89149673582929
2025-06-12,19,113.08228544745003,117.18881874345904,146.45785177427607,135.42407227312768,131.9908337181873
2025-06-12,20,177.57707231040564,179.6269520968591,208.2649748826721,193.50767657337363,189.44290292099356
2025-06-12,21,198.6285077790953,198.3467771237556,222.19617209318352,208.21622667588525,210.22120800055652
2025-06-12,22,202.86012068019747,199.7326362957431,216.22503589920854,205.26111872227193,207.29297624064634
2025-06-12,23,187.58984833340577,186.5922840859272,201.63862695982564,192.99429494808794,191.39757934856976
2025-06-13,0,173.49000298418383,170.7636994792958,189.75638488898264,188.39217492823056,186.35927355669114
2025-06-13,1,170.4739541160594,152.65511551155114,178.15084956414051,176.5917162543645,175.2133056716966
2025-06-13,2,160.32933413317338,138.8328285887341,168.145194888161,167.00438355058617,168.13969574930823
2025-06-13,3,152.90837931476966,130.46175951929985,162.31062769435613,161.5156296874454,167.99527319999217
2025-06-13,4,141.15313336536482,132.85398230088495,160.20757365738453,161.16428971402863,167.55292784347026
2025-06-13,5,140.17831522853044,132.11756281734148,161.42322601047758,161.66998651779457,168.82633278871725
2025-06-13,6,149.2937293729373,147.6173240905466,165.84748780464267,169.41860967138297,172.01786567742764
2025-06-13,7,119.01722449449854,121.44802829541256,140.7687827851499,142.35999140621178,145.05532769510003
2025-06-13,8,101.72448583624367,109.776514478593,124.82133689425966,123.40600880005108,127.18360711353996
2025-06-13,9,116.1966893865628,115.80370919432428,126.60137959802796,123.63701122879277,131.21622150141835
2025-06-13,10,117.23097930952594,123.65255187885586,129.11552911796815,126.98255351380952,134.65512073884133
2025-06-13,11,118.55014923692065,122.50677543869254,127.87426013006989,125.8429798829673,134.01063285834417
2025-06-13,12,125.46612903225808,122.0980985306828,124.8355228488711,124.80419394315601,131.3666762469238
2025-06-13,13,116.97082522923034,120.40885387773216,122.46183814140902,122.54557651457137,130.23698495699486
2025-06-13,14,105.01659275792194,109.9974133471288,115.70156471859538,114.98233721687308,118.75503840521984
2025-06-13,15,95.55686872142569,102.7872967687323,106.35541447168183,107.67550229570291,113.58119689629946
2025-06-13,16,89.4992330308066,99.1324916557829,99.21587135447054,103.01143813388083,108.66888863170702
2025-06-13,17,87.81001693369807,90.2838667576306,98.21306678371853,101.4306751748344,103.43533127271367
2025-06-13,18,84.94748535649364,90.1307430255041,104.24356027340822,107.13595587898212,106.11326967946485
2025-06-13,19,108.60453436648012,113.08228544745003,140.9632520906495,137.24994834776766,136.34434913834397
2025-06-13,20,171.6545150755677,177.57707231040564,202.9389324320003,196.3796330094867,202.4441412546097
2025-06-13,21,186.3028534889297,198.6285077790953,217.61099491532948,212.4411518856361,222.1649786048486
2025-06-13,22,185.3480489417989,202.86012068019747,212.7855993515022,211.4472409732132,219.9749741425906
2025-06-13,23,171.90054939938543,187.58984833340577,197.6140048531499,198.38925058264238,207.68444930652473
2025-06-14,0,156.6704704600861,173.49000298418383,184.5680404061362,170.21720803984823,165.33225630539178
2025-06-14,1,140.4739309721516,170.4739541160594,173.3557649292374,164.1684090017377,155.7587675291685
2025-06-14,2,123.64960776989167,160.32933413317338,163.53745659707621,155.83223097771503,143.91176448247194
2025-06-14,3,110.43777403035412,152.90837931476966,157.87478611577785,150.57145090579493,140.347591149833
2025-06-14,4,117.7206087685004,141.15313336536482,153.54650196581127,144.77621389797943,139.16094912511443
2025-06-14,5,126.50220507166485,140.17831522853044,154.79408607955952,145.12666787644253,139.90915653680185
2025-06-14,6,131.6061529933481,149.2937293729373,160.15167812534767,151.5308712930543,141.51476481279295
2025-06-14,7,108.6829444310801,119.01722449449854,134.42591413823857,122.55566694260361,127.16668921480439
2025-06-14,8,105.16543972136468,101.72448583624367,120.31647375263047,101.01605325097586,112.42990027797359
2025-06-14,9,128.65033941168642,116.1966893865628,125.33436219169384,106.10232511817175,121.81211940939234
2025-06-14,10,129.54121726957462,117.23097930952594,126.67104221379657,106.62641180048206,125.68606167219639
2025-06-14,11,130.84909371501195,118.55014923692065,125.58735752136117,106.52868312107167,122.9568995340531
2025-06-14,12,123.88996109426218,125.46612903225808,124.3654861619344,109.1359082558849,121.95227149728035
2025-06-14,13,110.3014252696456,116.97082522923034,120.59997529751777,103.72830259939326,122.47798993859229
2025-06-14,14,98.13595846801842,105.01659275792194,113.33183276743732,95.1657357898103,105.26464338669595
2025-06-14,15,88.57234466232407,95.55686872142569,104.67739267788492,87.19690472419336,99.56831758367717
2025-06-14,16,90.97250801146905,89.4992330308066,96.78982592857876,81.87309194968482,91.45115918343396
2025-06-14,17,87.92686793250432,87.81001693369807,94.99885362358926,82.51889146476653,91.33092031602587
2025-06-14,18,91.52023800778667,84.94748535649364,100.84526870113861,86.355812955257,91.4066432985345
2025-06-14,19,133.3401026474172,108.60453436648012,135.81379034159224,115.86134250740477,115.67898299748285
2025-06-14,20,185.97556362535937,171.6545150755677,198.28942228206233,175.1587271483632,166.5043164503033
2025-06-14,21,196.292099588316,186.3028534889297,213.5745736808968,189.6314903133847,192.75212194734053
2025-06-14,22,189.28335217045503,185.3480489417989,209.81915468168765,187.298648725321,188.5179101771281
2025-06-14,23,175.99236832856354,171.90054939938543,194.77377750528578,174.90855350924318,166.67976774686034
2025-06-15,0,160.32682321065704,156.6704704600861,179.950500756195,168.25846426182682,161.80381149406753
2025-06-15,1,152.8918453406189,140.4739309721516,168.86247882395278,157.41782018352384,150.9221875085729
2025-06-15,2,138.52190014046738,123.64960776989167,158.72627727792866,146.45319844693336,144.18627372327742
2025-06-15,3,133.96345097000597,110.43777403035412,151.0017851932849,138.17573665273778,148.97143104545495
2025-06-15,4,134.25578135949544,117.7206087685004,149.4470812762173,140.11712479798013,150.56144832894745
2025-06-15,5,125.38179201151492,126.50220507166485,152.55290633421427,144.62561076757666,143.0292477073708
2025-06-15,6,132.90868924889543,131.6061529933481,159.06681983276872,150.2662892538145,145.6966927608737
2025-06-15,7,120.04176961995528,108.6829444310801,132.96872824297904,123.308381435916,121.12489697067971
2025-06-15,8,110.80308073380291,105.16543972136468,117.16679244900926,106.72252985477537,115.34522177709792
2025-06-15,9,121.77196412918886,128.65033941168642,125.6592499336025,116.45089135104682,136.5150862283794
2025-06-15,10,128.66117987057862,129.54121726957462,126.83877413224582,116.53534879937743,137.5015956511451
2025-06-15,11,122.17926025390624,130.84909371501195,126.26345674437529,116.44389316956939,136.73365018617585
2025-06-15,12,117.75888480392156,123.88996109426218,124.92033291067307,113.58776327724466,132.573158162848
2025-06-15,13,110.51097841637122,110.3014252696456,119.19574249844382,105.19850985462917,121.10741103385428
2025-06-15,14,101.02629016553068,98.13595846801842,110.90822378451102,96.41602938117506,109.80709089770887
2025-06-15,15,88.56857456797523,88.57234466232407,101.71845892566402,87.97671825101182,97.70932629468413
2025-06-15,16,84.42907261534388,90.97250801146905,97.04035216005475,87.56475193686308,96.75471168236157
2025-06-15,17,85.14443721535459,87.92686793250432,95.23426406460975,88.39087322952906,97.07516721520471
2025-06-15,18,94.89290214195717,91.52023800778667,100.27590680958123,94.53544167800948,100.22933859282773
2025-06-15,19,133.16882112117597,133.3401026474172,135.75456880118858,131.29678050131002,135.49943030901372
2025-06-15,20,192.18923081965065,185.97556362535937,196.18183753157956,184.6690990333707,185.80629778758748
2025-06-15,21,205.5652510467612,196.292099588316,211.23441490251452,196.83274848959314,200.7889618384673
2025-06-15,22,201.83926906582136,189.28335217045503,208.0110956794213,192.6360491517171,193.7341502851468
2025-06-15,23,184.02999516207063,175.99236832856354,193.59124826755186,181.11755907805963,181.59588596693277
2025-06-16,0,164.5271404588696,160.32682321065704,179.26060605634817,186.14162995405525,177.33186026460095
2025-06-16,1,151.79303846580203,152.8918453406189,166.7120787828188,177.595412791365,166.89783781217463
2025-06-16,2,143.86280540885613,138.52190014046738,154.86975830084648,166.59953866922683,161.41099498958837
2025-06-16,3,134.3597174424923,133.96345097000597,146.72486973338982,160.94332143907764,159.06000387409492
2025-06-16,4,128.09439565299803,134.25578135949544,145.41590010690624,160.83578034388628,159.0079327130813
2025-06-16,5,137.26103060627722,125.38179201151492,146.65362260619435,158.5775712569636,162.28978602313393
2025-06-16,6,150.07354364234567,132.90868924889543,154.2570447138323,165.26954578908143,168.76209250739035
2025-06-16,7,128.7468671679198,120.04176961995528,130.63637632710802,142.8028519433662,139.27213097910658
2025-06-16,8,105.25186941455408,110.80308073380291,116.07819537557324,124.8342453207088,117.54709181787496
2025-06-16,9,114.87857612885033,121.77196412918886,125.92179828291343,130.59093550042402,125.29706579338034
2025-06-16,10,121.3970051665256,128.66117987057862,128.95731554955168,134.10961279170598,130.3720426017372
2025-06-16,11,120.10866552087376,122.17926025390624,127.26060462971815,130.63860026120017,122.32290556406473
2025-06-16,12,115.13710488104546,117.75888480392156,124.43811551276293,127.93415393715313,120.53531952300034
2025-06-16,13,105.01357312521208,110.51097841637122,117.96780620471615,121.51433164692301,113.24363560092466
2025-06-16,14,95.6629818266003,101.02629016553068,108.97055987370189,113.00617300165915,104.49488711498554
2025-06-16,15,91.45383684194988,88.56857456797523,100.28471278373756,103.90684444069448,100.4532240569854
2025-06-16,16,81.58465924767773,84.42907261534388,95.95472110103387,101.43929599935008,100.58226038754597
2025-06-16,17,83.26068454009362,85.14443721535459,93.88011118791532,103.42475180906516,101.07393413556518
2025-06-16,18,84.98971449943897,94.89290214195717,99.34768045069343,112.82918171370568,105.63966300019987
2025-06-16,19,128.2483097725876,133.16882112117597,133.9367106394357,147.6787922849015,141.2343855643881
2025-06-16,20,191.32193089621904,192.18923081965065,193.67110999525076,203.2166582986486,200.36021320840644
2025-06-16,21,208.5848345777108,205.5652510467612,208.416302768681,216.45337305947834,219.71193887804714
2025-06-16,22,202.86991357246188,201.83926906582136,205.7105825267679,213.56664996991918,216.75958343662165
2025-06-16,23,192.00474808757585,184.02999516207063,190.8965463648372,199.89483187713856,202.6890855422057
2025-06-17,0,173.7692623792891,164.5271404588696,175.58827645916594,186.89493909165634,184.10751178643363
2025-06-17,1,165.32139997712454,151.79303846580203,162.45814351481062,176.61133448936548,172.8510402343852
2025-06-17,2,138.76688867745003,143.86280540885613,150.24609272790082,167.7382472645025,167.0524703875281
2025-06-17,3,138.4971098265896,134.3597174424923,140.89815410198835,160.15656517213924,165.11502915809731
2025-06-17,4,137.21201104154042,128.09439565299803,138.8663136320632,157.44772919075373,166.57843505681757
2025-06-17,5,129.87759446514104,137.26103060627722,140.42145464927557,161.47814273600216,169.71941348175127
2025-06-17,6,134.88796625807302,150.07354364234567,148.05229946116268,170.18793634251546,172.96992635257902
2025-06-17,7,119.23305241956857,128.7468671679198,125.41835106974021,145.71794690214045,148.005738924267
2025-06-17,8,115.63416525662718,105.25186941455408,111.1291021652734,123.02133055395556,118.32209876483881
2025-06-17,9,132.5784139776862,114.87857612885033,122.27365715542246,128.89223448985328,127.95747515534093
2025-06-17,10,137.97344494155,121.3970051665256,126.08238845878236,132.83566742754982,130.70638688797595
2025-06-17,11,130.9046405771378,120.10866552087376,124.53810624838668,131.32941091895108,129.27399584338698
2025-06-17,12,121.68351557664536,115.13710488104546,122.06186901317419,128.31296885675818,127.02363732506416
2025-06-17,13,108.1844071533562,105.01357312521208,114.29748249608038,120.68448914137629,115.44534330112862
2025-06-17,14,101.74642404769996,95.6629818266003,104.92221705274957,112.0406995372231,108.36929076190229
2025-06-17,15,98.88871551616528,91.45383684194988,96.27725926112164,105.83506255261872,104.35711921749171
2025-06-17,16,92.02829737739395,81.58465924767773,91.10886248138965,100.2810613073667,103.54157609791238
2025-06-17,17,89.57674246169056,83.26068454009362,89.68848823990359,102.74441718371565,106.27078945268154
2025-06-17,18,96.41676949468804,84.98971449943897,94.5180929079098,108.09853244975731,107.84463627095889
2025-06-17,19,139.36934227542028,128.2483097725876,129.59897811568004,144.79722325107875,147.2717403879152
2025-06-17,20,202.80851582992744,191.32193089621904,189.31622455528432,202.15359430084516,202.98910496026065
2025-06-17,21,220.0243411657796,208.5848345777108,204.75102453563017,217.1921509954326,224.92602377360913
2025-06-17,22,210.2710473719275,202.86991357246188,202.05046569733435,213.65635789151122,218.89690079953442
2025-06-17,23,191.87469287469287,192.00474808757585,187.28102318228184,202.47111100022735,202.92812102288116
2025-06-18,0,176.9179475053204,173.7692623792891,171.4143759546359,186.0733023368894,186.37683983429986
2025-06-18,1,177.6359821662733,165.32139997712454,160.03913148385183,177.71609811906495,178.23690578999432
2025-06-18,2,174.80119341327674,138.76688867745003,145.7050428061969,161.61663932833955,172.07569087671544
2025-06-18,3,180.8773234200744,138.4971098265896,137.4731476538325,157.76519757962419,171.60280694258068
2025-06-18,4,185.6279503467568,137.21201104154042,135.33263841362557,156.79781934311725,170.87362376199897
2025-06-18,5,186.5905540199496,129.87759446514104,134.9418206970366,154.84239355210462,168.0151515183383
2025-06-18,6,186.557182923029,134.88796625807302,142.14025048265373,161.09180867480433,169.4716732101606
2025-06-18,7,169.06127637935418,119.23305241956857,120.55622648277833,139.35729208424704,139.4526775622286
2025-06-18,8,150.776932044161,115.63416525662718,109.0327779739144,124.23447119074554,120.5750331527495
2025-06-18,9,155.4430717269576,132.5784139776862,121.46228833286224,132.88746414667827,131.24193058809948
2025-06-18,10,156.5883162300063,137.97344494155,125.92570893000133,136.38520929122907,136.26410918601485
2025-06-18,11,153.04121081571338,130.9046405771378,123.70097193178762,132.35024190152896,127.89166209103809
2025-06-18,12,149.38896020539153,121.68351557664536,120.43088099268586,127.02835102185864,120.2406387414849
2025-06-18,13,147.2143788954921,108.1844071533562,111.68517816994401,117.28387986542864,108.94650860846309
2025-06-18,14,137.1475322048017,101.74642404769996,102.02643581930867,109.86182654542652,102.46024747969567
2025-06-18,15,127.04059993238468,98.88871551616528,93.61191648042869,104.67548557747462,100.3849862200729
2025-06-18,16,121.49493853940707,92.02829737739395,88.37884251699968,100.1204978473538,99.9311555721612
2025-06-18,17,125.8343818580834,89.57674246169056,86.31862236670206,101.75574701516656,102.93481142548661
2025-06-18,18,134.98788241667378,96.41676949468804,89.97172480176751,109.38274637918354,106.84747851213203
2025-06-18,19,173.64700242513112,139.36934227542028,124.71460205342717,145.82817720999046,140.99534874378693
2025-06-18,20,229.29951690821247,202.80851582992744,185.87911152199845,203.4751268726135,201.16595933362132
2025-06-18,21,242.1597827104992,220.0243411657796,201.96352353862116,218.57116489148711,218.2980745816044
2025-06-18,22,236.057588441804,210.2710473719275,198.88634115691502,213.29490784568497,209.2661052900671
2025-06-18,23,223.2047134935305,191.87469287469287,184.28349803880306,199.6300712295906,196.9458638590975
2025-06-19,0,212.06663800515904,176.9179475053204,168.06647806824316,195.27010683950044,216.64600899571195
2025-06-19,1,206.25449661854284,177.6359821662733,158.74932379279727,190.63722371150413,216.63297982385637
2025-06-19,2,191.3581673934745,174.80119341327674,145.53779401883563,182.7374935757691,213.95008678281584
2025-06-19,3,182.1306136441549,180.8773234200744,140.2150735033694,181.92617824043649,211.92490111828394
2025-06-19,4,174.9627250136372,185.6279503467568,139.55969469079153,183.24884208008427,212.16420588409176
2025-06-19,5,179.24713888029694,186.5905540199496,139.70129346005993,183.99731217013868,212.44403546240707
2025-06-19,6,180.83378032063888,186.557182923029,147.563512647025,188.64703652539347,213.63537170484386
2025-06-19,7,152.84242578025882,169.06127637935418,126.60445182968415,166.5889147890984,183.9685666933597
2025-06-19,8,135.13316181072247,150.776932044161,114.16178392647807,146.30030741494704,155.95360369658798
2025-06-19,9,130.38539676764,155.4430717269576,126.47468056503665,150.6334184914181,160.11487337182297
2025-06-19,10,126.96016467586686,156.5883162300063,130.72067066665957,152.38118125920724,157.16902090657516
2025-06-19,11,122.63841364222807,153.04121081571338,128.3056850797509,149.83454013616867,152.6270770059808
2025-06-19,12,120.55258913176483,149.38896020539153,125.06037916060099,146.95873330047704,147.25146930783578
2025-06-19,13,113.48169962137148,147.2143788954921,116.9434917095771,141.42030938326903,143.22346226834134
2025-06-19,14,108.61716660026184,137.1475322048017,106.96188468824312,132.6008340110772,138.5240732536672
2025-06-19,15,98.47675540670944,127.04059993238468,98.98117671585102,125.05459376092497,127.79200794566574
2025-06-19,16,90.75484804630968,121.49493853940707,94.16302863969732,121.79423295104851,128.4673279358334
2025-06-19,17,87.49333013579543,125.8343818580834,92.83385681415074,125.46707435790444,129.92718726011043
2025-06-19,18,94.4641064257028,134.98788241667378,96.84081927750606,134.09124260487488,141.7650036193154
2025-06-19,19,134.38200458481916,173.64700242513112,132.78005686509462,169.8184351403621,181.81327902451105
2025-06-19,20,187.2627590369526,229.29951690821247,192.9751922093346,224.0936294490728,228.65678012467885
2025-06-19,21,202.9809272090864,242.1597827104992,208.22252433672742,237.14698724460595,239.36144993569386
2025-06-19,22,200.1703246456333,236.057588441804,204.07562003492373,232.5189870589576,232.12006688353605
2025-06-19,23,181.03309929789367,223.2047134935305,189.5138450970321,220.53936873215946,224.41656636006445
2025-06-20,0,166.33108142429015,212.06663800515904,173.96689785765216,188.0287925102624,179.06854265858857
2025-06-20,1,160.66946519108106,206.25449661854284,166.4063782366532,182.07694966222067,175.8843100572353
2025-06-20,2,155.47781466948385,191.3581673934745,153.04141384808426,170.44622128060797,170.90974231675256
2025-06-20,3,133.2526414337301,182.1306136441549,147.5963383783487,164.7177761113236,168.90742700105568
2025-06-20,4,117.2762784090909,174.9627250136372,145.57522936404186,161.72777451754322,167.16091907484108
2025-06-20,5,118.54927610788565,179.24713888029694,146.43409004048212,163.94912187634392,167.93421803970378
2025-06-20,6,129.5619088258303,180.83378032063888,152.30872067989532,168.0444193974773,167.67221390790218
2025-06-20,7,98.81847170026192,152.84242578025882,131.08936575609076,142.87851682833139,144.05929044675796
2025-06-20,8,100.28428650749584,135.13316181072247,117.7841621167823,122.45387666011854,128.35201031795347
2025-06-20,9,119.55490154434295,130.38539676764,128.55777878979603,122.6300781292129,127.93231670299218
2025-06-20,10,124.56388564760792,126.96016467586686,131.19318678051826,122.08609741150173,125.30124710801286
2025-06-20,11,125.38205598898575,122.63841364222807,128.32449053739884,119.30266378347784,122.8887397854214
2025-06-20,12,131.59510082322234,120.55258913176483,124.83959210361272,116.94254441634794,122.62333456088528
2025-06-20,13,119.00300661455202,113.48169962137148,115.95389824438271,109.67847592827955,116.83203279906542
2025-06-20,14,110.34160637421007,108.61716660026184,106.76470658154783,103.20266611030593,110.6873550262248
2025-06-20,15,94.16268094137024,98.47675540670944,98.36538509270488,95.9125434174791,105.68770036729137
2025-06-20,16,84.8693224245966,90.75484804630968,92.96622240977256,91.08905601034142,101.22417589280472
2025-06-20,17,81.44921022216515,87.49333013579543,92.43520872531714,91.732526176521,99.61868246122893
2025-06-20,18,81.1728231315074,94.4641064257028,97.45987119182016,99.77744664606452,104.84505900854239
2025-06-20,19,94.2467325706246,134.38200458481916,135.82287388471877,137.5763973283533,141.5671841065225
2025-06-20,20,157.18236959158915,187.2627590369526,194.3588617416985,190.06852685413233,192.5569747457257
2025-06-20,21,176.66015706153655,202.9809272090864,208.84429854101185,203.8072387018451,200.21873759627388
2025-06-20,22,175.59701172126572,200.1703246456333,203.69136345855742,199.8539982623285,197.82245807516205
2025-06-20,23,152.01777502196043,181.03309929789367,188.57716666338752,185.48731210515635,185.35953192564608
2025-06-21,0,136.9359472705763,166.33108142429015,172.94419477766738,155.28814435133924,147.31787554607473
2025-06-21,1,129.07991778503205,160.66946519108106,165.0057369616563,149.2576297636662,146.91849388113022
2025-06-21,2,116.26807527236711,155.47781466948385,152.34833963898578,141.22389168587802,136.71746391476293
2025-06-21,3,106.4499491500799,133.2526414337301,144.7883758239145,130.03249402916353,132.52036490878996
2025-06-21,4,108.6364930259038,117.2762784090909,142.16425008457415,123.28152675649595,130.43933379803664
2025-06-21,5,112.08473004778548,118.54927610788565,143.34422730896145,124.5348237216753,131.69229147563516
2025-06-21,6,114.41551849166062,129.5619088258303,149.48988917316575,132.07652156491238,134.2300221391632
2025-06-21,7,101.46294810884186,98.81847170026192,128.20382964262836,105.08054172543638,110.35661385547506
2025-06-21,8,105.81416966414744,100.28428650749584,117.57841935553259,92.02646808678344,111.76060454896769
2025-06-21,9,116.98144257703082,119.55490154434295,129.03752338376464,101.5319247395989,130.5024793897641
2025-06-21,10,121.88645346748112,124.56388564760792,132.2407448288157,104.9630608024959,134.2238162801756
2025-06-21,11,125.331693762177,125.38205598898575,129.30047721626528,103.70964024572001,134.2627410307481
2025-06-21,12,134.8519455868396,131.59510082322234,125.7151595023219,104.7668457248648,135.22781283431164
2025-06-21,13,133.05997156520615,119.00300661455202,116.24420987085725,95.10265785140373,126.27415848094421
2025-06-21,14,126.82970952657269,110.34160637421007,107.52542281244614,87.44793281859536,116.22699814939016
2025-06-21,15,110.13943447641292,94.16268094137024,98.16621540983984,76.8087926744045,100.49694071863512
2025-06-21,16,99.69367694892232,84.8693224245966,92.30480660888543,70.70711118805397,94.32355288657374
2025-06-21,17,81.69021301515262,81.44921022216515,91.526522052241,70.69370178376883,88.32955998534824
2025-06-21,18,77.12439599955052,81.1728231315074,96.92063373110784,75.51830914916616,90.2470026324064
2025-06-21,19,96.59609050857608,94.2467325706246,133.7717593424537,102.55549871673526,112.15092977267464
2025-06-21,20,154.3181176470588,157.18236959158915,192.29141238684437,160.046973182128,165.92521696156223
2025-06-21,21,179.42586399108137,176.66015706153655,207.46677047995567,176.01247371016288,191.292251848826
2025-06-21,22,174.98073171892096,175.59701172126572,202.2983581413384,172.72024778560896,188.21096921642012
2025-06-21,23,159.88168805788834,152.01777502196043,185.73677032375537,155.8883445702873,168.77285041640565
2025-06-22,0,144.89471784382144,136.9359472705763,170.12497717916594,151.5407040183815,148.4736197891843
2025-06-22,1,139.83119125263764,129.07991778503205,163.37802079206782,145.55323646420294,142.38117457107765
2025-06-22,2,132.72802424910444,116.26807527236711,151.29383499648225,135.37428176043423,138.10774932879843
2025-06-22,3,118.65828881029422,106.4499491500799,144.2186865553039,128.48126076562735,137.7542968920382
2025-06-22,4,118.1346817561602,108.6364930259038,140.86651926420322,127.35364482405745,137.32923419680495
2025-06-22,5,126.17940730090262,112.08473004778548,141.28458801983584,129.1258773892303,138.5733492313438
2025-06-22,6,139.8158500493259,114.41551849166062,147.03408424435324,133.59798414977809,141.34209233931887
2025-06-22,7,101.425200914252,101.46294810884186,127.17240159659436,112.82999813944203,115.98422700883849
2025-06-22,8,109.06581161595489,105.81416966414744,117.67109506164441,102.15495487263267,120.34311476880444
2025-06-22,9,133.70480566435674,116.98144257703082,127.37053812167096,108.48435610077097,132.9801322405237
2025-06-22,10,140.61410211879124,121.88645346748112,131.14720714280233,111.616485079223,132.5990816254061
2025-06-22,11,140.24762106901554,125.331693762177,128.51227722300314,111.94361439418134,131.63832632523545
2025-06-22,12,140.9491657239819,134.8519455868396,127.28115728697581,115.17517682217556,134.96477128011904
2025-06-22,13,136.90519920881604,133.05997156520615,119.49543077022304,110.21772132151173,134.39812231735584
2025-06-22,14,126.10709555345316,126.82970952657269,111.62453010652531,103.79424968570838,128.8501838723372
2025-06-22,15,110.0338618436778,110.13943447641292,101.24722824042395,92.33789105148969,113.09801880045816
2025-06-22,16,90.23956919945726,99.69367694892232,93.55068788566447,85.00063985026941,104.09782473795798
2025-06-22,17,80.66400032649064,81.69021301515262,90.6355713497622,78.41480273625407,91.4087132941768
2025-06-22,18,80.38727687347645,77.12439599955052,94.86408487278838,80.55101140538062,89.1650702394868
2025-06-22,19,90.51268032131892,96.59609050857608,128.5226147511907,107.51554843995036,114.13523156372068
2025-06-22,20,160.46237494562854,154.3181176470588,187.76892010423003,164.34248695822092,164.0210876261634
2025-06-22,21,182.00784826684108,179.42586399108137,205.0573082517793,183.6414302425472,193.17903193962593
2025-06-22,22,182.1626559714795,174.98073171892096,200.2551266482621,179.38716265766436,190.14671626992944
2025-06-22,23,156.48557317390174,159.88168805788834,183.43524457080179,165.219891913138,168.54188609899455
2025-06-23,0,135.8230884557721,144.89471784382144,167.92039069818944,161.66522778435433,153.05751235464788
2025-06-23,1,147.72984886649874,139.83119125263764,161.51221306521333,156.91715735750373,148.17576586329318
2025-06-23,2,133.5018025022973,132.72802424910444,150.46613844057327,149.09131038995682,144.52830369917012
2025-06-23,3,127.19566213532916,118.65828881029422,142.0322348182022,140.3079840666235,141.20603457837422
2025-06-23,4,136.9607470958925,118.1346817561602,138.56350503515534,138.5607948824619,141.32069317435213
2025-06-23,5,141.20711189479098,126.17940730090262,141.39853306117695,142.82164293778337,146.6948384136793
2025-06-23,6,157.2616376892877,139.8158500493259,148.0208215015576,151.2794209327303,151.4913334158728
2025-06-23,7,123.65050557428052,101.425200914252,124.51289178149388,119.52245071802515,125.39219473470854
2025-06-23,8,108.7638476087544,109.06581161595489,117.4229137590947,110.73648658022418,117.40801265236138
2025-06-23,9,125.35776614310646,133.70480566435674,129.0752297695521,123.22656941826739,132.80552453174698
2025-06-23,10,136.8701332132055,140.61410211879124,132.85476746397558,127.11305810234296,134.11515938836152
2025-06-23,11,138.02071557334477,140.24762106901554,131.0934716251616,126.1749366988247,133.60151583373278
2025-06-23,12,139.9282777661075,140.9491657239819,130.59405456127016,126.25036666716609,133.07863698478434
2025-06-23,13,136.83238978559385,136.90519920881604,123.26603374057228,120.59922888247434,129.37223479955503
2025-06-23,14,132.13726310755067,126.10709555345316,115.20750230479996,112.39628105636268,127.37158396407025
2025-06-23,15,122.27390812677648,110.0338618436778,104.31369785123859,101.15289923635697,111.53863788991
2025-06-23,16,115.6603417944207,90.23956919945726,94.38075882625209,89.3459524133012,101.2340277806769
2025-06-23,17,107.31628982528264,80.66400032649064,89.99550893706734,85.26150642577184,97.78158746807583
2025-06-23,18,107.68756698821008,80.38727687347645,92.79185269157685,89.13916549486865,99.44383478597882
2025-06-23,19,136.1177651868321,90.51268032131892,122.4288803512111,110.96288874027103,118.92020779309
2025-06-23,20,194.7712657117802,160.46237494562854,183.23651212222688,173.08934237755088,180.10082852298657
2025-06-23,21,216.21559291772056,182.00784826684108,201.691964997505,191.81529917167825,204.95509615724737
2025-06-23,22,212.3193473193473,182.1626559714795,197.44418192049898,189.4538072900868,203.0571926675359
2025-06-23,23,203.96410803127225,156.48557317390174,179.5003271439205,171.1870712391912,183.2090080879972
2025-06-24,0,189.6270061422628,135.8230884557721,163.8198118406041,176.42004192535575,188.94390223607505
2025-06-24,1,175.65780981067127,147.72984886649874,160.93175740817,179.1238134030058,186.22226926969964
2025-06-24,2,167.07146941109204,133.5018025022973,148.9859951682077,168.8076796492642,175.94026052657114
2025-06-24,3,158.7043209876543,127.19566213532916,141.00879834575034,162.56122248520677,175.866620448045
2025-06-24,4,156.8544511886697,136.9607470958925,139.83012666985454,165.3015478482747,175.55779585294994
2025-06-24,5,159.50573919588535,141.20711189479098,141.96225895953606,168.28799379395855,178.49118002937837
2025-06-24,6,171.6801368650817,157.2616376892877,149.0476920796922,177.9997849202793,178.48980791927394
2025-06-24,7,141.70763400108282,123.65050557428052,123.78484012525969,148.20871156825447,148.0874314500945
2025-06-24,8,117.13653930435476,108.7638476087544,117.92462492969473,131.61477846432405,124.40129900247751
2025-06-24,9,131.973979930993,125.35776614310646,130.57225691444583,140.22546398082892,134.19559522930896
2025-06-24,10,138.76210416121435,136.8701332132055,135.065214327787,145.8897040006254,140.56992520297752
2025-06-24,11,146.76889920424404,138.02071557334477,133.65233591837176,145.65074010622814,142.62227774801084
2025-06-24,12,149.91364808792196,139.9282777661075,134.13565068770757,146.89770592780175,142.4556371994605
2025-06-24,13,141.14307298930729,136.83238978559385,127.8115789777697,142.15345319299618,137.8050774644198
2025-06-24,14,134.46055263997218,132.13726310755067,120.41811391636429,136.76852219403568,131.0828212282977
2025-06-24,15,122.29140156335212,122.27390812677648,108.71656517764241,127.50485538499925,122.51860319590423
2025-06-24,16,111.50935629927493,115.6603417944207,99.24871347578679,121.03144097254001,117.24160362458622
2025-06-24,17,96.91923425084654,107.31628982528264,93.43202397780864,117.65395850540571,115.03177625237255
2025-06-24,18,95.18001800180018,107.68756698821008,96.03440304711557,121.98606585406682,117.0329588011175
2025-06-24,19,129.8535973743408,136.1177651868321,123.55308826753175,149.7480775980043,147.71418920450017
2025-06-24,20,192.5921195958382,194.7712657117802,183.7292742387356,205.68460721608534,211.2524144727392
2025-06-24,21,208.5519104592821,216.21559291772056,202.7820733317921,223.829389540336,225.27067682636255
2025-06-24,22,207.05502392344496,212.3193473193473,198.79410102719686,220.28895862776636,222.67682141681408
2025-06-24,23,185.55908724322785,203.96410803127225,181.20880713587712,207.89587424142638,210.17401558529934
2025-06-25,0,174.38166852962098,189.6270061422628,166.08520380674318,179.52780052324457,178.44877423217602
2025-06-25,1,162.12740453222216,175.65780981067127,162.408387384391,173.29870022932468,171.33649598078222
2025-06-25,2,153.69093389557236,167.07146941109204,153.02950670158515,165.6603523188259,168.385560763937
2025-06-25,3,156.2405915753334,158.7043209876543,143.895542797331,158.12155091315896,167.11024065901577
2025-06-25,4,157.25503446411676,156.8544511886697,142.63618954801586,156.97210900110957,167.92823444317594
2025-06-25,5,156.19164955509925,159.50573919588535,146.1948510639281,160.04188184353657,168.3315496855647
2025-06-25,6,170.10180412371133,171.6801368650817,154.30371645212202,169.06468603564704,168.3293910124081
2025-06-25,7,141.63618066654828,141.70763400108282,126.9954946369046,140.2231438632032,144.6790050794289
2025-06-25,8,111.15379749504493,117.13653930435476,118.13924979365582,119.33514400886529,123.89294073589728
2025-06-25,9,130.1230758912103,131.973979930993,130.48590919348968,127.5138961735126,133.26532922790238
2025-06-25,10,141.01415167373733,138.76210416121435,135.1778799305962,131.92366255420623,140.36066382005444
2025-06-25,11,141.64955303213335,146.76889920424404,135.91865857938694,135.06495576437115,145.83271601032342
2025-06-25,12,143.7665845478021,149.91364808792196,138.16852676074708,137.27540902509762,147.0401949584029
2025-06-25,13,134.372591006424,141.14307298930729,132.51995981147698,130.67347370674153,135.14755777200344
2025-06-25,14,120.8923056919026,134.46055263997218,125.09156085811746,124.68435568878968,133.9612587728486
2025-06-25,15,106.54817458138896,122.29140156335212,112.05980604152624,113.6932403954752,121.45800335578981
2025-06-25,16,101.16248801205644,111.50935629927493,102.03172189319837,105.2677157312949,113.65314569444394
2025-06-25,17,99.37093126841636,96.91923425084654,94.48095137625948,98.44440933729578,110.69088273261366
2025-06-25,18,101.7292764069864,95.18001800180018,95.8577242624173,101.30536788321831,108.79995430223707
2025-06-25,19,142.52801370351867,129.8535973743408,122.19369613880612,130.27385137431207,135.80129925010215
2025-06-25,20,211.45217299800063,192.5921195958382,182.26978906243713,188.0225299935825,194.2794037365726
2025-06-25,21,227.15442114858703,208.5519104592821,201.14315465943534,204.47520593840352,211.2350828037459
2025-06-25,22,220.5806599977004,207.05502392344496,198.3346691059851,202.15739828190044,209.9904922550829
2025-06-25,23,200.6797853309481,185.55908724322785,180.30657775995354,185.27986369448973,192.7792765613171
2025-06-26,0,183.1789853206284,174.38166852962098,165.7228782387861,179.91694409149164,192.20626471704904
2025-06-26,1,171.7149458972047,162.12740453222216,160.19287629381225,173.43577161788247,185.42970085060978
2025-06-26,2,170.0819573339761,153.69093389557236,150.01375534191308,165.73613655490567,179.88084571595903
2025-06-26,3,172.47754255920597,156.2405915753334,140.37600967665372,161.95726076022012,178.92989130846564
2025-06-26,4,177.0166785644753,157.25503446411676,138.58291585049588,161.7013484216853,178.59548095668123
2025-06-26,5,170.63469769930444,156.19164955509925,141.85215042609232,163.32590933677182,179.9543692901724
2025-06-26,6,186.6952898093193,170.10180412371133,151.95294805221948,173.51518916546928,180.37890795974408
2025-06-26,7,160.4006266786034,141.63618066654828,123.07762382078946,144.75529235709013,151.13726671558248
2025-06-26,8,137.22893414643502,111.15379749504493,112.47880200092496,120.24417049624817,123.17157737368865
2025-06-26,9,135.13961577219388,130.1230758912103,126.86876693124005,131.04656800883157,134.59763439170695
2025-06-26,10,146.5155807365439,141.01415167373733,132.9529992797006,137.1853603326203,139.02706321748732
2025-06-26,11,144.11078980661486,141.64955303213335,134.29127889601835,137.72343322023397,139.93742706979017
2025-06-26,12,145.1789116456299,143.7665845478021,137.36533023823432,140.27700467837374,141.61818545555914
2025-06-26,13,131.20608023922253,134.372591006424,130.68541868446727,133.1714577434269,136.82244894021116
2025-06-26,14,127.68530033577912,120.8923056919026,122.76938564198903,123.47460885272818,126.11407831813976
2025-06-26,15,112.74402552581884,106.54817458138896,109.13231670566971,111.27494439427889,115.61545535682782
2025-06-26,16,97.60748823836906,101.16248801205644,99.12708610357684,105.25314425605866,114.95404379294624
2025-06-26,17,90.63338107017316,99.37093126841636,90.70045843487847,103.08078366776243,114.2105533273548
2025-06-26,18,100.98806038877744,101.7292764069864,91.10649483246198,107.35757231440562,117.42763412534163
2025-06-26,19,146.98226475935647,142.52801370351867,117.74812632143289,139.20938549725813,142.31899654891149
2025-06-26,20,211.32157500353452,211.45217299800063,179.72016850383548,199.93758434227337,205.4346027969505
2025-06-26,21,232.130334818221,227.15442114858703,198.99953157916215,216.36305732033546,224.37666156129225
2025-06-26,22,227.28019906499773,220.5806599977004,196.12367932825603,212.44030705193023,220.561779863313
2025-06-26,23,211.96361548991035,200.6797853309481,177.0887308795846,195.7155998179004,203.9905799590148
2025-06-27,0,202.7324430000508,183.1789853206284,161.5960707124246,188.89113007600665,196.86966002511667
2025-06-27,1,194.00720137765487,171.7149458972047,155.2586547621925,182.35880677443967,194.37545529745256
2025-06-27,2,193.1072636587743,170.0819573339761,146.97429676198473,177.43504861178397,190.74146055221954
2025-06-27,3,198.85346756152128,172.47754255920597,138.99699952166102,174.4260262613586,188.47629420143778
2025-06-27,4,205.27521434648864,177.0166785644753,138.87633778632988,176.06772155069217,188.16519627583253
2025-06-27,5,212.23244423853333,170.63469769930444,140.62180168595054,175.39338320392818,189.50426209842635
2025-06-27,6,230.3585657370518,186.6952898093193,152.79030655060242,186.89954938640466,190.20961349464204
2025-06-27,7,191.58921877789007,160.4006266786034,124.15736680626726,159.01917453834957,161.6752958779451
2025-06-27,8,147.14989935505074,137.22893414643502,112.77819804888388,137.25526233704443,136.85403096278137
2025-06-27,9,152.59379147379664,135.13961577219388,127.54794107474774,140.15186003508583,133.60657283842554
2025-06-27,10,153.49276974416017,146.5155807365439,135.74663014551163,147.428082282879,144.3382994156858
2025-06-27,11,149.01360240497664,144.11078980661486,137.35876120521647,146.92030544512943,141.1068442724498
2025-06-27,12,148.23546486313896,145.1789116456299,140.88337631164362,149.20303784628507,144.6972031401972
2025-06-27,13,138.54832464631423,131.20608023922253,133.217473058446,139.7485697282882,128.98052534188244
2025-06-27,14,127.10748434920734,127.68530033577912,125.49340474706291,134.4275695316118,124.66066108681868
2025-06-27,15,113.99166639539048,112.74402552581884,111.17049815125677,121.74248447144666,113.52991770461291
2025-06-27,16,108.81123781614322,97.60748823836906,100.10603470244247,111.87282976167342,107.31005800228922
2025-06-27,17,110.80761234607388,90.63338107017316,91.14903713978958,108.0661824906249,106.02471997061683
2025-06-27,18,128.24138494202188,100.98806038877744,92.03848825575835,115.27499435530507,113.76210048591386
2025-06-27,19,176.63323921721351,146.98226475935647,119.54816348922395,149.34236618165386,147.62351446086518
2025-06-27,20,230.81585316659945,211.32157500353452,183.15714221334716,208.68577453702883,204.68503861701217
2025-06-27,21,246.63419111158177,232.130334818221,203.1637326661814,227.09589553260008,227.0870643978442
2025-06-27,22,247.5071971654241,227.28019906499773,199.99651853102236,223.46063639902087,221.2495393994533
2025-06-27,23,238.8704247237569,211.96361548991035,181.5073760498727,208.59911751066014,207.5207059383588
2025-06-28,0,233.7619341661521,202.7324430000508,166.79626522324753,198.65282812277061,224.9667044072584
2025-06-28,1,222.09121760592348,194.00720137765487,160.02118850313164,192.8559596946103,221.57556534574806
2025-06-28,2,221.3469976905312,193.1072636587743,152.34993233188337,188.56175426504242,216.65294417898372
2025-06-28,3,221.6856000507711,198.85346756152128,148.36854611134547,188.2739128463276,213.119440452195
2025-06-28,4,219.2811811076224,205.27521434648864,151.44761434881528,191.9128952275701,212.52562730584776
2025-06-28,5,222.9078590785908,212.23244423853333,154.0051114189002,195.82763608901487,215.678412554261
2025-06-28,6,218.9677159540909,230.3585657370518,167.18982896649118,208.7544453202589,214.6884427753907
2025-06-28,7,190.2551049591032,191.58921877789007,137.41033067449985,176.02049681203349,180.69118435514355
2025-06-28,8,152.11340815121088,147.14989935505074,119.4732855985346,143.98735334769611,140.88759287370777
2025-06-28,9,149.9180766928191,152.59379147379664,132.26778249324113,148.89805509145555,142.64200822485765
2025-06-28,10,148.9959254082027,153.49276974416017,139.8793278735905,152.37597714538646,143.05577701186738
2025-06-28,11,144.51794825888462,149.01360240497664,140.73469640750088,150.88549315110598,134.59718296250273
2025-06-28,12,143.07956429078854,148.23546486313896,143.26057117448886,152.17379933587011,135.7389275928967
2025-06-28,13,130.89443577743108,138.54832464631423,136.00966134869773,144.7428657360856,133.10494066266992
2025-06-28,14,123.19123058691449,127.10748434920734,127.88853017206254,135.9897015568535,125.31598980601316
2025-06-28,15,112.29296887651002,113.99166639539048,114.00321035897393,124.18151039739526,114.9257502950976
2025-06-28,16,110.84306510958248,108.81123781614322,103.52630832980627,118.1926966701669,111.38060804648568
2025-06-28,17,113.53988155241936,110.80761234607388,95.34309458606228,117.79755036809351,113.6253826521909
2025-06-28,18,131.04083367440103,128.24138494202188,98.76256851440327,128.66847740341825,124.83668543639806
2025-06-28,19,176.58092809156506,176.63323921721351,131.31766443873667,166.12938811356295,177.7706267052318
2025-06-28,20,240.6352459016393,230.81585316659945,193.67621129549147,221.08063003046735,217.62994348378194
2025-06-28,21,255.94283710327892,246.63419111158177,213.1600232447593,237.39484277584165,233.39739860345492
2025-06-28,22,253.72632435631843,247.5071971654241,210.26940216590214,235.72099324040084,232.76616098155594
2025-06-28,23,244.07800677229213,238.8704247237569,193.91489743584364,223.92576813539753,225.77196403725577
2025-06-29,0,238.5930366612866,233.7619341661521,180.62854906547267,214.9569375384294,233.89954406623457
2025-06-29,1,242.0054174784964,222.09121760592348,173.30851704897327,207.9333920240723,229.95792143167955
2025-06-29,2,245.3791777119393,221.3469976905312,167.36120696304968,204.44158882674293,223.91810787206052
2025-06-29,3,247.19875061647213,221.6856000507711,164.83078195430133,203.28648835698905,220.63496996669036
2025-06-29,4,251.4756250713552,219.2811811076224,167.25399836048936,203.82537389100577,221.0764523156455
2025-06-29,5,254.84225047984648,222.9078590785908,169.83698699472956,206.66830046687954,221.61376636024653
2025-06-29,6,258.3559457302474,218.9677159540909,182.12585717540978,212.3200805686229,221.7686468516323
2025-06-29,7,210.6819940311705,190.2551049591032,150.09492451025147,181.5766194675771,187.50092085041783
2025-06-29,8,158.7993835281735,152.11340815121088,126.08746252525795,148.4709719736308,148.4114209857754
2025-06-29,9,153.97207765901086,149.9180766928191,136.97301593835374,150.07803182295567,144.29550502086516
2025-06-29,10,156.81866446437,148.9959254082027,143.7521095794079,152.6670831636254,143.27983947282226
2025-06-29,11,152.35822101647955,144.51794825888462,143.47558990703055,150.54296829258163,139.93587683610303
2025-06-29,12,143.8751399446114,143.07956429078854,144.435945275053,150.56919777602673,138.07751914783154
2025-06-29,13,134.19377038389038,130.89443577743108,135.7002990933013,141.36648667313278,130.55179361799492
2025-06-29,14,121.95509593972118,123.19123058691449,127.36874746639708,134.06884991148578,126.73384802205186
2025-06-29,15,119.785599206841,112.29296887651002,114.31085813041638,123.44008023524202,121.073967152011
2025-06-29,16,112.74435135821274,110.84306510958248,105.11907806704345,119.49107935235486,115.37987481620898
2025-06-29,17,123.5501066098081,113.53988155241936,99.89304723424323,120.7394593759977,120.0493038868223
2025-06-29,18,145.0602481330517,131.04083367440103,106.46491675366762,133.2043053352025,133.75492181195182
2025-06-29,19,192.63744835755352,176.58092809156506,142.7440698077351,171.32301860025686,176.42562093493328
2025-06-29,20,252.22626630269943,240.6352459016393,206.0072296175744,230.16908456868345,228.25847686496851
2025-06-29,21,272.34339647036006,255.94283710327892,224.09101940364465,245.66586087227313,242.97237195651104
2025-06-29,22,268.8620294929634,253.72632435631843,221.5187725426732,243.07615638725105,240.72560503737867
2025-06-29,23,262.1966281492707,244.07800677229213,205.94294296647277,231.3976039953165,232.57212788095848
2025-06-30,0,257.6804365434625,238.5930366612866,194.01402318225337,240.16004779249155,248.31317754928943
2025-06-30,1,251.8581409336973,242.0054174784964,187.90483508123882,238.1479284337671,247.09383715090416
2025-06-30,2,254.72926726360697,245.3791777119393,183.4542288863118,236.7600118285461,242.7085853371987
2025-06-30,3,258.34783906102354,247.19875061647213,183.19370506946962,237.16778498658496,241.4895810605917
2025-06-30,4,260.30815836205994,251.4756250713552,186.30270454837435,240.0883783782608,242.5109214148497
2025-06-30,5,254.10628280751123,254.84225047984648,188.2173931631501,242.38821987612886,242.02384483559
2025-06-30,6,256.6586306653809,258.3559457302474,199.06015655839857,249.74816656574723,244.64209690865755
2025-06-30,7,219.28688748973445,210.6819940311705,165.70303781266838,212.90220655995174,213.67351570650652
2025-06-30,8,170.73856034252074,158.7993835281735,133.19225851271776,171.48101334356386,180.4167192327032
2025-06-30,9,166.36483528817556,153.97207765901086,139.86834050901862,169.90376518231298,177.04561410847836
2025-06-30,10,168.895829952945,156.81866446437,146.0670470573477,173.4867950188162,172.43039875425464
2025-06-30,11,167.45077420542074,152.35822101647955,145.2056756138111,171.31300616200718,173.66588945673053
2025-06-30,12,158.81887005954144,143.8751399446114,144.85394159228576,167.93907276481386,171.28008311846799
2025-06-30,13,151.66928664353858,134.19377038389038,135.3129521183119,159.36791503081702,165.01118403550976
2025-06-30,14,144.87612581784336,121.95509593972118,126.77560466443536,150.35278255280014,154.15869165167462
2025-06-30,15,142.23377415509162,119.785599206841,115.70396346801114,143.99974961610985,152.0515289266364
2025-06-30,16,141.55553724003406,112.74435135821274,108.33404694686566,138.58441519862464,150.31437729559943
2025-06-30,17,150.48235735735736,123.5501066098081,106.01963384614571,143.96778794804942,161.40311311052398
2025-06-30,18,167.5399932588348,145.0602481330517,115.70391264789268,158.9516701531951,177.75285418809668
2025-06-30,19,203.05694174502284,192.63744835755352,157.33332238434,200.56350247100977,208.82672526411983
2025-06-30,20,255.40174087713424,252.22626630269943,219.11635695429882,257.11973849016556,253.2210061613115
2025-06-30,21,270.41543290299654,272.34339647036006,236.99609771843305,273.9675308606098,273.71045127120317
2025-06-30,22,262.9603242455907,268.8620294929634,233.90439733145664,270.6760996805938,267.23091388473074
2025-06-30,23,252.97684165660297,262.1966281492707,221.04452224866833,261.16365419302423,261.0582086296934
2025-07-01,0,241.4391721150375,257.6804365434625,211.42221576620918,238.6336075320393,243.12949087241688
2025-07-01,1,215.98290993071595,251.8581409336973,202.7803053765529,232.24118308209822,238.0317609192641
2025-07-01,2,217.0907045710196,254.72926726360697,200.77243813792742,231.8089102640977,235.4911076927931
2025-07-01,3,215.31357835350823,258.34783906102354,201.9297303445688,233.6323065884205,236.0230807592344
2025-07-01,4,213.408554487364,260.30815836205994,203.923763300684,235.32910469043512,239.13553132337438
2025-07-01,5,219.90891271762945,254.10628280751123,204.34584615068155,233.72483044359504,235.84629050276413
2025-07-01,6,221.1105561105561,256.6586306653809,213.25972698355477,239.9654027211162,238.3752650256918
2025-07-01,7,193.2475019215988,219.28688748973445,179.36537808630467,206.48036121193996,216.7358932792315
2025-07-01,8,160.8150996938242,170.73856034252074,142.04578890325578,164.2217679836262,166.9467377045296
2025-07-01,9,161.29867331548004,166.36483528817556,145.7264932440285,161.78207534125158,162.26072636666018
2025-07-01,10,165.0399791413176,168.895829952945,150.6421465915962,164.63643794436572,163.414360378601
2025-07-01,11,159.5333144315282,167.45077420542074,149.40996970410768,163.2845637398296,162.84810582940491
2025-07-01,12,156.91216506662846,158.81887005954144,147.5525976342049,159.3256573229207,157.34713803750552
2025-07-01,13,148.69006192863463,151.66928664353858,137.432508812304,151.4800850992991,150.9399831605089
2025-07-01,14,147.92965217915486,144.87612581784336,128.59544219447716,144.1248746198369,143.95284236126452
2025-07-01,15,145.9646111965913,142.23377415509162,118.55537290062759,137.89377005036806,141.73708601172126
2025-07-01,16,146.66704861210576,141.55553724003406,112.03336058195327,135.25893949406174,142.40718200710563
2025-07-01,17,154.1194189516356,150.48235735735736,112.1862149221564,140.7492199234394,147.44094893718696
2025-07-01,18,170.23156795956487,167.5399932588348,124.25425925798193,155.42199722437022,162.79874528962765
2025-07-01,19,196.29814529939333,203.05694174502284,166.896061892653,193.07470511015418,204.43736993749528
2025-07-01,20,244.850659662839,255.40174087713424,227.77785340649226,246.7550984381294,246.56089226012426
2025-07-01,21,256.7974006367127,270.41543290299654,244.7389320020439,261.6086602193924,260.9797244995007
2025-07-01,22,257.2643590981176,262.9603242455907,241.13882260663425,256.7444632418963,255.60417676663542
2025-07-01,23,245.06568658116984,252.97684165660297,228.04634133800127,245.95536894684943,246.74148365789944
2025-07-02,0,226.07778595868163,241.4391721150375,218.82395376231983,235.0548625575059,239.4116943280646
2025-07-02,1,210.3392451553665,215.98290993071595,208.54103396513068,221.1539086972926,231.05547214715568
2025-07-02,2,214.85960334029227,217.0907045710196,207.91804316077423,220.8415619223691,225.64360482308902
2025-07-02,3,217.05463968682804,215.31357835350823,210.01676711111938,221.27476372488806,226.96232440276808
2025-07-02,4,211.72135801067333,213.408554487364,212.00292091478318,221.6500351291782,226.89974387947103
2025-07-02,5,209.9378417266187,219.90891271762945,212.97487093950215,224.576541385105,228.31373217681525
2025-07-02,6,205.5916101172116,221.1105561105561,220.32121544719394,229.5015537025071,229.0259282244382
2025-07-02,7,183.7893507458725,193.2475019215988,186.7282163606641,199.80151467447985,203.65826936410778
2025-07-02,8,144.4232020826554,160.8150996938242,148.2855832446086,162.82756144409163,163.61353718725863
2025-07-02,9,148.3096892019698,161.29867331548004,149.91573515609804,160.49547532534052,160.03069341816052
2025-07-02,10,146.8835050235279,165.0399791413176,154.39612873161096,163.5587508362995,162.1482157035107
2025-07-02,11,150.48951270515175,159.5333144315282,151.23345759371972,160.00594615847913,156.35680402631726
2025-07-02,12,153.35784753363228,156.91216506662846,148.55238577402014,157.7928859384746,156.36393971626273
2025-07-02,13,145.4753114212817,148.69006192863463,138.51065008935078,149.6794630507456,150.94137182607784
2025-07-02,14,136.59903746343304,147.92965217915486,130.51959927150327,145.10519422443502,148.9506332120407
2025-07-02,15,127.7141637705018,145.9646111965913,121.93725999109031,140.0984175160009,147.77964427614307
2025-07-02,16,118.63112078346028,146.66704861210576,117.05588805521482,138.35571712287685,145.90385890540315
2025-07-02,17,108.85679596140328,154.1194189516356,120.35766987941199,144.26049980336808,151.87027909215098
2025-07-02,18,120.8854556803995,170.23156795956487,134.9759092519483,160.16960282593485,168.37452782404563
2025-07-02,19,148.23771443740253,196.29814529939333,176.3881401676605,193.81404802778428,198.8932698994768
2025-07-02,20,208.55569028234888,244.850659662839,235.24335913034952,244.96793218800397,248.76957412222103
2025-07-02,21,226.49045045045045,256.7974006367127,251.63114488453402,258.49471869401026,259.184699381274
2025-07-02,22,220.78656350254764,257.2643590981176,248.3115847744446,256.4352592468477,256.47187008721505
2025-07-02,23,213.28387210740152,245.06568658116984,236.54728410056444,245.60308836921493,247.56565668962335
2025-07-03,0,205.2488754881123,226.07778595868163,226.2091133950428,213.02113368813104,201.3450831232486
2025-07-03,1,194.3043734275467,210.3392451553665,215.42843976843704,202.03992123898658,191.9962996755356
2025-07-03,2,187.24667822068167,214.85960334029227,216.65642451001995,203.83716496656956,191.66520604374827
2025-07-03,3,191.69686175766137,217.05463968682804,218.70448826990432,205.5573464643338,192.3516775804447
2025-07-03,4,200.54544268284727,211.72135801067333,219.78382427857696,204.25175612200118,191.35010215348495
2025-07-03,5,209.91116414744096,209.9378417266187,220.65289839257636,204.5104380463675,192.35065566901656
2025-07-03,6,218.5434051563084,205.5916101172116,225.39118773197973,206.13968878472826,195.8328263880461
2025-07-03,7,193.2933966431096,183.7893507458725,192.75009780056754,179.53736250076054,182.8370937918536
2025-07-03,8,147.51791761833505,144.4232020826554,153.0383553285529,139.6440028927942,147.52375035662777
2025-07-03,9,143.84228674551255,148.3096892019698,152.51382277192084,137.20546836600442,147.79239248677334
2025-07-03,10,144.8833647502356,146.8835050235279,155.23460778158102,136.91551605535335,147.0317433959624
2025-07-03,11,146.88426055353648,150.48951270515175,152.49630897557947,136.57646084253798,150.06786224766245
2025-07-03,12,152.27201036444544,153.35784753363228,149.92256620056727,136.42024874966913,150.01429048936077
2025-07-03,13,138.49311409236614,145.4753114212817,140.096753005759,127.83925133928932,139.40072402218078
2025-07-03,14,127.61539904928696,136.59903746343304,132.76341809600763,120.06156966679002,135.928743522224
2025-07-03,15,118.23364790107388,127.7141637705018,124.96097273239216,113.16964727265898,128.53477196377264
2025-07-03,16,116.71216810555464,118.63112078346028,119.55140702255824,108.15061520639364,123.3437786784869
2025-07-03,17,112.03324933730406,108.85679596140328,121.71279340698153,107.7142928530239,119.48004455671054
2025-07-03,18,117.38788584740828,120.8854556803995,137.71250629100732,122.76635175383728,129.03758799662953
2025-07-03,19,146.70229217498883,148.23771443740253,177.20381170107245,155.9499102367546,158.96467810126083
2025-07-03,20,200.26173123182423,208.55569028234888,234.8295758852564,211.41693532314954,213.3067435662885
2025-07-03,21,216.4298368642504,226.49045045045045,251.53629192765735,227.28245762199967,227.66651766574876
2025-07-03,22,211.5605254088002,220.78656350254764,248.34099956085134,223.20460348453298,224.47675084722755
2025-07-03,23,192.3359375,213.28387210740152,238.34786792577208,214.9849360628499,211.9977127738229
2025-07-04,0,184.2179884802836,205.2488754881123,229.36195484754052,197.95495048487476,173.94025492035172
2025-07-04,1,178.42863486111796,194.3043734275467,218.6555008442002,188.6887928293468,170.6936765391013
2025-07-04,2,177.2966762851341,187.24667822068167,219.10852749383503,186.07665431188056,169.68757863026104
2025-07-04,3,166.39942477080712,191.69686175766137,221.4501052982551,188.7498060914948,170.1692349171091
2025-07-04,4,159.45016117034464,200.54544268284727,223.14507629548726,192.5710514233998,171.11889749632235
2025-07-04,5,159.03209534018538,209.91116414744096,226.26382217088153,197.7607799246724,176.04311507700996
2025-07-04,6,157.05471182563386,218.5434051563084,229.94091849583532,202.9452369332768,184.86688358786802
2025-07-04,7,134.7471357481773,193.2933966431096,197.44906493835418,174.86198788759347,166.1690460121269
2025-07-04,8,118.90294219720047,147.51791761833505,154.50821011025295,130.10670954543352,140.78363552206804
2025-07-04,9,122.58394485212364,143.84228674551255,153.75706148239493,125.45309215606882,139.53072960931473
2025-07-04,10,124.94987840322676,144.8833647502356,155.00143406925127,125.80709002583347,139.57668082848497
2025-07-04,11,118.16712558362264,146.88426055353648,152.89251908228258,125.67960370245484,141.11926762886816
2025-07-04,12,120.94881325177792,152.27201036444544,150.93586601754095,126.51735583493586,143.6195597187448
2025-07-04,13,111.91675400509058,138.49311409236614,141.1377578419224,116.20181404931272,131.2809655112266
2025-07-04,14,101.16287556258362,127.61539904928696,132.75343219793731,107.42039710095105,124.34928858019029
2025-07-04,15,83.9014210157395,118.23364790107388,125.74520450028572,100.22833241368613,118.70459648426656
2025-07-04,16,72.20501499225675,116.71216810555464,122.28064700358473,98.77427767740895,115.99157875146128
2025-07-04,17,69.5298439553773,112.03324933730406,124.76991744514308,100.23367383036728,111.86932304636933
2025-07-04,18,74.77659427306682,117.38788584740828,140.05533849938317,112.39298711802502,120.02039358520422
2025-07-04,19,104.987342728681,146.70229217498883,177.16381561759135,145.1614433113588,145.70588665981316
2025-07-04,20,184.23203586874573,200.26173123182423,233.2495982035835,197.56350226449212,201.72868874955668
2025-07-04,21,204.112775035556,216.4298368642504,249.2933636485187,212.48197919717956,211.1854173713904
2025-07-04,22,198.73568262605872,211.5605254088002,246.0953318956803,208.59869719407044,209.1394398716744
2025-07-04,23,189.36980437055104,192.3359375,235.54391392721345,195.92166680363414,197.9595877108728
2025-07-05,0,183.5717326521924,184.2179884802836,226.71703277328805,184.74698968877755,183.20563878409047
2025-07-05,1,174.08156348847717,178.42863486111796,216.42999134183773,177.60227405829045,177.69617583170688
2025-07-05,2,167.0172616469715,177.2966762851341,216.84987215474357,176.9108415615754,177.1461415042023
2025-07-05,3,162.2013458591512,166.39942477080712,216.8138134710102,172.98741647289634,171.14943268052195
2025-07-05,4,165.78271909958136,159.45016117034464,216.5986401274667,170.50681414387122,169.50743678484605
2025-07-05,5,174.14033171797146,159.03209534018538,218.66377232826042,171.82211355576416,171.93282707641475
2025-07-05,6,174.9666761202496,157.05471182563386,219.46893936563274,172.3410311609937,177.83723234503384
2025-07-05,7,159.61303954120132,134.7471357481773,189.3287673626809,145.7266399598537,146.14163697014757
2025-07-05,8,118.7571677885814,118.90294219720047,150.47293051627432,113.93254250756137,121.85213898522923
2025-07-05,9,121.5152224824356,122.58394485212364,149.46994053644167,111.7309195481373,127.26541695158741
2025-07-05,10,123.35109737638749,124.94987840322676,150.92387816340366,112.63792233098853,129.28287673126727
2025-07-05,11,125.78852000859924,118.16712558362264,148.48587953637485,108.22664774626895,122.74840599823371
2025-07-05,12,123.67763239106284,120.94881325177792,147.03777293020363,108.73444947525087,123.7420161924368
2025-07-05,13,120.1880320558795,111.91675400509058,137.333247750319,100.2482299545367,116.92878142225278
2025-07-05,14,110.79662155677129,101.16287556258362,129.04705951413393,91.69440257581941,108.85290077092513
2025-07-05,15,93.57873695622712,83.9014210157395,121.44659801747844,81.17452184064969,97.69107060070985
2025-07-05,16,82.21893799770491,72.20501499225675,117.05118660017239,75.03130373432033,88.56290620529711
2025-07-05,17,77.43833486465475,69.5298439553773,118.8730933893293,76.61525383643638,87.47542724164157
2025-07-05,18,106.05667960088692,74.77659427306682,132.417511260961,87.18067769825133,96.66974765904762
2025-07-05,19,145.79176313758506,104.987342728681,166.92868754780102,119.16666785457826,118.3900059956394
2025-07-05,20,212.5253202526732,184.23203586874573,226.59476716103296,183.9599939133455,197.73666626988305
2025-07-05,21,222.59417310005043,204.112775035556,243.2188756376579,200.9271879165658,212.83399781803797
2025-07-05,22,218.40705089151533,198.73568262605872,239.12797267577096,196.4031251502683,212.36072093125745
2025-07-05,23,207.4377593360996,189.36980437055104,228.4723967338983,187.03105138839078,204.09995469694817
2025-07-06,0,206.57152978088155,183.5717326521924,219.54700398557952,192.00495951265628,199.30962619929608
2025-07-06,1,210.88868504829225,174.08156348847717,209.5714693250597,183.64892074604796,187.920947083181
2025-07-06,2,196.6466454441708,167.0172616469715,209.08848129137795,180.41300888933284,182.43271764032278
2025-07-06,3,194.6067343939684,162.2013458591512,208.31606287220737,178.00015780883908,178.7912612192045
2025-07-06,4,192.0073981108396,165.78271909958136,208.95600269774653,179.36286468019668,180.13611831387817
2025-07-06,5,194.7949192908177,174.14033171797146,211.6969827053148,184.00362484505362,182.43357541260852
2025-07-06,6,203.7249106406379,174.9666761202496,213.18307653222683,185.609848510578,190.1650083273826
2025-07-06,7,177.27278016990573,159.61303954120132,184.95132944583776,162.1813373852353,158.5377206346479
2025-07-06,8,127.18805648734832,118.7571677885814,145.70775332161298,120.92269275970058,127.04380549059063
2025-07-06,9,130.3515360671268,121.5152224824356,145.4123899349583,118.81083340281278,126.18854869963371
2025-07-06,10,138.27737822304576,123.35109737638749,147.26033130171575,119.71602509470868,131.17110488724876
2025-07-06,11,140.66493616250642,125.78852000859924,145.81024692919124,119.73648982025945,130.67849578292427
2025-07-06,12,134.7412583145176,123.67763239106284,144.26606837309996,118.41855169980195,130.8582036714734
2025-07-06,13,123.20868250267785,120.1880320558795,135.80376150438306,112.75784839805263,120.32134562889857
2025-07-06,14,103.61859726860884,110.79662155677129,127.27640108125631,104.44196498412957,113.65986851961466
2025-07-06,15,94.6916447855652,93.57873695622712,118.7731363145809,92.81435400129743,98.53590659228661
2025-07-06,16,94.35046033035472,82.21893799770491,112.96202558418987,86.08251678362996,87.59723831944464
2025-07-06,17,95.94223610741824,77.43833486465475,113.7157295767915,86.43692921272864,86.9145984543338
2025-07-06,18,110.64788085553076,106.05667960088692,128.84834639331612,107.45328814824417,108.34391967293553
2025-07-06,19,156.38114382051614,145.79176313758506,162.53023541151816,142.8285573578661,150.7193344811259
2025-07-06,20,229.71343873517787,212.5253202526732,222.57906349689492,203.17053763872474,213.41011992028336
2025-07-06,21,246.30032037888284,222.59417310005043,238.4547807800538,216.21501751381925,228.95047035857016
2025-07-06,22,240.5298403120171,218.40705089151533,234.08236218079907,212.00176853382894,227.00590718053434
2025-07-06,23,228.4580334710216,207.4377593360996,223.2380756715851,202.04702766237733,218.0805491275248
2025-07-07,0,226.89385905716765,206.57152978088155,214.97250300266452,221.5740766328942,219.3627359155971
2025-07-07,1,233.03163817815056,210.88868504829225,205.12622183503052,218.28593434539727,217.21938652787097
2025-07-07,2,241.62396873643075,196.6466454441708,202.12669096741098,211.3529808068282,212.36524656339787
2025-07-07,3,243.30187637969087,194.6067343939684,200.802917697564,209.66091745684992,210.68103630899395
2025-07-07,4,241.2419426539231,192.0073981108396,200.46054170338718,208.61030706294247,211.80414863684223
2025-07-07,5,240.4481276856968,194.7949192908177,203.11879253545357,211.56210252113692,214.1846741191925
2025-07-07,6,232.5743766122098,203.7249106406379,205.37864294799692,216.40372976600668,220.91881711078338
2025-07-07,7,199.5517020542884,177.27278016990573,180.17858460851423,190.2413050538918,189.6646923385449
2025-07-07,8,160.75347652485198,127.18805648734832,141.19184945863793,145.17887107853508,142.3897181178748
2025-07-07,9,161.0383995931169,130.3515360671268,142.0380268504034,143.82464083654074,141.1626181736884
2025-07-07,10,169.06089469178082,138.27737822304576,144.61157612438373,147.71582800087927,144.51275849501837
2025-07-07,11,166.90899526564965,140.66493616250642,144.1397776643379,148.3811198989684,148.81409723881885
2025-07-07,12,158.4768878967714,134.7412583145176,142.96122814022942,145.75742025724756,142.8984331785105
2025-07-07,13,151.57807492540613,123.20868250267785,134.23446323563843,136.8114981769043,135.22638674741705
2025-07-07,14,144.52983599253753,103.61859726860884,124.65690127109744,124.01562938778812,127.21791294591691
2025-07-07,15,136.37162006008782,94.6916447855652,115.18828568297006,115.51213990696519,125.30377811212364
2025-07-07,16,134.11405835543766,94.35046033035472,110.33432686592445,113.3877515603392,125.54755215071401
2025-07-07,17,136.9136769998839,95.94223610741824,109.77174807645008,115.82441690423178,126.60138489868825
2025-07-07,18,146.3027841245663,110.64788085553076,123.93229392509885,131.03233174013883,138.6847724913322
2025-07-07,19,189.5278274474743,156.38114382051614,157.35076333479856,168.7045890399264,176.9605560089502
2025-07-07,20,243.63397723057608,229.71343873517787,219.36294527296332,232.10552627728086,239.55215120793605
2025-07-07,21,261.1699164345404,246.30032037888284,234.7343413384142,247.1095193175582,257.8133766252953
2025-07-07,22,260.1726899910291,240.5298403120171,230.03490658352104,242.29167845431886,254.05564527954306
2025-07-07,23,252.2564281288724,228.4580334710216,218.4182764318352,231.69377606904357,240.5518841816263
2025-07-08,0,251.2181476463132,226.89385905716765,210.57442050462237,233.43636683940287,245.36193474182383
2025-07-08,1,248.9405348006564,233.03163817815056,202.436721441381,231.9477300741229,242.2440070673345
2025-07-08,2,247.9258205573995,241.62396873643075,200.25450546352866,233.0636713197407,240.3931638882753
2025-07-08,3,245.32309555262,243.30187637969087,198.6534944573736,232.63896561618265,240.55059056128175
2025-07-08,4,249.19485679598256,241.2419426539231,197.73679660222479,231.58917232685428,240.23725308576684
2025-07-08,5,250.05477351152985,240.4481276856968,201.1676275180515,233.3062501089214,240.54735142722285
2025-07-08,6,246.63164806303348,232.5743766122098,201.93803522611532,231.93630336475718,239.6397250334324
2025-07-08,7,214.99116481207315,199.5517020542884,177.3592724034505,204.47843306548214,210.77379502539105
2025-07-08,8,174.41964285714286,160.75347652485198,139.76540891325666,165.3228465616673,167.0098466738237
2025-07-08,9,174.217879464917,161.0383995931169,141.27710746539506,162.99653675504817,161.63292782653653
2025-07-08,10,179.8501087920058,169.06089469178082,144.63515680136027,166.72493279878344,165.8198569488324
2025-07-08,11,176.00431965442763,166.90899526564965,144.06238067294206,165.56273473498462,166.07684895629782
2025-07-08,12,177.15552224146398,158.4768878967714,142.91237354554798,161.71224095645508,157.8557723556808
2025-07-08,13,161.90400517143857,151.57807492540613,134.22143299019095,154.74013558976955,149.10806236244576
2025-07-08,14,149.92270721493014,144.52983599253753,124.60743129605375,146.62108010547576,148.29667257762176
2025-07-08,15,141.13519031646493,136.37162006008782,114.35083509796951,137.98535554652656,141.42912968226932
2025-07-08,16,143.90491172871876,134.11405835543766,109.27125845383924,135.04701128441897,140.68173182619128
2025-07-08,17,149.43784303740168,136.9136769998839,107.83336516823958,137.59034967673256,142.9241310958841
2025-07-08,18,156.8632677684559,146.3027841245663,120.89840690591765,150.41695782476512,156.27386291745842
2025-07-08,19,195.6221387647688,189.5278274474743,155.41803272086304,187.54590357620418,197.82347834526945
2025-07-08,20,248.89450623525445,243.63397723057608,217.68183618059786,243.1659689201901,250.7007946455915
2025-07-08,21,262.5058202929302,261.1699164345404,233.4135532714919,258.2444956822912,261.3702797158607
2025-07-08,22,257.2028483326446,260.1726899910291,229.63667311858367,255.2531308382799,259.40075881253955
2025-07-08,23,245.5580068467098,252.2564281288724,218.315360213588,246.2051520212205,254.76770348923077
2025-07-09,0,235.93125430737425,251.2181476463132,211.97141700909035,235.1410681167298,235.43438521866068
2025-07-09,1,220.255174093012,248.9405348006564,207.14495356565823,231.9181047923464,230.01875691427273
2025-07-09,2,210.5771898004908,247.9258205573995,204.65952203301154,229.83063779460682,228.34380740311843
2025-07-09,3,197.03961787018827,245.32309555262,202.94056834296103,227.91287089554027,226.75519207440726
2025-07-09,4,200.1003596704954,249.19485679598256,202.84912550345598,229.25468863642348,227.12101968878355
2025-07-09,5,203.87625379052952,250.05477351152985,205.47417906003724,231.290125831076,230.9629131745
2025-07-09,6,200.6829689298044,246.63164806303348,205.5839055050407,231.12336732877813,229.20615723105266
2025-07-09,7,180.64881213717743,214.99116481207315,180.46550995923258,204.25600052008505,213.55525561551082
2025-07-09,8,160.75835941360566,174.41964285714286,141.70891507944506,164.06587121111613,167.06542858292372
2025-07-09,9,153.60274245398423,174.217879464917,143.12270834388602,161.57496037954695,164.37260994399327
2025-07-09,10,156.73824803905435,179.8501087920058,146.75088960860145,164.5600351625228,169.03115154855408
2025-07-09,11,146.87754929815185,176.00431965442763,146.41538141907057,162.64234910274268,164.6423689300967
2025-07-09,12,143.95346888615796,177.15552224146398,145.80428171338164,162.8245914404541,164.499548838825
2025-07-09,13,138.3914172097647,161.90400517143857,136.10913916773436,152.20288079466778,155.04106207953075
2025-07-09,14,123.30862767805444,149.92270721493014,124.89215344402162,141.86610844200555,147.77539797776038
2025-07-09,15,123.34433825658849,141.13519031646493,113.66091782938004,132.68804225743972,138.97104968716087
2025-07-09,16,124.90886126819188,143.90491172871876,108.87666747049825,132.04142419667062,139.3569676325461
2025-07-09,17,134.98322793511136,149.43784303740168,107.16456860906331,135.81345923679174,145.50149240387833
2025-07-09,18,141.56372335798173,156.8632677684559,118.98864973575921,147.08778913721656,154.08687916520284
2025-07-09,19,182.4214153193745,195.6221387647688,155.3214603587738,182.9215214817973,187.94266248187475
2025-07-09,20,232.56982779929143,248.89450623525445,218.2595285480858,238.16913574694337,232.6797897808086
2025-07-09,21,244.6686844347801,262.5058202929302,234.22904179380868,252.0579723664107,248.05727555370345
2025-07-09,22,236.90498767305132,257.2028483326446,229.62788586637322,247.43983992397364,244.91054746217242
2025-07-09,23,229.5397610367108,245.5580068467098,218.3856916800937,237.11754748194238,234.48943093191906
2025-07-10,0,223.1050284864999,235.93125430737425,213.37905534461785,224.61498471504026,227.271747695955
2025-07-10,1,210.0987609983839,220.255174093012,208.56151484246473,216.70106581712497,217.24393504326204
2025-07-10,2,204.769426377818,210.5771898004908,204.04774867018273,210.81572852796648,212.60811356235013
2025-07-10,3,196.70344242295656,197.03961787018827,200.0812795120125,204.02459884158742,208.03911679357253
2025-07-10,4,195.3088525289133,200.1003596704954,201.18898288343058,205.48527360782424,209.440659276581
2025-07-10,5,193.1739319019736,203.87625379052952,204.60823792631024,208.74059368165567,212.19461858190056
2025-07-10,6,196.4458724666337,200.6829689298044,204.88267104969677,208.5367475932665,213.19860746762106
2025-07-10,7,179.68629555544717,180.64881213717743,180.01686158656184,185.81169952787698,186.5188735305917
2025-07-10,8,161.54093045874535,160.75835941360566,144.04250898386653,154.3967892423908,157.84524537599395
2025-07-10,9,156.17475566414927,153.60274245398423,143.87885880845954,148.28958983565178,150.28424736041208
2025-07-10,10,163.0033173809006,156.73824803905435,148.1587100393909,150.42062478318323,153.06232680401243
2025-07-10,11,155.80635342298964,146.87754929815185,145.89938664664197,145.2063157843605,144.741878754212
2025-07-10,12,152.6248077192001,143.95346888615796,144.46079904945674,143.52538319580756,143.08024985547848
2025-07-10,13,146.9739399915481,138.3914172097647,135.09715428037478,137.1801293296218,140.49560781282804
2025-07-10,14,139.4660447328775,123.30862767805444,122.99352347468184,125.20280918021797,129.47967892953218
2025-07-10,15,133.55166539387886,123.34433825658849,113.03665704167813,120.13230452526383,128.5534456752778
2025-07-10,16,131.40296047958634,124.90886126819188,109.7734875397456,119.60263822334997,131.61943028370237
2025-07-10,17,133.49915845818504,134.98322793511136,110.89691603387875,126.38855852476324,136.38495451726115
2025-07-10,18,144.08273190405433,141.56372335798173,121.94268797541382,137.06355952105508,145.73680945722884
2025-07-10,19,180.05875101634012,182.4214153193745,160.20484619905554,174.46921109696734,184.01638103003881
2025-07-10,20,235.09507829977628,232.56982779929143,221.6901196219347,228.05775093058122,235.4448546112709
2025-07-10,21,250.2225935260967,244.6686844347801,236.82593236299863,240.98053850237642,242.43038063332813
2025-07-10,22,247.51888715673343,236.90498767305132,231.93051789073093,235.32229810497947,238.32600529440515
2025-07-10,23,241.94295652173912,229.5397610367108,220.70796152713788,226.57817386717971,232.34061178588428
2025-07-11,0,227.9056931083425,223.1050284864999,215.92993434438748,231.38802222435697,229.8028935649067
2025-07-11,1,225.35974576271187,210.0987609983839,210.8178559240129,224.12533067146663,223.79878963927592
2025-07-11,2,206.53494176372712,204.769426377818,206.55099840691648,219.67565415415206,220.84187689258408
2025-07-11,3,206.25917602996256,196.70344242295656,200.79650532134033,213.96562216086184,217.288417929864
2025-07-11,4,209.64024998687043,195.3088525289133,200.4408985757257,213.4011118966468,217.33524567882506
2025-07-11,5,212.9547647121878,193.1739319019736,202.21720474838634,214.00292413006227,217.51470846155672
2025-07-11,6,220.0410155235969,196.4458724666337,201.7258806654575,215.87966475233816,218.23406331150647
2025-07-11,7,195.30079509531564,179.68629555544717,178.07299000261008,194.9865763496518,195.57460053126948
2025-07-11,8,157.6675758608933,161.54093045874535,146.04579653249658,165.68800275904997,164.48875720308885
2025-07-11,9,158.0548390714366,156.17475566414927,145.6406400825505,160.03743178587962,157.8205069202688
2025-07-11,10,167.25591514821866,163.0033173809006,150.7472747009145,163.65117379059254,160.47641250603706
2025-07-11,11,162.28743042927206,155.80635342298964,147.17397134227818,158.79629938990743,153.0276998904459
2025-07-11,12,159.19283391275093,152.6248077192001,144.51119867156453,156.1650562159583,149.80435700491995
2025-07-11,13,156.42117376294593,146.9739399915481,136.30870083740078,150.01151009492358,145.11761867195997
2025-07-11,14,145.92176349926328,139.4660447328775,124.68647285805191,141.05994781961925,140.81625658489997
2025-07-11,15,141.1461579163972,133.55166539387886,115.22494525493599,134.39436632749306,136.4902731804434
2025-07-11,16,139.5643569954485,131.40296047958634,111.87217216460729,133.0569329471141,136.9722673923839
2025-07-11,17,143.1970057099145,133.49915845818504,113.9634744797189,137.24960218492072,139.7892221536519
2025-07-11,18,152.73335383669075,144.08273190405433,125.75623741207752,150.15985482770373,151.22981178356622
2025-07-11,19,183.89583612264025,180.05875101634012,164.97005460496283,186.37504377956165,191.09160658350697
2025-07-11,20,232.59658756618944,235.09507829977628,226.66631206021358,241.3546581041031,240.26560854692704
2025-07-11,21,243.1453741879987,250.2225935260967,241.65346902897664,255.11926258808296,249.26492348766408
2025-07-11,22,240.0891539789672,247.51888715673343,237.06742671186424,251.3082921085654,244.50876262370176
2025-07-11,23,232.5448842742808,241.94295652173912,227.7946785302435,244.10041675795185,241.85696008141812
2025-07-12,0,227.369121025269,227.9056931083425,222.17103500553876,218.0440619419617,218.5260736947515
2025-07-12,1,209.59526116445,225.35974576271187,217.5223003385263,214.65232681886482,213.69136587256497
2025-07-12,2,197.3767106842737,206.53494176372712,210.72789347528692,204.41052429662372,204.6960671472673
2025-07-12,3,194.7839967045981,206.25917602996256,206.4907555012197,202.1302029778673,201.9891051582066
2025-07-12,4,191.87633029525733,209.64024998687043,207.6109112638008,203.83432885555197,202.5575188053636
2025-07-12,5,190.92108192341945,212.9547647121878,209.92044323010094,206.44587111829097,203.96842424093364
2025-07-12,6,196.0398167524461,220.0410155235969,210.72392405088084,210.3183587185156,205.54109646315516
2025-07-12,7,175.1328781512605,195.30079509531564,186.72351276648698,186.73792482561137,191.5615411143359
2025-07-12,8,137.10142215568862,157.6675758608933,151.58360134159557,148.73790797451178,142.58975470525542
2025-07-12,9,129.41463261197785,158.0548390714366,150.70791068530949,145.10546186811473,142.54361546282175
2025-07-12,10,134.51685393258427,167.25591514821866,156.79099423591336,150.4099800939059,152.84480846412674
2025-07-12,11,134.2025624673894,162.28743042927206,153.47687203451378,146.4735489955041,148.28066475622475
2025-07-12,12,138.26268742791234,159.19283391275093,149.9746301945607,143.30472366348585,142.46265569855422
2025-07-12,13,130.20187905096034,156.42117376294593,142.66647508852296,138.58837653351577,139.63225396100967
2025-07-12,14,116.94479985377444,145.92176349926328,131.080599706149,128.5892354139867,133.7995095965603
2025-07-12,15,106.60789122404,141.1461579163972,123.4027648121728,123.17628050018224,128.84338663853194
2025-07-12,16,101.95767195767196,139.5643569954485,121.49493530792039,122.54218551689821,127.99050349442359
2025-07-12,17,109.30701372926632,143.1970057099145,124.48735473036706,127.83465218658007,128.94113791534087
2025-07-12,18,128.87650240384616,152.73335383669075,136.8929173497381,140.97983079374214,135.97748896827244
2025-07-12,19,170.08641827641887,183.89583612264025,176.2426965183856,175.53411382982299,180.37328199253105
2025-07-12,20,223.4188936478253,232.59658756618944,233.57553373127695,226.14731532913535,224.9954167689364
2025-07-12,21,232.8903942468216,243.1453741879987,247.22955462218275,237.59045936831686,234.8767519279263
2025-07-12,22,232.7216344399854,240.0891539789672,242.97506547656545,233.85742849098858,228.11540992439313
2025-07-12,23,215.21082220660577,232.5448842742808,233.96254708791915,226.12454514499734,223.64760122793726
2025-07-13,0,204.26126126126127,227.369121025269,228.42780477312115,213.20433195810733,207.22701359755044
2025-07-13,1,197.9865582553932,209.59526116445,222.59568572080815,203.95089467183567,195.1421935500864
2025-07-13,2,185.52859618717503,197.3767106842737,215.06495762347296,195.40759641815453,183.54069030119152
2025-07-13,3,186.4442236573384,194.7839967045981,211.14541990771212,192.50900578835055,180.84259323732607
2025-07-13,4,192.3730588030012,191.87633029525733,211.33857000604024,191.6443785424723,181.21632142744423
2025-07-13,5,193.0989370400654,190.92108192341945,212.31769325945066,192.13322805143744,181.5388501704627
2025-07-13,6,195.58065841206505,196.0398167524461,213.73437271262318,195.64998747236626,183.3987263024273
2025-07-13,7,182.74043433298863,175.1328781512605,188.940632567924,172.7810810507508,170.6565098560118
2025-07-13,8,140.34842527348465,137.10142215568862,154.20420910832516,134.23859254342312,135.30958647103213
2025-07-13,9,139.09600760456274,129.41463261197785,151.83639784667267,126.45431132846002,133.59178344889077
2025-07-13,10,144.18121824446652,134.51685393258427,158.38610231537004,130.5927102819652,138.8877929893748
2025-07-13,11,145.67701687225295,134.2025624673894,154.67887810005524,128.44562438534993,136.63563948577735
2025-07-13,12,145.15535229384022,138.26268742791234,152.05820948553918,128.69054881877764,136.6640963900138
2025-07-13,13,131.70302561968734,130.20187905096034,144.0970246592488,121.55946523108739,128.4833898800028
2025-07-13,14,118.724019185832,116.94479985377444,131.95891089143518,110.48602186220305,115.30928061093573
2025-07-13,15,114.69347355397464,106.60789122404,125.26407256471751,103.33101517523855,104.89704858279202
2025-07-13,16,115.57342893035512,101.95767195767196,124.31475444505854,101.86471651159819,104.73999782903411
2025-07-13,17,121.6100306757602,109.30701372926632,129.04002313959728,109.14909304549204,109.33431864037723
2025-07-13,18,146.44271979613112,128.87650240384616,140.15289203587514,125.15281502709786,126.05848053362837
2025-07-13,19,191.19414002612004,170.08641827641887,179.713361538219,163.9219716919077,164.44238733068516
2025-07-13,20,239.13697382721853,223.4188936478253,235.131758502013,215.49375949520967,219.64886580339407
2025-07-13,21,246.2759195260429,232.8903942468216,248.70044335743577,226.49271055075673,230.66603409078672
2025-07-13,22,238.89137252285315,232.7216344399854,245.02000598348974,224.13264742548796,228.59382095059436
2025-07-13,23,228.9747892444764,215.21082220660577,235.07298464084857,212.43401029354231,215.55810609605058
2025-07-14,0,229.1259414958837,204.26126126126127,228.09776641317538,226.01320957807883,213.63705937837636
2025-07-14,1,224.0435880647273,197.9865582553932,220.75252475039397,219.68215802569262,207.39368482361553
2025-07-14,2,218.6494937462776,185.52859618717503,213.47666487247358,210.9267793073717,204.1526158355834
2025-07-14,3,213.9995841347404,186.4442236573384,209.9793469453364,209.43848511777813,205.6588495277808
2025-07-14,4,218.2511848341232,192.3730588030012,211.3908072477776,212.22172196631607,206.61457913260358
2025-07-14,5,224.031007751938,193.0989370400654,212.07541008077177,213.1374410878979,208.8779793445752
2025-07-14,6,230.60427176129656,195.58065841206505,212.57090810854132,215.4875011584471,211.94421380072725
2025-07-14,7,216.25085207907293,182.74043433298863,189.72172601979295,197.17998877776313,189.19558863078635
2025-07-14,8,172.64784249870476,140.34842527348465,156.08426179205892,157.63060775340574,149.80817214778222
2025-07-14,9,162.601861554583,139.09600760456274,153.08560806630638,151.65114466733917,146.04589872475324
2025-07-14,10,170.2500838269811,144.18121824446652,159.22950803271584,155.44023079714466,150.85962926789415
2025-07-14,11,162.9170175200326,145.67701687225295,155.394889630019,153.97627335868404,149.43577181358455
2025-07-14,12,162.38544691836077,145.15535229384022,153.54593719687097,152.9961367088232,146.34560047625254
2025-07-14,13,154.71083907446547,131.70302561968734,145.310502247393,143.6338384515647,138.56744067219074
2025-07-14,14,146.83552483704204,118.724019185832,134.11682830818134,132.7622572573431,133.93689464145953
2025-07-14,15,142.91112369091422,114.69347355397464,128.12147667449028,128.43605296639925,130.49823202978513
2025-07-14,16,138.8783150434385,115.57342893035512,127.34660710220146,129.1644860898649,131.23385944953696
2025-07-14,17,140.30116673372032,121.6100306757602,132.7068509350747,136.92511574363368,135.06795821294048
2025-07-14,18,154.44121585049712,146.44271979613112,145.2664404559609,155.81661040173307,150.82243996162475
2025-07-14,19,190.0464096577644,191.19414002612004,184.68664671044812,195.65358309537422,186.47266898676915
2025-07-14,20,239.63364034958656,239.13697382721853,236.47797780087595,242.85901765582759,240.87556027835728
2025-07-14,21,249.0008227443093,246.2759195260429,248.69695752131582,252.0759195807899,248.42727368016708
2025-07-14,22,246.61908813057315,238.89137252285315,244.78593915646633,247.04964095250062,242.05466057088213
2025-07-14,23,240.97222222222223,228.9747892444764,235.14680689419927,237.9751391610891,235.38430902169054
2025-07-15,0,232.36129568106315,229.1259414958837,228.41663533299197,233.88187482198538,235.1448852803752
2025-07-15,1,227.94008495416944,224.0435880647273,219.46851759133352,227.45155960319642,229.19122265254362
2025-07-15,2,215.3008184559422,218.6494937462776,210.1945970167374,220.49273736860306,225.97778389104425
2025-07-15,3,208.56954582319543,213.9995841347404,205.7933051960578,216.84485448620376,221.87420174042606
2025-07-15,4,213.32412240302932,218.2511848341232,208.10641327352047,219.38302447306353,224.98098191924373
2025-07-15,5,205.95405885200924,224.031007751938,209.73010723309196,222.4035777094861,227.37445922991296
2025-07-15,6,209.2270858273044,230.60427176129656,212.28946455841086,226.85893895109808,231.9042070760089
2025-07-15,7,194.2779199459225,216.25085207907293,192.10731888047647,209.95603399228108,219.49929074824834
2025-07-15,8,146.05361270598763,172.64784249870476,157.78345693118075,170.54013758574274,172.65995974612667
2025-07-15,9,148.1139529439307,162.601861554583,153.30895977508723,160.51099700896123,161.97005102104413
2025-07-15,10,149.79093123169963,170.2500838269811,159.39939219488733,165.22868837786987,170.2603812505465
2025-07-15,11,152.48585943228238,162.9170175200326,154.82460709493085,160.33368234102034,161.20403473589084
2025-07-15,12,148.246834129126,162.38544691836077,154.10430277138377,159.8174085822587,161.2632515490337
2025-07-15,13,142.08966053381704,154.71083907446547,145.75803998297292,152.6544881323734,155.9280191749695
2025-07-15,14,133.6513635523641,146.83552483704204,134.44621242882485,143.64749704670345,146.69337151287118
2025-07-15,15,120.88383341300865,142.91112369091422,129.05569147889403,139.63749680236336,146.60023892980263
2025-07-15,16,114.09977483404975,138.8783150434385,128.0272152004873,138.35670654175397,145.66507338420985
2025-07-15,17,114.02730980670331,140.30116673372032,133.19077803990848,143.89398281335576,149.44875867680483
2025-07-15,18,122.00382249298214,154.44121585049712,146.4290735596653,159.25997361670855,159.58099988113182
2025-07-15,19,164.02733046383528,190.0464096577644,184.76072988334673,195.33045072827625,200.37355200423642
2025-07-15,20,217.78509649419803,239.63364034958656,235.90650110359175,242.61001660475887,249.62497748435095
2025-07-15,21,228.20728827621417,249.0008227443093,246.9585155655685,252.1198965391901,256.6554903773315
2025-07-15,22,228.5521529201667,246.61908813057315,242.8497103192583,248.76476552504147,254.4997763312341
2025-07-15,23,216.68995102691625,240.97222222222223,233.53477747896358,241.38303431311058,246.6065141390069
2025-07-16,0,208.2185710104937,232.36129568106315,225.72279933795627,223.23953708381683,210.3090873521072
2025-07-16,1,202.0364699968009,227.94008495416944,216.46845332754967,217.237221338501,204.1946571434693
2025-07-16,2,199.2614592614593,215.3008184559422,205.5338824308149,207.4395933303352,195.5765357481706
2025-07-16,3,205.2805492972857,208.56954582319543,200.54279809185422,203.04215326623452,193.81220072003083
2025-07-16,4,212.7886864291542,213.32412240302932,202.98202264595574,205.79314085292,195.45357496241039
2025-07-16,5,211.6268827143712,205.95405885200924,203.43000513887472,203.70482819776876,194.33761481765822
2025-07-16,6,212.26152140632425,209.2270858273044,206.94595566759244,207.328677775633,197.63238870652515
2025-07-16,7,200.4939141876968,194.2779199459225,189.14828389959783,190.68775387817843,183.2851338823696
2025-07-16,8,145.2407221664995,146.05361270598763,153.73116690958713,148.26968464216603,151.20721686653104
2025-07-16,9,134.3374718191344,148.1139529439307,149.57982741494635,143.41690895785155,148.18688293190328
2025-07-16,10,143.62172801786187,149.79093123169963,155.10522397198642,145.59335273986667,151.25146259317418
2025-07-16,11,149.55575651387554,152.48585943228238,151.46482706319583,144.95124248140706,151.18113356394267
2025-07-16,12,156.98667256539292,148.246834129126,149.9744901839069,142.85571439820637,147.21673386547468
2025-07-16,13,154.4723329873819,142.08966053381704,142.92741932045556,136.8697912125203,140.6699997446663
2025-07-16,14,149.23175695981203,133.6513635523641,132.12173476274396,128.04891129623175,133.27019132869424
2025-07-16,15,137.12747010431684,120.88383341300865,126.16264049268601,119.82631493572566,128.18567541088478
2025-07-16,16,124.9932944606414,114.09977483404975,123.76933850124887,116.58196763079822,122.65770786624788
2025-07-16,17,123.068071740981,114.02730980670331,128.132130435523,120.9721360422196,123.4546996636453
2025-07-16,18,134.5844003253698,122.00382249298214,141.4491528060262,133.7952202903426,136.70754018225145
2025-07-16,19,169.7543658227083,164.02733046383528,180.24718584035622,172.4314389673454,174.82946376995181
2025-07-16,20,223.351407973381,217.78509649419803,231.46229971201222,221.82649881144692,216.34430264980102
2025-07-16,21,240.4726049343159,228.20728827621417,242.0587252774662,231.77552122143277,226.79101287819546
2025-07-16,22,231.16923794608644,228.5521529201667,238.75675383176147,229.87301088554915,220.65602156287918
2025-07-16,23,223.53446584801287,216.68995102691625,229.41076950470733,220.21490622161463,210.137695559278
2025-07-17,0,215.9985851350754,208.2185710104937,221.76384458125904,214.13099585404368,211.98943644236448
2025-07-17,1,210.62577171926705,202.0364699968009,213.8657813138052,208.13354748683255,207.1816443629451
2025-07-17,2,199.8293107197217,199.2614592614593,203.91734949666758,202.1404492442519,202.9903126077937
2025-07-17,3,204.59127906976744,205.2805492972857,201.72007401001102,203.37013540001993,203.70877937106283
2025-07-17,4,209.4040663706473,212.7886864291542,204.7946407543356,207.4020089822206,205.09882905750905
2025-07-17,5,205.54408549914987,211.6268827143712,204.53723784228063,207.076386526691,206.4321887455939
2025-07-17,6,206.9504165938356,212.26152140632425,208.60003459280958,209.95785344713116,208.10824464316212
2025-07-17,7,208.2944689690989,200.4939141876968,191.98329847824343,195.09823464713364,199.53641310552985
2025-07-17,8,161.42351366521308,145.2407221664995,151.51436158857197,147.33758862590705,148.08943105528678
2025-07-17,9,150.0342967382373,134.3374718191344,146.82764589568208,136.98686189365267,135.75572822845723
2025-07-17,10,163.27341652187647,143.62172801786187,153.23143539753036,142.28361348888873,145.55434154522857
2025-07-17,11,164.64047061511224,149.55575651387554,151.84742809401354,144.06705025689868,147.0683445958394
2025-07-17,12,162.45499274764654,156.98667256539292,151.83637642379762,147.03520884051676,151.23659704793954
2025-07-17,13,158.26024193781217,154.4723329873819,145.22469300297232,142.59281858853436,148.80445657173772
2025-07-17,14,152.28567141785447,149.23175695981203,135.8250389458522,135.54732713262524,142.07834712589943
2025-07-17,15,148.5980040401604,137.12747010431684,128.13165932807578,127.06892351696423,135.2688628211973
2025-07-17,16,139.63151499228218,124.9932944606414,123.7814003858845,121.00406110717924,128.05882049808775
2025-07-17,17,136.2683396401779,123.068071740981,126.42996526493296,124.1013105950235,128.1550814388914
2025-07-17,18,142.36725517423793,134.5844003253698,140.45210665851022,137.80546916842133,136.15663308162522
2025-07-17,19,176.62108469637772,169.7543658227083,178.43760734083247,173.99201016731402,173.04088994707723
2025-07-17,20,222.52906877621305,223.351407973381,230.14538259402502,223.69059040950253,224.7545463412057
2025-07-17,21,231.6099961873072,240.4726049343159,241.45928534882847,236.3536419319768,238.58985306209223
2025-07-17,22,226.64445014098948,231.16923794608644,237.93736101362362,230.95079921703194,233.5512643941429
2025-07-17,23,219.18764302059492,223.53446584801287,228.5528701920362,222.6700777862191,223.6282194368626
2025-07-18,0,217.8822675078292,215.9985851350754,220.74863838819837,217.80481685721935,205.39374356679758
2025-07-18,1,226.5409683426444,210.62577171926705,213.94106855964566,212.42628925061686,201.34540627437457
2025-07-18,2,216.38382568615123,199.8293107197217,203.2116186883681,203.6105629986936,197.27701029141258
2025-07-18,3,204.7024712768264,204.59127906976744,202.8469078166983,205.31079267600276,198.57994308470606
2025-07-18,4,202.48143632938047,209.4040663706473,206.80824273172615,208.8428253833675,198.96114126826882
2025-07-18,5,210.7660607429152,205.54408549914987,206.3044026418773,207.47297117875672,198.89950585053577
2025-07-18,6,217.05668565229183,206.9504165938356,210.1006837538384,210.41314839296928,200.99771651728935
2025-07-18,7,196.1925443358668,208.2944689690989,196.0701803944794,201.9993866095783,198.1864840536975
2025-07-18,8,143.49924525303885,161.42351366521308,151.49758776092452,156.09670731783055,151.88085770602407
2025-07-18,9,132.3410739722397,150.0342967382373,145.95043747769466,144.61978853350485,143.76172671539206
2025-07-18,10,142.1504267091813,163.27341652187647,153.27002098909836,151.49303141188392,151.55897025565136
2025-07-18,11,148.4027355182706,164.64047061511224,153.1094448357453,151.99575504450226,152.5044839039508
2025-07-18,12,154.32741696153408,162.45499274764654,153.24068857071853,151.51089036959,151.0413835078275
2025-07-18,13,150.29240629707297,158.26024193781217,146.8370218524386,146.3442268674172,146.81304267016634
2025-07-18,14,143.64348240338236,152.28567141785447,137.65641418656318,139.11571643695243,139.19445259494302
2025-07-18,15,119.39140737045582,148.5980040401604,130.28113627754456,134.1830448150373,136.59453454810676
2025-07-18,16,105.48087766214518,139.63151499228218,124.95690817341247,129.27323002713692,131.2280791144916
2025-07-18,17,100.2474690663667,136.2683396401779,126.82556257664623,131.78138265074898,132.93444462969313
2025-07-18,18,105.75632287864596,142.36725517423793,140.20703855425072,143.74437748408792,139.94512429671732
2025-07-18,19,148.15521460220884,176.62108469637772,177.94651215226642,178.71430355630244,172.10388324568677
2025-07-18,20,210.61187924681383,222.52906877621305,228.35023837637314,224.60698792761826,222.00354167017008
2025-07-18,21,223.53381049033223,231.6099961873072,238.80034287185853,234.07276725248437,229.69786594206636
2025-07-18,22,216.640522875817,226.64445014098948,234.95529858280307,229.9283377195491,225.73661735481193
2025-07-18,23,201.40280908618,219.18764302059492,225.30211112044415,221.71513595196672,217.3208743530785
2025-07-19,0,193.6235417861924,217.8822675078292,219.31672044526792,196.5846441242362,191.0195453210286
2025-07-19,1,191.92196531791907,226.5409683426444,214.10981464249318,196.9554147474688,190.5798601605475
2025-07-19,2,184.01997226074897,216.38382568615123,204.61860210585724,188.71240806212097,186.2910251237299
2025-07-19,3,169.89683920110355,204.7024712768264,202.62452142339313,184.09094736864623,181.08678625330455
2025-07-19,4,168.82200278516268,202.48143632938047,205.78555506637045,184.88997361968336,180.21113990771025
2025-07-19,5,165.0078451882845,210.7660607429152,205.99173064626692,188.07513312421372,181.85746991388936
2025-07-19,6,169.32085702949345,217.05668565229183,209.67435091508054,192.68007718497148,186.85445004625248
2025-07-19,7,153.73756973077855,196.1925443358668,196.19757314312957,175.82910156781816,175.20964371282875
2025-07-19,8,131.78692174486682,143.49924525303885,149.473540531231,126.43129468888915,136.14318545859481
2025-07-19,9,131.25097125097125,132.3410739722397,142.27704246352369,114.84305273954087,129.4941654589204
2025-07-19,10,139.61401938851603,142.1504267091813,149.68352264066445,120.78329324566349,137.58056615955104
2025-07-19,11,142.21061742642817,148.4027355182706,151.12591699131653,123.97728355710703,140.52199693830303
2025-07-19,12,143.74553354486466,154.32741696153408,152.54562900625896,127.23370331787427,144.9424528781141
2025-07-19,13,130.2334341816456,150.29240629707297,145.96148364302817,121.97995006882373,137.25173619028703
2025-07-19,14,114.62184608583068,143.64348240338236,137.3309454585802,114.59038058360886,127.12295601037754
2025-07-19,15,96.4673081500119,119.39140737045582,127.1733147709815,100.72957679874415,114.77837308496626
2025-07-19,16,82.83913104219056,105.48087766214518,120.0878396972263,92.56208048109578,106.08568223001781
2025-07-19,17,79.50800319433353,100.2474690663667,120.68991448471083,93.35693888607514,105.53944988372201
2025-07-19,18,87.54620689655172,105.75632287864596,133.49603413167287,104.27932703752226,110.33812476454116
2025-07-19,19,128.0753564154786,148.15521460220884,172.84070907791906,143.71825581811183,149.50808682894095
2025-07-19,20,190.8914146829652,210.61187924681383,225.20956575931947,197.5301286553911,202.52974824808376
2025-07-19,21,201.9272849062221,223.53381049033223,235.99869091504902,208.57039874455526,210.32199717545092
2025-07-19,22,195.88773761296355,216.640522875817,231.6054941394959,203.43163289918107,206.12003233553605
2025-07-19,23,181.7018004161766,201.40280908618,220.85324323642976,192.12367018806668,192.98489794943268
2025-07-20,0,172.33298512659803,193.6235417861924,214.49592341111412,183.63849528458977,176.04053134128745
2025-07-20,1,168.22098976109214,191.92196531791907,211.58505809298876,181.5805201119997,169.6284427238863
2025-07-20,2,158.72,184.01997226074897,202.7104966167823,174.47920408872008,161.30005558215254
2025-07-20,3,153.98044009779952,169.89683920110355,199.06921320860815,167.7208048819467,157.40356135600916
2025-07-20,4,155.16422306165566,168.82200278516268,202.4920797077855,168.81161296275224,157.5478628962803
2025-07-20,5,157.11155913978496,165.0078451882845,202.28983968410475,167.67505701857573,159.63763679701142
2025-07-20,6,162.96283645306735,169.32085702949345,205.85735666894445,171.6823049470678,164.96022676986604
2025-07-20,7,148.76428752857507,153.73756973077855,193.14110051163217,156.19100751001787,158.9865577697374
2025-07-20,8,128.27440124155865,131.78692174486682,148.71432618682792,118.15554828729266,134.3378982725394
2025-07-20,9,125.99311485369064,131.25097125097125,142.53937655480846,111.32658907202348,135.11134575937137
2025-07-20,10,138.82919273522444,139.61401938851603,150.411689134369,117.50520476549458,141.6434093744135
2025-07-20,11,141.7861482381531,142.21061742642817,152.26992484260776,119.3573217237787,141.13428006222833
2025-07-20,12,142.37910968008742,143.74553354486466,153.32889273725215,120.4816574649891,148.79274153637652
2025-07-20,13,135.16430402876426,130.2334341816456,145.96599151884035,111.31043474336818,139.18168586690825
2025-07-20,14,118.8063125910768,114.62184608583068,136.99909492030253,100.29974979005637,126.79089967982276
2025-07-20,15,105.52215342166896,96.4673081500119,125.72466004612033,87.20276761700157,110.15345882738808
2025-07-20,16,83.20449468625195,82.83913104219056,117.35661956644323,78.4862203715997,96.52322818689927
2025-07-20,17,81.2046566559811,79.50800319433353,116.43291297972041,79.52542919101774,96.15420084342809
2025-07-20,18,89.72128112884636,87.54620689655172,127.59170620205941,90.86058549256137,104.2716098469389
2025-07-20,19,128.02493994630493,128.0753564154786,166.83912881207044,129.72923962018743,136.091904203953
2025-07-20,20,189.358887636227,190.8914146829652,220.56278305005372,185.1493564984254,200.26985151088348
2025-07-20,21,205.6087801087801,201.9272849062221,231.5753895806777,195.86505916727987,211.17777128617777
2025-07-20,22,202.71777284647973,195.88773761296355,226.34350887849277,190.66540899980447,205.7638242238789
2025-07-20,23,186.6463070851344,181.7018004161766,216.06624012351134,179.7573323760225,191.6607780716108
2025-07-21,0,182.73601801156423,172.33298512659803,209.93474110616222,192.78028213991044,174.99695724230685
2025-07-21,1,190.453125,168.22098976109214,207.33283402237433,189.95682249595814,169.41788727644095
2025-07-21,2,182.79474155960563,158.72,198.88069716147157,182.41144705683263,165.80462204887093
2025-07-21,3,184.2337334175616,153.98044009779952,194.43152984295975,178.5049209134694,165.48956673692177
2025-07-21,4,179.45495207667733,155.16422306165566,197.17653174473614,180.0755866880046,167.00451113540083
2025-07-21,5,180.06662859318484,157.11155913978496,197.1487856983504,180.89680254016767,171.1845857212694
2025-07-21,6,188.27295458510204,162.96283645306735,201.19766781765904,185.6395573037645,177.77017484987067
2025-07-21,7,167.87030752362554,148.76428752857507,188.28736525385878,170.21214114608392,170.676828510526
2025-07-21,8,120.03861889649372,128.27440124155865,146.98946561083844,134.8223495832915,142.00633188662056
2025-07-21,9,122.015503875969,125.99311485369064,140.66753473325528,127.33328524796393,142.30315485068024
2025-07-21,10,129.1049149886845,138.82919273522444,149.64711406162013,135.9458576262231,152.73347195209385
2025-07-21,11,132.2967774308653,141.7861482381531,151.7140864663078,138.22963914559347,149.2486891425261
2025-07-21,12,134.13143842474136,142.37910968008742,152.9322866495732,139.12394529325496,148.70770092142592
2025-07-21,13,132.6941283946516,135.16430402876426,146.4604598629942,132.88941179283367,144.61692141065478
2025-07-21,14,127.94293447614751,118.8063125910768,137.0108511210518,121.29461152362681,134.70228069299012
2025-07-21,15,103.452316729605,105.52215342166896,124.41447145579096,109.77120096491024,119.33937034219386
2025-07-21,16,91.44841512666748,83.20449468625195,112.73248610299993,96.15294501220798,103.69572888044222
2025-07-21,17,86.9064130101258,81.2046566559811,110.66071669118055,96.73805261418639,106.81015099549089
2025-07-21,18,84.7147463525205,89.72128112884636,119.48864353530443,107.30114498717012,119.80938121190836
2025-07-21,19,120.75511412221272,128.02493994630493,157.81495737209687,144.93733374820863,147.7521280671242
2025-07-21,20,187.19626168224292,189.358887636227,213.45162787991208,200.66734369677138,212.2692047867021
2025-07-21,21,206.86803039988635,205.6087801087801,225.76579823535442,213.8124448540724,221.76930038360888
2025-07-21,22,208.1339589182799,202.71777284647973,221.175851781868,209.9356171940413,218.85467162972816
2025-07-21,23,187.37236067843543,186.6463070851344,210.0193141007482,197.8502055656207,202.98822519032032
2025-07-22,0,174.30131534242585,182.73601801156423,203.30760917983088,188.70491761855362,173.86270334704096
2025-07-22,1,164.8866892419901,190.453125,202.53419644169898,190.83888644670057,170.60424573441617
2025-07-22,2,153.35025953509367,182.79474155960563,193.7585897062327,183.92617128331864,164.62930019675963
2025-07-22,3,143.5293766419871,184.2337334175616,190.1792654547914,182.6863766409683,165.27723918098567
2025-07-22,4,148.98161158287007,179.45495207667733,191.6342127793867,181.57325372196436,163.97607390166255
2025-07-22,5,150.08420039694474,180.06662859318484,190.86816010424283,181.91381333837626,167.53794867862797
2025-07-22,6,162.5696683555965,188.27295458510204,195.15033679248842,187.71050928232285,175.7560939418477
2025-07-22,7,148.67834728033472,167.87030752362554,181.37585888879488,170.39507533166224,167.28840557239127
2025-07-22,8,109.68322506687046,120.03861889649372,139.47386223909402,125.57322181466574,133.50030057197205
2025-07-22,9,113.82702877465243,122.015503875969,134.86948363631043,120.14503749087532,133.59654015921762
2025-07-22,10,117.78094887374948,129.1049149886845,143.7692327990063,126.67982936903293,141.05576332082674
2025-07-22,11,121.19261020669472,132.2967774308653,147.3397664535696,129.3620764250401,145.03884801228463
2025-07-22,12,120.46474023057344,134.13143842474136,148.89599972191328,130.79093695185705,145.94652160046584
2025-07-22,13,127.1053007981234,132.6941283946516,143.31521548016366,127.26932518060352,142.3765317016283
2025-07-22,14,122.32625788427752,127.94293447614751,134.311909640924,120.4125222435951,135.0128039480624
2025-07-22,15,115.275635861434,103.452316729605,118.77749903274677,103.30419041259474,114.06769895908081
2025-07-22,16,100.56603773584904,91.44841512666748,105.95678611488977,92.90890992928011,102.63547527587534
2025-07-22,17,91.10393293835877,86.9064130101258,103.03289473066704,92.30933298504813,101.3814675678006
2025-07-22,18,83.55180862724869,84.7147463525205,109.52771932130779,97.50889435026006,103.34039500645272
2025-07-22,19,110.5299860529986,120.75511412221272,147.91620086701806,133.9943032712238,139.8186049663925
2025-07-22,20,182.38091674462115,187.19626168224292,205.96057378457726,192.67053815752516,196.85334485794866
2025-07-22,21,201.7386600726373,206.86803039988635,219.74682790043684,207.67243396126304,212.5716496586212
2025-07-22,22,203.43010666452804,208.1339589182799,215.6779761801118,205.5705650951923,211.8807890755631
2025-07-22,23,188.64670221979125,187.37236067843543,202.36219102306433,190.9252736497881,195.25001441196855
2025-07-23,0,177.42100465869962,174.30131534242585,195.01332627431125,188.46654198701367,178.11994779833128
2025-07-23,1,179.39762164407747,164.8866892419901,193.52656848281623,184.30683409176802,169.41074260477967
2025-07-23,2,167.88757932910244,153.35025953509367,184.90850986039723,175.87149973642983,163.44787114225477
2025-07-23,3,167.68513569689412,143.5293766419871,180.88781271461878,170.27553173244917,164.94181193620673
2025-07-23,4,169.54979864158202,148.98161158287007,182.44242551936395,172.75684719871492,164.38961648009376
2025-07-23,5,173.61166696986234,150.08420039694474,182.88675175351932,173.68199804695323,168.94368305606594
2025-07-23,6,176.40275287721937,162.5696683555965,188.4849914393873,181.73230483857552,177.11955195689518
2025-07-23,7,159.91554142119807,148.67834728033472,174.86163422228233,166.5965386032259,162.55358641801888
2025-07-23,8,130.7083641746854,109.68322506687046,134.278092576363,125.07767626331264,128.06788569792215
2025-07-23,9,139.54212509419744,113.82702877465243,129.97135161212782,120.68871385481054,129.61121470218737
2025-07-23,10,135.19931189939496,117.78094887374948,139.196378176442,125.35788267241549,134.53972064010867
2025-07-23,11,131.0576355261604,121.19261020669472,142.86930227848566,128.14576797166978,136.84456289196834
2025-07-23,12,142.058001298958,120.46474023057344,144.9271291649772,128.76694493751341,137.1293128881081
2025-07-23,13,141.8363296092554,127.1053007981234,141.17459266077884,129.4419732749602,139.39820357400652
2025-07-23,14,137.67684933880005,122.32625788427752,132.69403740262592,123.13772795791193,133.2318888821121
2025-07-23,15,121.43047359661068,115.275635861434,117.97632795395042,113.12567560119201,123.82570587379364
2025-07-23,16,106.82445209088937,100.56603773584904,104.02339510086111,101.2689698449414,108.83208154644774
2025-07-23,17,99.61134886669836,91.10393293835877,99.75812660661784,97.74350753627985,104.36349720007729
2025-07-23,18,104.38642460540272,83.55180862724869,104.03457448334586,99.4250620251126,104.14972219268034
2025-07-23,19,134.24373730534867,110.5299860529986,140.27372309404137,131.59445869552667,130.76664771592246
2025-07-23,20,205.50151758614533,182.38091674462115,200.90283382035204,194.0935487450721,196.57900623975894
2025-07-23,21,224.70983774302,201.7386600726373,215.96559529992587,209.82611349283212,217.2424743983344
2025-07-23,22,218.2583769126477,203.43010666452804,212.0891124293063,208.32716883558254,214.17200651036825
2025-07-23,23,204.74420499818905,188.64670221979125,198.3560126220465,195.40131241301805,199.72276162687055
2025-07-24,0,192.2796762589928,177.42100465869962,190.61367393834067,190.84922762813665,190.76954871548912
2025-07-24,1,188.3472070098576,179.39762164407747,190.29244728957002,190.95943548135725,185.9334088892595
2025-07-24,2,180.57864124242968,167.88757932910244,180.42652701291766,182.06417829928336,176.3953502621896
2025-07-24,3,175.9158699808795,167.68513569689412,175.51703934313426,179.41099298012404,177.40236829411876
2025-07-24,4,181.6584158415841,169.54979864158202,176.2654415497108,180.5229586250328,177.46643074525596
2025-07-24,5,178.89537465896834,173.61166696986234,177.45600664716093,182.85170552652073,181.10324756454727
2025-07-24,6,190.70012965363955,176.40275287721937,183.36231022094373,187.67146509102747,183.30559069931564
2025-07-24,7,171.594882967432,159.91554142119807,169.06472382706824,171.01893146599312,169.50258183983485
2025-07-24,8,132.00532927293492,130.7083641746854,132.2020414346753,134.54471566677645,134.56690460920402
2025-07-24,9,133.46473687551577,139.54212509419744,130.7148735085654,133.50994978822283,138.8320359111744
2025-07-24,10,142.09534951740275,135.19931189939496,137.9931758738039,134.19162195728626,139.0850789754626
2025-07-24,11,145.20552897986428,131.0576355261604,140.22671356595492,133.39432659785797,137.5316032733556
2025-07-24,12,147.47094464334893,142.058001298958,142.79446184120079,139.13529148375576,145.53027580314125
2025-07-24,13,142.92780414688983,141.8363296092554,139.3694493210465,137.36364875227298,144.56414224459053
2025-07-24,14,126.06969820792716,137.67684933880005,131.04333631390992,131.34690163648276,137.12120889871235
2025-07-24,15,116.07904851254426,121.43047359661068,115.73389988142097,117.68933284991644,119.32549885794234
2025-07-24,16,101.29095758191517,106.82445209088937,101.42784619089653,105.70420624566975,110.07285418689852
2025-07-24,17,95.98878695208973,99.61134886669836,96.40716619600603,102.46499808590539,104.36515740765566
2025-07-24,18,109.82632448656122,104.38642460540272,99.72057795192198,108.52708260882243,108.84920122782947
2025-07-24,19,143.52996157441063,134.24373730534867,135.20077616299002,141.0980847044554,139.6702263490202
2025-07-24,20,207.12785780835665,205.50151758614533,198.35284947931834,204.7806550145005,211.25808474359502
2025-07-24,21,221.7974493623406,224.70983774302,213.71377141545503,220.6159720067045,225.55119638164484
2025-07-24,22,220.8082459428207,218.2583769126477,210.2447037102436,216.3571864532083,223.1916633943962
2025-07-24,23,206.96204872186013,204.74420499818905,195.67168964350023,203.59564190375977,210.02923729433556
2025-07-25,0,193.37460978147763,192.2796762589928,187.2252583846146,199.35415928431362,190.75177887761132
2025-07-25,1,175.29806134420917,188.3472070098576,187.10979518822583,197.32353106243386,185.49401389061666
2025-07-25,2,164.46047073023536,180.57864124242968,177.6764313733045,189.86338078217145,181.45893106348632
2025-07-25,3,162.19439323628504,175.9158699808795,171.42055233043598,185.53076037014148,173.129459840121
2025-07-25,4,165.25129533678756,181.6584158415841,172.30177718841605,188.19289172828965,177.49777885407616
2025-07-25,5,165.74224374918182,178.89537465896834,173.6490479557064,187.99760100181058,180.80009044466516
2025-07-25,6,171.75811023622046,190.70012965363955,181.04084065805858,196.36493721886836,184.50688896006955
2025-07-25,7,153.69205588355643,171.594882967432,163.8219258268301,177.92592105706956,169.39716432590183
2025-07-25,8,125.98677845856176,132.00532927293492,127.99944366434984,138.4046071790081,128.194798796782
2025-07-25,9,130.34795168067228,133.46473687551577,128.34779352817662,135.33061630491864,131.27848569967043
2025-07-25,10,134.39979360791574,142.09534951740275,134.96773773030765,141.0825022031537,137.5338464212423
2025-07-25,11,144.72167424307403,145.20552897986428,137.45029333234808,143.19557415917055,141.4857056385634
2025-07-25,12,147.50651806434976,147.47094464334893,140.65388354058683,145.58119070783948,141.823524526133
2025-07-25,13,141.1067541840707,142.92780414688983,137.17910106520043,142.13602828161052,138.8171689719956
2025-07-25,14,129.7817483756645,126.06969820792716,127.29819728392032,130.52906545610466,123.71294432792031
2025-07-25,15,117.42595182595184,116.07904851254426,111.08833480604723,119.19252547451671,112.3903621793721
2025-07-25,16,98.7912886809748,101.29095758191517,95.95062370370124,106.86469751161015,104.26941473556062
2025-07-25,17,89.08380247707898,95.98878695208973,90.65294438342198,104.79903040209861,103.08235266267977
2025-07-25,18,93.59258775936316,109.82632448656122,95.07187356796817,114.53971794574417,111.95232497652438
2025-07-25,19,114.51163121576438,143.52996157441063,130.47347285985185,147.99928714965336,141.39102332037854
2025-07-25,20,178.52200075216246,207.12785780835665,196.15267648391028,209.7614687467617,208.28977150534752
2025-07-25,21,191.2721811642888,221.7974493623406,212.31197901188838,224.2282895401375,219.03629766814913
2025-07-25,22,187.43840324651129,220.8082459428207,209.4109602533624,221.99472739774902,218.07543895978023
2025-07-25,23,183.3475228693053,206.96204872186013,193.9251761722524,208.9688225211255,205.28671537391256
2025-07-26,0,175.4984715511291,193.37460978147763,183.7241644237072,182.55766634436293,177.05038742520208
2025-07-26,1,154.66307130794792,175.29806134420917,179.7893799027351,174.1685987482395,167.90609049734542
2025-07-26,2,134.23239875389407,164.46047073023536,170.2588092367451,165.5512852913508,158.25391713276966
2025-07-26,3,128.06540946854807,162.19439323628504,165.34796975321578,162.50604467885486,157.6657268277312
2025-07-26,4,126.310589483456,165.25129533678756,166.9831856180456,164.59806747959885,158.90871684474934
2025-07-26,5,124.06778545574204,165.74224374918182,167.21707409945878,165.31107031217846,160.4534116763036
2025-07-26,6,131.40569159497022,171.75811023622046,174.5696155986198,171.76966117622106,163.39069178394186
2025-07-26,7,109.05955152554834,153.69205588355643,157.75042747650008,154.08880068045823,149.96446890402467
2025-07-26,8,96.66214209968189,125.98677845856176,125.49766269371025,119.13593560756077,124.26501131551906
2025-07-26,9,108.72922343324252,130.34795168067228,128.0630617722384,117.70590659964793,129.358278280375
2025-07-26,10,114.71455060017566,134.39979360791574,133.86050443012684,121.35673840293326,136.38297807384066
2025-07-26,11,123.1662613440892,144.72167424307403,136.92442743589143,126.65695732674826,143.18069646532422
2025-07-26,12,128.69475078464683,147.50651806434976,139.67946941241763,129.13188509341964,144.01825400622207
2025-07-26,13,128.31359490372083,141.1067541840707,135.86686504905725,124.87577747404846,135.4774744100897
2025-07-26,14,120.49300348349767,129.7817483756645,125.31794956567488,115.12004020219322,125.32438478755387
2025-07-26,15,102.97510154723884,117.42595182595184,110.80755544254666,103.49010279643458,109.06693382375826
2025-07-26,16,89.41678843968177,98.7912886809748,94.99496813496262,89.60857555601669,98.4448498634043
2025-07-26,17,84.24306393244873,89.08380247707898,89.05813487066662,85.5316650081387,91.75525401579105
2025-07-26,18,82.56828068173715,93.59258775936316,93.33419712235634,91.69504926599208,96.87168974439408
2025-07-26,19,108.9668332218594,114.51163121576438,125.66724666178835,119.85789575618449,119.57842197637763
2025-07-26,20,170.074065080136,178.52200075216246,191.5684081275315,181.68951533131397,184.1287997423172
2025-07-26,21,183.0353160604955,191.2721811642888,207.7031748224536,195.22572653982283,195.28648701800935
2025-07-26,22,180.3552275944914,187.43840324651129,205.23922887774728,192.1786134128926,191.0556071286024
2025-07-26,23,162.25570275923897,183.3475228693053,191.34584956984173,183.40079773538906,184.71466082923558
2025-07-27,0,151.62473794549263,175.4984715511291,181.13486867584103,171.5347367710937,160.79145414470688
2025-07-27,1,137.697515565496,154.66307130794792,174.4666807584535,160.59511871771926,146.1075943055874
2025-07-27,2,124.06616442843104,134.23239875389407,163.14629873576584,147.65494347636624,139.92662166254343
2025-07-27,3,123.0851859405806,128.06540946854807,159.37205121999358,143.59721284887567,137.07953713328706
2025-07-27,4,118.02618255460726,126.310589483456,160.91012657494466,143.80606855708157,137.07349246231925
2025-07-27,5,121.46913489195369,124.06778545574204,161.36849413766703,143.53470625510025,137.09935468109944
2025-07-27,6,141.70731707317074,131.40569159497022,169.15316339368792,150.58075025942802,140.65342731747248
2025-07-27,7,125.38984191052808,109.05955152554834,151.36785344718146,130.56592383321257,122.90102548380277
2025-07-27,8,106.982104814657,96.66214209968189,120.47983703011242,102.3124216647639,106.20590990814209
2025-07-27,9,121.59316633334464,108.72922343324252,124.84566922684859,105.12473178182721,119.9811117301581
2025-07-27,10,119.62492053401144,114.71455060017566,130.3034374603639,109.04564571053565,125.51827818907616
2025-07-27,11,131.6520601302416,123.1662613440892,134.20380513841442,114.0095886715745,134.24474324011572
2025-07-27,12,133.10685957042276,128.69475078464683,137.52935758952938,117.91161826803315,133.94637704158205
2025-07-27,13,130.0908086148699,128.31359490372083,135.59260229506802,116.72407280359357,132.78349594159317
2025-07-27,14,114.61851793827354,120.49300348349767,126.15668633677019,108.73511636112066,123.18797319095623
2025-07-27,15,96.16799024615284,102.97510154723884,111.73724021357908,94.80336546306768,110.32491944062612
2025-07-27,16,86.9045080980709,89.41678843968177,95.93463347746138,82.63610497655644,93.68150819915826
2025-07-27,17,84.96099032560075,84.24306393244873,89.73457211896877,80.11527874094293,86.96523796274761
2025-07-27,18,88.23093558336583,82.56828068173715,92.62306480595427,83.28094282839447,87.61768877039754
2025-07-27,19,120.71004010312232,108.9668332218594,122.93745763412848,112.53095189416747,116.67953567557119
2025-07-27,20,188.1265153982557,170.074065080136,188.59450104141305,172.94407927107773,176.87385373962042
2025-07-27,21,203.9781793891713,183.0353160604955,205.00432213020693,186.51686716474163,193.18126918687443
2025-07-27,22,197.47785861141864,180.3552275944914,203.02029887510838,184.0399231969094,191.75567009085069
2025-07-27,23,172.8078960038517,162.25570275923897,188.56783561885067,170.21853647707084,169.61764435837244
2025-07-28,0,167.30563861597608,151.62473794549263,178.17654764996882,178.56621674406887,156.59243620593304
2025-07-28,1,167.50556538615217,137.697515565496,170.10618444479692,169.06448953798275,148.365982659591
2025-07-28,2,165.3834817316549,124.06616442843104,158.1957507969703,158.06653361383508,146.06766215445637
2025-07-28,3,178.859375,123.0851859405806,154.958443483248,156.00507526438759,145.2861292366278
2025-07-28,4,186.15080079179413,118.02618255460726,155.60469221679492,154.5733125991005,146.30219731515618
2025-07-28,5,179.44516768954188,121.46913489195369,156.2767192451197,156.41420188008593,148.83728129852895
2025-07-28,6,182.3145849730581,141.70731707317074,166.11666062513126,169.03825214802112,149.99476319728078
2025-07-28,7,178.11639386853727,125.38984191052808,148.0286469303176,150.5893513273853,142.55932204020698
2025-07-28,8,145.3367797441606,106.982104814657,117.43808039769787,120.9841548387764,116.69724037591065
2025-07-28,9,148.42367696543286,121.59316633334464,124.21710515251344,126.10798443106711,124.57443772254975
2025-07-28,10,144.76144788486698,119.62492053401144,127.55997000304778,126.02732813643718,126.94728432518892
2025-07-28,11,152.46245828698554,131.6520601302416,132.75607826585565,132.69179418907467,131.49625435266347
2025-07-28,12,157.60601121577943,133.10685957042276,136.20475043100586,134.83969300070572,132.1118068000121
2025-07-28,13,152.60345997286296,130.0908086148699,134.86781723594024,132.937130578227,131.91914915084087
2025-07-28,14,137.5441716718176,114.61851793827354,125.55842995779828,121.99519167981121,124.42144309805754
2025-07-28,15,123.2411424439624,96.16799024615284,110.40093118850534,107.593285570635,105.79217553854343
2025-07-28,16,113.96668627511688,86.9045080980709,96.46320682200692,98.27521390022082,94.75648518626372
2025-07-28,17,109.87924145745124,84.96099032560075,90.27119121462874,96.87814711406051,93.85954648888016
2025-07-28,18,122.4500298541412,88.23093558336583,92.41015829945705,101.61161819581696,98.33233640915984
2025-07-28,19,159.31653642840726,120.71004010312232,121.89247194224524,133.01244580614846,127.12268835032091
2025-07-28,20,215.24808990100183,188.1265153982557,188.41844786456002,196.3728539613317,194.96611145224983
2025-07-28,21,227.0774250219601,203.9781793891713,204.77137917026283,210.8496241376301,206.78193338313577
2025-07-28,22,221.9052691142696,197.47785861141864,202.2717396986711,206.75700491765372,202.55542017031908
2025-07-28,23,204.4644206674357,172.8078960038517,186.59091975009596,189.96775134851185,183.19037516962442
2025-07-29,0,191.9052267281924,167.30563861597608,175.97220773631338,188.70428150001274,200.56047157799273
2025-07-29,1,175.5781001494048,167.50556538615217,166.82796164281862,184.01804617020377,198.05731250685062
2025-07-29,2,170.02176682947547,165.3834817316549,155.70842796440587,177.48197776942555,194.26689994876526
2025-07-29,3,174.82648067945328,178.859375,154.19067799502494,181.30756157700594,194.14799738203212
2025-07-29,4,180.7080140931716,186.15080079179413,156.56124203324018,184.5720150820829,195.15980191342695
2025-07-29,5,188.4241051701281,179.44516768954188,156.18793911602785,182.5758530966686,194.97133645746607
2025-07-29,6,195.27153015538585,182.3145849730581,165.26546496626784,189.01037958955254,196.02573567770935
2025-07-29,7,192.14955862642697,178.11639386853727,149.49237355101926,176.33959929576784,184.6691175015927
2025-07-29,8,156.99528219465316,145.3367797441606,121.05210337593601,142.67996649339142,148.7605992582153
2025-07-29,9,150.16103289061164,148.42367696543286,127.98970130815113,143.72539516068983,152.46291446891703
2025-07-29,10,161.66370803529472,144.76144788486698,129.79661755964528,142.54331565549992,146.66963784443246
2025-07-29,11,163.78804263865285,152.46245828698554,135.63688981672996,147.99631179643205,152.63261969564832
2025-07-29,12,160.17508610792194,157.60601121577943,139.55826082972558,151.6709964126836,153.8633402595542
2025-07-29,13,153.84052204360975,152.60345997286296,137.712007461399,148.7287568778149,152.41338750263589
2025-07-29,14,146.46632796454438,137.5441716718176,126.93003527146543,137.29188441160557,139.7419043836466
2025-07-29,15,136.1470247677144,123.2411424439624,113.22790629055642,125.0731216086435,127.87331141200005
2025-07-29,16,130.83293855371326,113.96668627511688,99.68010270035685,116.28467523815601,122.60894833915596
2025-07-29,17,126.561129124547,109.87924145745124,93.55302384996094,114.87999429727995,121.42431344694353
2025-07-29,18,135.005589333915,122.4500298541412,97.80091308540285,124.14438456188704,129.8307641299441
2025-07-29,19,173.16453626229867,159.31653642840726,127.40124655741589,156.42752306578183,171.82858893978494
2025-07-29,20,229.08397166388292,215.24808990100183,192.42585189581132,213.56098842336326,218.9082353953877
2025-07-29,21,239.0752082312592,227.0774250219601,207.65843554484482,226.19875223931626,226.95325008436265
2025-07-29,22,236.60725672745824,221.9052691142696,204.23906972666964,222.11984984243517,222.11849190603016
2025-07-29,23,226.11585980366544,204.4644206674357,189.03264260566746,207.9144428777036,208.79579155543396
2025-07-30,0,207.7185046090816,191.9052267281924,178.4870522199943,208.31924351398874,216.92617843731063
2025-07-30,1,195.3139399581103,175.5781001494048,168.35530605816362,197.50185022208166,213.75982463740124
2025-07-30,2,184.8638310893513,170.02176682947547,158.09007186360327,190.2694554417227,210.50638803173467
2025-07-30,3,190.8761108207005,174.82648067945328,158.6616928575201,192.120927919731,209.65713820643495
2025-07-30,4,193.7397563676633,180.7080140931716,161.09358524899753,195.05292360265463,210.79619361954826
2025-07-30,5,189.20179166188123,188.4241051701281,161.66506836933974,198.21035172572056,211.107902057761
2025-07-30,6,188.46440075530376,195.27153015538585,169.93715950909493,205.60178345918226,212.70873712923444
2025-07-30,7,180.4977926625057,192.14955862642697,155.70254660046103,194.52037265924085,200.71027977830607
2025-07-30,8,146.83406593406593,156.99528219465316,127.81096867990497,160.4951535595749,155.6862370876335
2025-07-30,9,147.06649807460198,150.16103289061164,133.18027332471675,157.1972748604389,151.0856923793388
2025-07-30,10,148.88456240728968,161.66370803529472,136.06558315415177,162.07662625118965,158.28070141585764
2025-07-30,11,151.12852664576803,163.78804263865285,141.721951592724,165.58863306524995,158.05011708792696
2025-07-30,12,150.0661148553417,160.17508610792194,145.23116738363254,165.91602050864512,159.60107610072467
2025-07-30,13,143.6989247311828,153.84052204360975,141.53132478218276,161.43700239676272,150.1831214444369
2025-07-30,14,127.84285402812604,146.46632796454438,130.37861671150355,152.75277223777024,139.56276802729417
2025-07-30,15,123.07233470553642,136.1470247677144,116.20953327716789,141.75962381327972,135.82433548341783
2025-07-30,16,117.1544669403936,130.83293855371326,104.00394567433746,134.89757477499103,129.9490604535091
2025-07-30,17,118.42355638343602,126.561129124547,98.61833759084496,133.3552923106094,127.8955178322205
2025-07-30,18,128.4452477868549,135.005589333915,105.15145318635518,142.21865774724716,138.06082935185327
2025-07-30,19,165.90011849368514,173.16453626229867,136.34903944445878,175.66198822166535,182.18338544849854
2025-07-30,20,218.568281938326,229.08397166388292,199.0977168842773,231.43975707957583,230.9642376900016
2025-07-30,21,232.3274217259392,239.0752082312592,212.99222813893363,242.42877279694386,237.9697077307344
2025-07-30,22,229.41760181146148,236.60725672745824,208.97866259280252,239.06613819994155,233.38839625176968
2025-07-30,23,215.78152753108347,226.11585980366544,194.38537940336377,227.49933172303514,225.8742729177664
2025-07-31,0,209.26247086247085,207.7185046090816,182.81526649862033,205.8101398057712,205.29024542056334
2025-07-31,1,197.43416064297628,195.3139399581103,170.62906581731113,195.35976016631753,201.61526070634721
2025-07-31,2,183.7362027844029,184.8638310893513,160.515250686496,186.46744714435627,197.09610669639738
2025-07-31,3,186.2689855072464,190.8761108207005,161.97468930377815,189.08583051123608,197.89335639134652
2025-07-31,4,190.9906108866176,193.7397563676633,164.54929349558054,191.00953759869668,198.70707019717207
2025-07-31,5,189.6465848745651,189.20179166188123,163.89222903962815,189.68023691685758,198.46246921809058
2025-07-31,6,198.1716351567593,188.46440075530376,171.66025206310695,194.18707680444948,199.6917360208343
2025-07-31,7,198.0074740034662,180.4977926625057,158.64286820636212,181.91656607129264,188.43560133507316
2025-07-31,8,160.1407313415619,146.83406593406593,130.11464035981646,148.0545980242132,146.26594993587045
2025-07-31,9,157.79956099467782,147.06649807460198,134.2551837504888,146.82326522292578,146.49960542640477
2025-07-31,10,160.74676050044684,148.88456240728968,138.02061894099387,148.68326593210796,146.25431889629306
2025-07-31,11,163.1964231164431,151.12852664576803,144.58922175266795,152.86218388007478,150.72034493367977
2025-07-31,12,160.06705007714967,150.0661148553417,146.37518360597306,153.29188799825968,150.4241924747743
2025-07-31,13,156.06668566543175,143.6989247311828,141.79740979960096,148.44927531213574,144.23503147475486
2025-07-31,14,143.18498157787005,127.84285402812604,128.97376023855014,136.02745347103328,127.55815798214925
2025-07-31,15,134.8054838422505,123.07233470553642,116.44408486415729,127.83220533731509,124.98129911558276
2025-07-31,16,129.5665086698266,117.1544669403936,105.47966208140949,120.89104857112157,122.70902460277867
2025-07-31,17,125.691346211351,118.42355638343602,101.30579580752178,121.4438613068811,123.70990338208782
2025-07-31,18,123.031903718599,128.4452477868549,108.58842792656264,131.17032870734258,131.04172924459206
2025-07-31,19,164.2370663420572,165.90011849368514,140.87137961422113,165.06401437660858,174.18299103523114
2025-07-31,20,225.88185968508336,218.568281938326,200.96439750601738,218.93609387035065,220.81889435183092
2025-07-31,21,233.6934468473758,232.3274217259392,214.08045442220782,230.97500017208802,231.27806973103645
2025-07-31,22,229.00769977802443,229.41760181146148,210.57283757834736,227.62031162926752,226.85582939076463
2025-07-31,23,210.24206805852376,215.78152753108347,195.96213976520582,215.02710601821315,215.97712465213084
2025-08-01,0,194.88787336285688,209.26247086247085,185.2413800134029,203.04084446268132,200.87781849660007
2025-08-01,1,178.4112197898877,197.43416064297628,171.92720205061383,192.4062892339661,193.62939880740322
2025-08-01,2,177.4417069951606,183.7362027844029,160.96633090677784,181.9358877321645,190.26138313542356
2025-08-01,3,183.4769352379877,186.2689855072464,163.45370580754485,183.80116412141726,191.16864063609515
2025-08-01,4,190.09158986175115,190.9906108866176,165.88246421629964,186.37478028569544,189.13029417602613
2025-08-01,5,188.3145266658748,189.6465848745651,165.42811621328482,186.04056990147194,190.71217736175316
2025-08-01,6,190.50773136395108,198.1716351567593,172.72760999212406,193.51767301210364,192.2393390596746
2025-08-01,7,189.4507934788496,198.0074740034662,162.41609549722415,185.16602998749102,189.083137125029
2025-08-01,8,143.36399632044154,160.1407313415619,134.13398351247747,149.91982678926482,154.87373560345839
2025-08-01,9,147.88007736943908,157.79956099467782,137.7315871960834,147.48306135869515,148.24791822935902
2025-08-01,10,160.04130410838198,160.74676050044684,140.68510622428587,149.369771684655,154.28000571578357
2025-08-01,11,152.18064950739608,163.1964231164431,147.1593494864649,153.20569107906877,156.07143121334673
2025-08-01,12,153.38867295946696,160.06705007714967,148.17462723937317,152.59780317687154,155.90395123345337
2025-08-01,13,148.55108759884064,156.06668566543175,143.67439287367839,148.6546482558776,146.2144768817347
2025-08-01,14,143.673383119628,143.18498157787005,131.41880071997053,137.46826911391452,136.53950828808198
2025-08-01,15,130.92265387315703,134.8054838422505,119.11928991125818,128.0479826765381,131.49004891392497
2025-08-01,16,123.95556846232031,129.5665086698266,109.51902652253969,122.03316376399741,127.91671486032851
2025-08-01,17,122.4605990113405,125.691346211351,105.54901855884482,121.09195955991657,126.51614947103262
2025-08-01,18,119.98119290703924,123.031903718599,110.47493924542518,125.31411000684369,125.66519483148747
2025-08-01,19,157.42184365645156,164.2370663420572,143.8295374381706,161.4370652575889,160.51101966793888
2025-08-01,20,220.4693016716138,225.88185968508336,203.64354063126402,218.65081512176073,219.64237103855172
2025-08-01,21,228.0944050173296,233.6934468473758,215.77988263435572,228.25735942059234,224.66490057209063
2025-08-01,22,221.10744680851064,229.00769977802443,211.74418812623358,224.1260856948884,220.86733225355763
2025-08-01,23,203.4197190062214,210.24206805852376,196.43071395615775,209.25001893483702,205.37313012317946
2025-08-02,0,189.67081850533808,194.88787336285688,185.45756052502853,185.98326963694046,187.0754158529385
2025-08-02,1,184.3847461015594,178.4112197898877,172.371938971425,173.88499560596466,178.8090792187477
2025-08-02,2,174.62622351296116,177.4417069951606,162.82079323033864,168.54564972875983,172.20391735348556
2025-08-02,3,177.91736881864142,183.4769352379877,166.49406895064521,172.20677908034867,172.5119411639415
2025-08-02,4,181.5974517699381,190.09158986175115,169.43107771986587,175.73324246566682,170.10708873575737
2025-08-02,5,180.3038438071995,188.3145266658748,168.6527280585267,175.15525912082222,171.7219924835024
2025-08-02,6,182.0826828202086,190.50773136395108,175.40612729608557,180.25652821871057,173.96033855075703
2025-08-02,7,169.71683086543567,189.4507934788496,167.52448658226604,172.98086241653456,167.06846426529873
2025-08-02,8,136.2172620259867,143.36399632044154,136.61644320703172,132.91092510031805,128.7963698825634
2025-08-02,9,130.22386403272347,147.88007736943908,140.23617658019293,133.19691502451468,131.99958842458017
2025-08-02,10,131.6275655518689,160.04130410838198,144.3481791529239,139.01036913719204,141.76624157030864
2025-08-02,11,133.59917739527285,152.18064950739608,148.22491738136804,137.65462863905077,138.6291808707763
2025-08-02,12,128.85630909958192,153.38867295946696,149.01493508153274,138.60528171946072,142.5133677057811
2025-08-02,13,119.78950971164542,148.55108759884064,144.73786907578838,134.4317675916637,135.20776444531202
2025-08-02,14,108.64887063655031,143.673383119628,133.4033199691082,126.71899220855764,128.3625298066627
2025-08-02,15,93.40351508607762,130.92265387315703,121.04739020371608,115.64305559795761,117.7274682213086
2025-08-02,16,86.09271321604675,123.95556846232031,113.11392363416049,109.85669290288749,110.05988370154904
2025-08-02,17,94.5665142476456,122.4605990113405,110.3171323494536,110.23877705708523,109.8853930198968
2025-08-02,18,101.37493373249758,119.98119290703924,114.24473998080748,113.91316608275446,109.57252847210647
2025-08-02,19,140.57239928814107,157.42184365645156,149.9595677868402,149.96931935067676,146.02577130168157
2025-08-02,20,201.9121200776012,220.4693016716138,209.63601219118567,207.73549564256783,201.99026860451497
2025-08-02,21,206.971382021676,228.0944050173296,221.04020032764723,216.87251154204736,210.8304642803757
2025-08-02,22,205.38746755654432,221.10744680851064,216.55405149223347,211.67150455967834,206.73154414179243
2025-08-02,23,191.7838979398328,203.4197190062214,199.29817054714576,196.1294531451983,188.60946780928427
2025-08-03,0,176.44663268840617,189.67081850533808,187.48218151848693,183.36604138874927,181.28795198034805
2025-08-03,1,168.63776268308214,184.3847461015594,176.6178925133695,176.15555377150972,172.7019540293322
2025-08-03,2,163.0519327928563,174.62622351296116,168.59133962449104,168.6830499948613,165.83608975997123
2025-08-03,3,153.76287380568309,177.91736881864142,173.61577742922995,172.166559369377,165.05323343792588
2025-08-03,4,153.9454961250159,181.5974517699381,177.32920090364902,175.14615316117144,169.60352870504542
2025-08-03,5,153.99922244540917,180.3038438071995,176.68645068016346,174.78512060758783,167.90732003202487
2025-08-03,6,149.7560975609756,182.0826828202086,182.64569747111963,179.24854951813444,172.0215866112712
2025-08-03,7,150.245356854463,169.71683086543567,176.18981220224993,168.91841319309614,161.7838687779798
2025-08-03,8,129.26839242628716,136.2172620259867,142.26717462507526,132.13787946292268,138.07547407683396
2025-08-03,9,136.74898219963745,130.22386403272347,143.30683952297593,126.64298213695807,137.37260412819404
2025-08-03,10,135.96273642077966,131.6275655518689,146.76432414602294,128.2755976152224,139.24357341157852
2025-08-03,11,131.6643865601401,133.59917739527285,149.71533396010858,130.10630850109732,142.06500202986973
2025-08-03,12,127.98834930313588,128.85630909958192,149.0380148408092,128.02510492237036,139.5704345572721
2025-08-03,13,114.9380510901307,119.78950971164542,143.5201426197776,121.55443316795527,131.73619019668396
2025-08-03,14,93.48290272397278,108.64887063655031,131.71130099097283,111.1854819102924,116.89118993625084
2025-08-03,15,76.8239023617055,93.40351508607762,119.68002070926447,99.53188380614326,101.95724788361439
2025-08-03,16,76.98834657352168,86.09271321604675,112.63905574506975,93.96894804404188,96.83242699395656
2025-08-03,17,76.43644586827476,94.5665142476456,111.79191096591032,98.82247442310619,101.25636115234356
2025-08-03,18,96.3215873015873,101.37493373249758,116.93140470234468,106.43187510742413,103.9044813107241
2025-08-03,19,147.44032044448753,140.57239928814107,154.47464865345188,144.36759240555492,142.1864307947971
2025-08-03,20,212.3399638336348,201.9121200776012,214.1843057622521,201.7790708158673,198.4346735260637
2025-08-03,21,215.8098288390674,206.971382021676,224.45963832210163,209.3922547515678,210.57672694901444
2025-08-03,22,207.79511257347767,205.38746755654432,220.1300857725268,206.14176015531214,207.9225509344014
2025-08-03,23,192.09174955089165,191.7838979398328,203.51648414437346,192.39030388486324,188.19782737857022
2025-08-04,0,182.5251665247659,176.44663268840617,191.0281664817603,194.380091301456,189.14571766088994
2025-08-04,1,165.9659917216691,168.63776268308214,181.03792781588183,186.81191067596274,181.19725443430224
2025-08-04,2,164.01173809378247,163.0519327928563,174.16073510512322,181.42871682218976,179.5532888435366
2025-08-04,3,171.76349838268226,153.76287380568309,177.9983042671018,179.68647423552187,179.63867762820323
2025-08-04,4,175.4768170426065,153.9454961250159,182.4605314137074,181.80359281354126,181.58575866806598
2025-08-04,5,168.22396757030657,153.99922244540917,181.33360604494283,181.71519077003603,184.60364979255962
2025-08-04,6,171.53736610736178,149.7560975609756,183.79552325509175,181.95281355491042,188.0966487083904
2025-08-04,7,167.0216687143974,150.245356854463,179.7406000513835,177.38126185786314,179.4724585261969
2025-08-04,8,148.91473176948506,129.26839242628716,145.4509299981653,144.64137869890743,147.43188556199044
2025-08-04,9,144.51859321049898,136.74898219963745,145.47195607530347,143.9996395519571,147.14384207879615
2025-08-04,10,141.76299174356484,135.96273642077966,149.0982978441327,144.67089130740163,148.48765249502873
2025-08-04,11,139.79408732480704,131.6643865601401,149.7170948786655,143.34036611864457,148.3239552830913
2025-08-04,12,134.662177328844,127.98834930313588,148.30679908833963,141.23011815584653,148.90558711486625
2025-08-04,13,129.31543850763907,114.9380510901307,141.3554629733863,132.37127106959596,139.43458602925654
2025-08-04,14,132.7384451723076,93.48290272397278,128.69192738892988,117.39902339571195,128.20342459603722
2025-08-04,15,122.50789562444425,76.8239023617055,116.91657958291485,105.33413573825152,114.19326517394315
2025-08-04,16,112.25946817082998,76.98834657352168,111.22246124156273,103.06771170108956,112.84179620749987
2025-08-04,17,115.33722166725744,76.43644586827476,110.57411890057803,104.77418147981754,113.34496923216355
2025-08-04,18,128.99060886871075,96.3215873015873,118.08721209066202,119.02877978675753,125.43642879280583
2025-08-04,19,172.34537060460408,147.44032044448753,158.29326013078978,162.84434463353386,162.29338948129853
2025-08-04,20,217.97163120567376,212.3399638336348,217.64336982444914,220.82037585725394,223.92222530434333
2025-08-04,21,228.48143371122123,215.8098288390674,226.14987395780102,226.69378202803279,226.73066695802294
2025-08-04,22,219.75761798247223,207.79511257347767,221.60397919567805,221.13760595881607,224.74112586406375
2025-08-04,23,202.72769713946184,192.09174955089165,206.27132036537918,207.39458739149381,210.38517008589153
2025-08-05,0,182.5614001160317,182.5251665247659,193.20238475444458,195.86631444971226,194.53498632498903
2025-08-05,1,176.42628289300907,165.9659917216691,180.81798872095564,184.03898876904577,187.03970896701412
2025-08-05,2,167.2066172669309,164.01173809378247,173.96477172828432,180.00199872609105,182.64901902860512
2025-08-05,3,174.63057098947866,171.76349838268226,176.98460760748497,183.77620715705007,184.3602729923202
2025-08-05,4,185.8360536815379,175.4768170426065,180.93567659239488,186.8655070181938,185.83234432561966
2025-08-05,5,190.35996115090447,168.22396757030657,179.73057745648063,183.98513512167483,186.9119179316009
2025-08-05,6,203.6286995515695,171.53736610736178,182.2559205599923,186.79619051658435,187.12206128531315
2025-08-05,7,202.89076609379552,167.0216687143974,178.15563931507782,180.73197437905034,183.98734843645573
2025-08-05,8,164.77444232523428,148.91473176948506,145.96206600178306,150.922622592237,153.24145816475271
2025-08-05,9,163.91888987811993,144.51859321049898,144.91408696745575,145.02646369306188,151.801002283499
2025-08-05,10,168.07661634078596,141.76299174356484,148.6699469668038,144.78321194723068,149.49589576713518
2025-08-05,11,161.85338023098015,139.79408732480704,147.90732759835427,143.36314987102776,147.04902281696917
2025-08-05,12,160.14873164954415,134.662177328844,145.02910853306315,139.91503318084804,145.24144692651123
2025-08-05,13,149.0837950534072,129.31543850763907,138.02860276406858,134.19466565651507,137.72918978898193
2025-08-05,14,126.60966497585277,132.7384451723076,128.00539503185703,129.97553368467794,132.00701438289178
2025-08-05,15,116.81879982695754,122.50789562444425,116.81183003726939,120.23750800340619,124.27716065841093
2025-08-05,16,115.4829232464194,112.25946817082998,110.97857294095031,114.2320233780899,118.31023752941007
2025-08-05,17,124.4358601016254,115.33722166725744,111.35383035912176,118.38082382444065,118.38815320203233
2025-08-05,18,146.3583316565581,128.99060886871075,119.02158052131483,130.6413449364882,129.80527246410804
2025-08-05,19,194.2266750156544,172.34537060460408,160.15452215596073,171.79035836043832,169.92069704805328
2025-08-05,20,246.26431536491305,217.97163120567376,218.03244715368797,221.47370781136604,222.49919569734539
2025-08-05,21,252.88812009637363,228.48143371122123,226.35044662769548,229.59005124369804,230.61494828959547
2025-08-05,22,246.0473819627761,219.75761798247223,221.29717189113555,223.46094835119106,223.68691137510814
2025-08-05,23,239.5449655337292,202.72769713946184,206.02321700424002,209.18747637008704,206.83136282179834
2025-08-06,0,244.4029211558401,182.5614001160317,191.86755238127876,211.39560124767792,222.43917513174628
2025-08-06,1,228.1938192301856,176.42628289300907,180.9391576843277,203.82159603546594,217.34166061673434
2025-08-06,2,220.7209264394063,167.2066172669309,173.56260750506365,197.07846872083977,212.63081903369292
2025-08-06,3,218.6586873454709,174.63057098947866,176.95662050891715,201.05333577294678,214.36675015062661
2025-08-06,4,224.42926616031912,185.8360536815379,181.66825367644722,207.15887035201686,215.2958072047667
2025-08-06,5,215.26147042564952,190.35996115090447,180.00712831087725,208.22062797006632,214.5137437286536
2025-08-06,6,224.8367766236731,203.6286995515695,183.44980190230422,214.99230884602304,216.93661380301427
2025-08-06,7,230.5190130926921,202.89076609379552,179.69009752470188,210.71487857192406,215.09559458195324
2025-08-06,8,184.97104541298384,164.77444232523428,147.07337459186607,173.86703741943433,171.96213200277123
2025-08-06,9,185.63232936809248,163.91888987811993,146.87949510852837,169.49876541034718,167.62997922814813
2025-08-06,10,187.68782284048484,168.07661634078596,149.58607672473113,171.40394247734875,168.7921717218882
2025-08-06,11,187.6727935591676,161.85338023098015,147.63094725440104,167.6611685377475,166.4154040950895
2025-08-06,12,176.73034991174333,160.14873164954415,145.02534361043774,165.61824160058757,161.13439988136102
2025-08-06,13,171.2048969072165,149.0837950534072,137.3490703368968,157.06235326396177,151.29360688142717
2025-08-06,14,158.83651203464646,126.60966497585277,125.16872889061537,142.18508905408123,138.33619100370728
2025-08-06,15,148.2705311217708,116.81879982695754,114.0506550457327,132.7110549950727,129.3932623917252
2025-08-06,16,151.52268454869392,115.4829232464194,108.7857136113369,130.37063794063613,126.27884602415443
2025-08-06,17,163.79005495526587,124.4358601016254,111.05022049870438,137.3294597714673,136.2900389464
2025-08-06,18,189.6967813770424,146.3583316565581,120.64340085312098,153.41819279572456,150.32034148142722
2025-08-06,19,225.19855959305983,194.2266750156544,163.16339912072584,196.6517667828146,195.7780788053552
2025-08-06,20,264.61385820015016,246.26431536491305,220.48678196812085,248.7117475910698,243.68136586612766
2025-08-06,21,270.76647343806883,252.88812009637363,228.32371975128325,255.28777048277075,247.203700848814
2025-08-06,22,269.2572197748409,246.0473819627761,222.64576121046667,249.57754286772962,243.24428674720565
2025-08-06,23,265.5785062671512,239.5449655337292,207.94166067996343,239.1335051448621,236.70003345539428
2025-08-07,0,259.3599692989937,244.4029211558401,197.10818331652993,240.8792203763125,255.97630578329023
2025-08-07,1,255.0782916534289,228.1938192301856,185.6362832946242,229.72562004169683,247.17271183964365
2025-08-07,2,245.04556545988743,220.7209264394063,178.68504969792866,223.6567495295248,244.25015084161353
2025-08-07,3,241.9703896103896,218.6586873454709,180.9255600124558,224.0811863081865,242.95054993927278
2025-08-07,4,242.77490131747572,224.42926616031912,186.05246936111232,228.54674966991206,244.35323194287207
2025-08-07,5,240.4435960856006,215.26147042564952,183.72993956284418,224.74968218994644,243.78027180968635
2025-08-07,6,236.20884187686465,224.8367766236731,188.64585559778558,230.87288627719485,244.30871274670423
2025-08-07,7,228.7673216132368,230.5190130926921,186.83598615758567,229.6162181052813,244.94384503104894
2025-08-07,8,183.57487013475875,184.97104541298384,152.5215145174258,189.38095117659756,190.86298078736803
2025-08-07,9,185.8777877624377,185.63232936809248,152.38889957902705,186.3558150722243,189.0339671445667
2025-08-07,10,186.81636550978865,187.68782284048484,155.129399643759,187.73122832192615,187.68783136491527
2025-08-07,11,185.03139776337844,187.6727935591676,152.85155681345813,186.30900481661462,185.8368799854721
2025-08-07,12,182.72791519434628,176.73034991174333,148.83452004706655,180.00376017661725,173.68213621564936
2025-08-07,13,167.67161857771103,171.2048969072165,141.27849493347304,173.69222007762266,169.52644129211853
2025-08-07,14,155.51801482070357,158.83651203464646,129.59639432011826,162.6625405956583,156.66910071267412
2025-08-07,15,155.05067043048695,148.2705311217708,117.65039739090903,152.48987598120468,146.85295872388897
2025-08-07,16,161.72452285659833,151.52268454869392,113.69545898395123,152.52311891811826,150.81919714039395
2025-08-07,17,164.6646524035059,163.79005495526587,117.53114886610865,161.7446245796769,160.09098406512683
2025-08-07,18,186.4909887457698,189.6967813770424,129.39361993743347,180.0636210938418,187.87264418285469
2025-08-07,19,228.1464210177612,225.19855959305983,171.63460499206508,218.415500964356,222.17830116292828
2025-08-07,20,266.63486649256515,264.61385820015016,227.0647214340957,264.3694834727562,260.6429484388546
2025-08-07,21,270.42204636956825,270.76647343806883,233.81501285301607,270.10798842021035,263.91765415269646
2025-08-07,22,263.77970160250504,269.2572197748409,228.33713520523517,266.2717531857581,260.0071730733263
2025-08-07,23,252.63574280703065,265.5785062671512,215.05551478511597,257.46569295335536,255.74313648571686
2025-08-08,0,246.15813676232648,259.3599692989937,204.2649688074618,239.6057592964804,238.47995083991748
2025-08-08,1,242.67884750527057,255.0782916534289,193.87115915326027,232.88954467974867,232.24143508581335
2025-08-08,2,244.05297810442505,245.04556545988743,187.44353008014076,226.07313780484083,229.59663921200618
2025-08-08,3,244.6051640667025,241.9703896103896,188.88290345576192,225.74962561681087,227.8878644368287
2025-08-08,4,249.5034586304896,242.77490131747572,193.4502251369492,228.2833685121479,227.8511699511232
2025-08-08,5,252.8777139029972,240.4435960856006,190.98665545013495,226.64384726922202,228.70290050409255
2025-08-08,6,248.94666443738504,236.20884187686465,194.07974227208635,227.41885347702356,227.68976486499827
2025-08-08,7,249.80406499817127,228.7673216132368,191.23025010183855,221.45794515361877,224.77851259423218
2025-08-08,8,205.445712989566,183.57487013475875,155.8692486307396,181.35593041654755,172.40656612601413
2025-08-08,9,189.8177721447684,185.8777877624377,156.40007483156413,178.37091028499515,171.16579262259555
2025-08-08,10,185.07518310515283,186.81636550978865,158.85362893080784,179.1759455335652,170.69335403425444
2025-08-08,11,186.7103948025987,185.03139776337844,155.97083890587746,176.84601210283552,169.60253627392365
2025-08-08,12,182.3477424092785,182.72791519434628,152.07178649238037,173.90126644866507,166.39586432980204
2025-08-08,13,173.15004511437823,167.67161857771103,142.93634249237007,163.24211868417513,156.31500824223468
2025-08-08,14,165.5480616181509,155.51801482070357,131.35825621195164,152.46273967817467,147.65992932361513
2025-08-08,15,156.372869973978,155.05067043048695,120.54256690351424,146.83434616295918,146.56219690595995
2025-08-08,16,157.70795684792728,161.72452285659833,118.2894610106329,148.88226138496105,149.8725619629824
2025-08-08,17,163.66893326524578,164.6646524035059,123.09876403641648,154.88467675812896,154.7743072819577
2025-08-08,18,180.8700313597256,186.4909887457698,138.4592035127436,173.68871286162062,170.9093888113612
2025-08-08,19,228.4195409940696,228.1464210177612,180.76451280287992,214.1325416802226,214.7952569892399
2025-08-08,20,272.4037466797148,266.63486649256515,232.8865795494503,257.8873758999435,249.72029019954346
2025-08-08,21,276.9912507630149,270.42204636956825,239.0619556419007,262.60404203513593,251.45111963771893
2025-08-08,22,270.8486585212243,263.77970160250504,233.30456403730386,256.9488946470031,244.8113282512794
2025-08-08,23,268.4775913916163,252.63574280703065,221.1117540349027,246.12749342193473,234.69894833051077
2025-08-09,0,263.58963057937336,246.15813676232648,211.58929215024315,235.5206101068032,250.15660777680927
2025-08-09,1,259.1086834005289,242.67884750527057,203.0522488268864,229.89674618665867,247.38854794980395
2025-08-09,2,248.20619167530737,244.05297810442505,196.9594259528928,227.11685523244822,243.38832507117178
2025-08-09,3,240.78406374501992,244.6051640667025,197.61550757414975,227.66294960344237,241.52070624473382
2025-08-09,4,236.6674204307762,249.5034586304896,201.9376349610547,231.47596341473331,244.63233672205916
2025-08-09,5,235.55770131086143,252.8777139029972,200.209967912581,232.0970379513784,245.70726834574367
2025-08-09,6,241.7541111981206,248.94666443738504,202.4281612825769,232.58840019179772,244.21379292073
2025-08-09,7,232.1703344813496,249.80406499817127,199.85214603317021,229.78558412720372,241.5137540380079
2025-08-09,8,191.7933812232696,205.445712989566,164.7380652977574,190.07489880669135,200.40118367761838
2025-08-09,9,171.38511222347813,189.8177721447684,162.39117408518263,179.5459088271695,171.03379297585477
2025-08-09,10,168.6042256846081,185.07518310515283,162.42989735891797,177.12958954011458,168.7941250130123
2025-08-09,11,167.6124900827383,186.7103948025987,160.90365966233497,176.7938045092025,168.70712222081676
2025-08-09,12,160.52779832697888,182.3477424092785,156.208796413782,172.92720776735334,164.48964579875536
2025-08-09,13,155.7326661901358,173.15004511437823,146.45047928030402,164.15900481147773,154.1609178349329
2025-08-09,14,139.93277109156938,165.5480616181509,134.4832102831692,155.0732571525272,149.44749436774794
2025-08-09,15,130.2881906825569,156.372869973978,124.17831206077437,146.42603891968355,141.47913108138252
2025-08-09,16,129.2236313021961,157.70795684792728,123.11123078000533,146.98012956049897,143.37035005558977
2025-08-09,17,141.83281904005378,163.66893326524578,128.98566892983152,154.18779042171593,150.20445136702426
2025-08-09,18,160.39025409811592,180.8700313597256,147.1576090059845,172.2057998830837,165.51113611606982
2025-08-09,19,215.28764266264992,228.4195409940696,190.90704099396822,215.8984656727862,218.19312515590363
2025-08-09,20,258.43282682103234,272.4037466797148,240.305785979179,260.43828998372453,256.1519336214952
2025-08-09,21,260.3088282504013,276.9912507630149,246.04721931985574,265.2836441899201,259.2608767208434
2025-08-09,22,254.0203587986293,270.8486585212243,240.41045142483435,259.7737073170486,255.7338145082852
2025-08-09,23,246.70613398518063,268.4775913916163,230.4057358042448,252.89575225149744,251.21157629089032
2025-08-10,0,237.877947295423,263.58963057937336,222.1491224465339,233.57275140097,238.58267113663229
2025-08-10,1,239.229118144038,259.1086834005289,213.72709701245347,227.6202882490124,233.53541071371205
2025-08-10,2,242.2447265721484,248.20619167530737,207.47084997608508,220.6405557786664,226.89072075420148
2025-08-10,3,244.24028456147803,240.78406374501992,206.5964639922038,217.9267898611072,223.7536392969766
2025-08-10,4,247.08822227141908,236.6674204307762,209.80477334117444,218.23992677194724,224.05723429317896
2025-08-10,5,245.3725084726291,235.55770131086143,208.10337612738985,217.33967111415575,224.58223293155262
2025-08-10,6,242.6324209029506,241.7541111981206,210.95265105085005,221.68464220041932,224.91754614784077
2025-08-10,7,238.83909318724864,232.1703344813496,208.77407512115795,215.60091477912172,217.97908990363663
2025-08-10,8,188.4865635530977,191.7933812232696,172.67751089736925,176.10233882481234,178.32117747285218
2025-08-10,9,171.3670595939751,171.38511222347813,168.2713523981476,162.31525680062376,155.5920365824735
2025-08-10,10,167.57287556680996,168.6042256846081,167.71227737788072,160.0941965963288,151.945301382788
2025-08-10,11,160.01389532190828,167.6124900827383,165.76270433197288,158.6517497566563,150.96753154893895
2025-08-10,12,153.26308732657105,160.52779832697888,160.73329487483872,153.6653092533121,142.24288780587096
2025-08-10,13,153.0583357163283,155.7326661901358,151.58521592008836,147.14043355775064,138.22319123528266
2025-08-10,14,142.3516042386139,139.93277109156938,138.9523389196005,134.7366223874553,128.69566625325632
2025-08-10,15,141.0580295305178,130.2881906825569,129.4475514317,126.24473853845349,121.11570357951177
2025-08-10,16,146.4948720903434,129.2236313021961,129.2727905065981,126.33821174131384,120.99525211740738
2025-08-10,17,154.50392247346562,141.83281904005378,135.73799818588984,136.29865161357753,129.19868126945187
2025-08-10,18,181.4468275495652,160.39025409811592,155.5883690582157,156.04922190580848,142.70167037015594
2025-08-10,19,220.5642797898811,215.28764266264992,201.58064719032663,203.98493354020013,206.57811101229305
2025-08-10,20,264.2591691241733,258.43282682103234,248.380172656812,246.9632851587379,240.85362473474427
2025-08-10,21,262.65066666666667,260.3088282504013,253.66685449538792,250.6111961522933,243.40826141199756
2025-08-10,22,258.58813936714023,254.0203587986293,247.35800731656082,244.71519280663554,237.38725669710414
2025-08-10,23,245.32981627683907,246.70613398518063,238.25176952500877,236.65590881772533,233.2890977703974
2025-08-11,0,242.95005999420744,237.877947295423,230.9250245332506,239.61200628097117,233.02824597566075
2025-08-11,1,228.07595051025007,239.229118144038,223.81157636401858,236.34052486132583,228.26655909303736
2025-08-11,2,221.17752656348551,242.2447265721484,218.7841062302697,234.57499411720198,228.63085451770056
2025-08-11,3,227.73289534465945,244.24028456147803,219.52180838588882,235.80621037714306,229.17574457622075
2025-08-11,4,229.8327607113985,247.08822227141908,223.11087707637486,238.7039538882591,232.68949315009868
2025-08-11,5,222.7542105263158,245.3725084726291,221.15670270270698,237.47248571118539,231.21832537615714
2025-08-11,6,236.4635338926348,242.6324209029506,224.22069724256076,239.06938257632754,235.5773070868456
2025-08-11,7,229.866559027448,238.83909318724864,221.43032316869878,234.70699924046176,231.76363557167574
2025-08-11,8,189.2444918527237,188.4865635530977,181.13724962977076,189.79109577480892,185.56343130748232
2025-08-11,9,181.5898516612841,171.3670595939751,173.21679202591008,175.52523055339682,167.77620698524717
2025-08-11,10,181.78568706653456,167.57287556680996,172.2280115415993,172.61598990632592,165.14020328628757
2025-08-11,11,175.9323190456935,160.01389532190828,169.81263415508263,168.23553243434532,159.8361903576912
2025-08-11,12,176.4321506301564,153.26308732657105,164.34397173532943,163.04029713318366,155.88475597485512
2025-08-11,13,167.43996861103844,153.0583357163283,157.030970866688,159.42383472800265,155.7773052429132
2025-08-11,14,160.60272813788728,142.3516042386139,145.93358199312067,149.5113494610967,148.28514813600754
2025-08-11,15,156.475597859045,141.0580295305178,138.6238553129589,145.42507725634684,146.83802685911223
2025-08-11,16,157.07386363636363,146.4948720903434,139.20229415185835,148.43186717945684,146.4746788071772
2025-08-11,17,159.583489306481,154.50392247346562,146.89049484377423,158.03198595280938,155.60194860605793
2025-08-11,18,171.90969998522095,181.4468275495652,167.7491176650697,181.37993558688947,177.0429731242683
2025-08-11,19,220.5282208440916,220.5642797898811,212.02692709681145,221.80579006604816,214.90801836471584
2025-08-11,20,257.4475864184905,264.2591691241733,255.7972019840318,263.201268975913,258.19044981886594
2025-08-11,21,257.8774233558929,262.65066666666667,260.35840275647354,265.13572171890166,258.57200177472527
2025-08-11,22,254.1800945168821,258.58813936714023,254.6141540013697,260.2944817492488,254.96507983953194
2025-08-11,23,245.6017301613708,245.32981627683907,245.85720762871554,250.3920057723053,242.6407648205063
2025-08-12,0,235.64923541627337,242.95005999420744,239.55715217174225,240.06064593568314,236.53931493852062
2025-08-12,1,238.1905229560521,228.07595051025007,232.68442761953017,231.38814293667986,229.45977885088396
2025-08-12,2,229.41357337017067,221.17752656348551,226.9506474402273,225.95460680553492,226.7482238129639
2025-08-12,3,237.8161713890809,227.73289534465945,227.51743652331416,228.67703979915075,226.73408396981435
2025-08-12,4,244.2369904797116,229.8327607113985,230.87601188620232,231.2258527840283,228.43502515643314
2025-08-12,5,244.2876247790992,222.7542105263158,228.9467374107083,228.1257013280425,227.42031926184544
2025-08-12,6,249.07532901198192,236.4635338926348,233.49586406902833,236.12140053570118,231.19489760168008
2025-08-12,7,244.3277121471729,229.866559027448,230.4081646419917,230.92593646755736,228.81933513966274
2025-08-12,8,204.16637067557008,189.2444918527237,186.89864392737627,188.08163944122688,188.63395731710608
2025-08-12,9,188.91864864864863,181.5898516612841,178.512686090308,177.32602040019165,178.52216600334893
2025-08-12,10,189.68712687930991,181.78568706653456,177.94553944488072,176.23424740755974,177.8146409810155
2025-08-12,11,185.4300375831165,175.9323190456935,174.97523868663785,172.01385939799925,169.37354472389012
2025-08-12,12,182.23083632134896,176.4321506301564,170.3111107783741,169.84101649206522,167.138650661471
2025-08-12,13,169.74729061579183,167.43996861103844,162.4773323100308,162.5141558323935,159.15957831003436
2025-08-12,14,160.47909541068967,160.60272813788728,149.91419384534632,153.37807080291174,150.38056609452468
2025-08-12,15,149.0177858245913,156.475597859045,143.47638420361616,148.73855753874992,147.7432064529741
2025-08-12,16,145.34479561289638,157.07386363636363,145.6043506469346,150.91937096808135,149.7258655985955
2025-08-12,17,150.42939677573983,159.583489306481,153.21139022080618,158.05550051583896,152.5883552838557
2025-08-12,18,169.19750549902105,171.90969998522095,173.8804163959997,175.55462819381955,164.70965845643843
2025-08-12,19,218.40781587149365,220.5282208440916,218.91019141673823,219.95646640346632,214.14231435774622
2025-08-12,20,251.9517182769427,257.4475864184905,261.4366241572913,258.03631487066787,253.32735856724184
2025-08-12,21,250.65894320429496,257.8774233558929,264.5578298485695,259.91393466868385,253.65221517201695
2025-08-12,22,243.91934448283243,254.1800945168821,259.53165064914253,255.6069223243275,248.10318536913812
2025-08-12,23,239.25128017556693,245.6017301613708,251.9820694889883,247.87966014390227,241.17202833957361
2025-08-13,0,235.987862990266,235.64923541627337,247.14112864320535,233.5430604642603,221.46429938653347
2025-08-13,1,217.56438256438256,238.1905229560521,241.50789048567916,231.43992758818987,219.51927209547245
2025-08-13,2,211.6007709795394,229.41357337017067,235.8373554549758,225.387731609259,217.9788163753227
2025-08-13,3,215.59767206477733,237.8161713890809,236.54395086611447,228.86077802558356,217.81034793890794
2025-08-13,4,213.56284658040664,244.2369904797116,239.21900285736996,232.41711871728427,220.82477130265045
2025-08-13,5,210.13050314465409,244.2876247790992,236.65068935759328,231.27448326645245,221.2134902393061
2025-08-13,6,218.38540848903543,249.07532901198192,239.9882397062301,235.66219414926795,222.2365362473194
2025-08-13,7,212.83526952802217,244.3277121471729,236.32772836390274,230.72708263533747,222.35963669815098
2025-08-13,8,178.68600123721845,204.16637067557008,192.52606226313853,188.10293101370453,193.02560276558415
2025-08-13,9,159.57691093314963,188.91864864864863,182.0840802003835,173.4565198700434,169.44138494724203
2025-08-13,10,161.33904489925433,189.68712687930991,181.0327552360984,172.53407727915476,169.22309092310505
2025-08-13,11,159.38932471927396,185.4300375831165,178.34333259408592,169.1818519831785,165.4196632251902
2025-08-13,12,155.615440452118,182.23083632134896,173.46569716006047,165.64306475262163,160.69009695579265
2025-08-13,13,143.84189893131412,169.74729061579183,165.4292602475143,157.04728326183042,150.75735032556514
2025-08-13,14,119.58727283021004,160.47909541068967,154.75268390746587,148.02361533404388,143.83687198119588
2025-08-13,15,113.171142400929,149.0177858245913,148.07623934613525,140.45884273937037,136.96560284205896
2025-08-13,16,116.4569020264419,145.34479561289638,149.87033241357412,140.52794959954264,137.78728947309446
2025-08-13,17,126.18143639510797,150.42939677573983,156.92475260282254,148.48124331302776,143.01186263425097
2025-08-13,18,145.32304110424346,169.19750549902105,177.14315551635158,168.1078447070953,154.67502723589303
2025-08-13,19,189.1242580245872,218.40781587149365,222.36464011042958,213.03945446795595,207.4658857984594
2025-08-13,20,227.5652121829236,251.9517182769427,262.2491102875813,248.32540860492455,238.16214277844742
2025-08-13,21,231.76834855138856,250.65894320429496,264.239376006844,248.95908493782355,235.7847063929325
2025-08-13,22,228.95551452073192,243.91934448283243,259.2276452948649,243.54767339249935,233.16814459793497
2025-08-13,23,215.53953969897267,239.25128017556693,251.94011443782225,237.34791576806316,228.00355524102469
2025-08-14,0,200.74291081492083,235.987862990266,245.9389774766948,221.14692719764557,202.8068304477896
2025-08-14,1,197.8508260447036,217.56438256438256,239.9893995334216,211.5121742181059,194.19408856501744
2025-08-14,2,197.24558952868747,211.6007709795394,234.53447610356625,206.5745377711054,191.2374309916035
2025-08-14,3,188.74340314426976,215.59767206477733,236.1066629688725,209.06436313808777,191.78772489594192
2025-08-14,4,192.5451355481352,213.56284658040664,237.66665720309675,209.08284957653015,191.54331310232723
2025-08-14,5,193.773671525307,210.13050314465409,235.91769403173677,207.2332240993436,193.24506528063355
2025-08-14,6,201.10255415812512,218.38540848903543,239.06661568699613,212.79031226831603,197.09844178480503
2025-08-14,7,205.93965517241372,212.83526952802217,233.80147928323564,206.77920578217416,197.02505256629354
2025-08-14,8,160.2235108875149,178.68600123721845,191.62819880945776,166.94961504594647,170.00529722339553
2025-08-14,9,151.50222694156858,159.57691093314963,178.36187756682025,148.8937888515867,155.96569561394264
2025-08-14,10,160.21173769091104,161.33904489925433,177.2686441016369,148.2388556935128,154.35233235734688
2025-08-14,11,159.80020838760095,159.38932471927396,174.30283704552966,145.74699336990247,154.20706609522193
2025-08-14,12,155.22094027156425,155.615440452118,170.44928152297118,142.30194210167642,149.23373721757918
2025-08-14,13,142.55687597023714,143.84189893131412,161.5202605366711,133.34289375161669,141.38443113919422
2025-08-14,14,123.44602643371717,119.58727283021004,149.14564973540354,117.63005441820115,122.54239263823023
2025-08-14,15,118.2601776568965,113.171142400929,143.06204095744357,112.08238348031783,120.04409195066648
2025-08-14,16,114.1612698045565,116.4569020264419,144.8609349103953,114.55901839345881,119.9050692160108
2025-08-14,17,117.61654629021668,126.18143639510797,151.5520928085143,123.86326624117152,124.20623759411193
2025-08-14,18,130.06933788007956,145.32304110424346,170.80404976309458,143.33215539888045,145.19361518150907
2025-08-14,19,178.60920132053184,189.1242580245872,217.21116845779062,187.14483023202507,181.37171604972252
2025-08-14,20,228.1992300896125,227.5652121829236,256.95644657083466,224.924705326163,221.8676487169892
2025-08-14,21,232.1797410015904,231.76834855138856,258.66821530874677,227.56153408276248,222.92542856996175
2025-08-14,22,225.1933875074112,228.95551452073192,253.4702588299922,223.5624343871592,219.71950472673265
2025-08-14,23,211.6672953602414,215.53953969897267,244.79169064236814,213.73500437964503,209.8527335960458
2025-08-15,0,201.01429382809545,200.74291081492083,237.56511197897007,209.71737816621632,200.0770551196357
2025-08-15,1,190.9903579854344,197.8508260447036,231.8140473036037,205.55264890029662,194.37375094853746
2025-08-15,2,194.182995951417,197.24558952868747,227.70590811339483,203.03526990983303,191.03095411181357
2025-08-15,3,206.5569428679531,188.74340314426976,228.50280775942684,200.39665169830005,189.96489018097688
2025-08-15,4,213.35976650696625,192.5451355481352,230.49097637890526,202.63193671488906,190.06897255653072
2025-08-15,5,213.56158833063208,193.773671525307,229.25056195169483,202.6618299964905,193.18582392310188
2025-08-15,6,232.27974876930912,201.10255415812512,234.0514317271762,208.67197051161065,197.41331506711347
2025-08-15,7,228.3682725257005,205.93965517241372,230.5403840774038,207.19467320392584,198.9574442563795
2025-08-15,8,173.03701269358749,160.2235108875149,188.29229034556576,162.49541837291622,159.71298654405558
2025-08-15,9,158.75819052419354,151.50222694156858,173.45108316383897,147.761756780982,151.96937966931387
2025-08-15,10,166.94951543835924,160.21173769091104,173.46798298465438,150.68675085356813,154.32901270812732
2025-08-15,11,168.07291239017982,159.80020838760095,170.6983814204186,148.93182219168918,154.85156393610615
2025-08-15,12,165.068002280316,155.22094027156425,166.51971367685942,145.10147209942772,150.79978427064862
2025-08-15,13,156.76193901831664,142.55687597023714,157.93244016417484,135.90912875297906,142.45251306529892
2025-08-15,14,144.63023606800127,123.44602643371717,144.5639371086912,121.19399408215335,123.8906508055066
2025-08-15,15,131.88837537899974,118.2601776568965,137.80625627550208,115.80190168575692,118.13968329496016
2025-08-15,16,119.57883144328363,114.1612698045565,138.0661844743893,115.10523458238234,115.62335318661619
2025-08-15,17,123.01131117266851,117.61654629021668,144.83093479233008,122.0330597216534,120.93202540626093
2025-08-15,18,123.69798759267664,130.06933788007956,162.7438139251388,138.2632880189012,135.37841640490262
2025-08-15,19,169.4121219870852,178.60920132053184,210.13442278675785,184.31641790931053,176.3063387526802
2025-08-15,20,218.8851936064072,228.1992300896125,251.46564137041284,227.35358113853542,232.22715227197995
2025-08-15,21,225.13395239620024,232.1797410015904,253.2050288276071,229.9075045544114,232.34429095342884
2025-08-15,22,219.6210897893274,225.1933875074112,247.9579282449788,224.40894963423654,227.4580974485757
2025-08-15,23,207.3275171745269,211.6672953602414,238.93905529282682,214.1280581352758,215.4968041414061
2025-08-16,0,197.6464802585359,201.01429382809545,231.1159915597942,194.74196866820117,189.85204814998576
2025-08-16,1,189.481555333998,190.9903579854344,224.42997737219852,187.7438044661296,188.25487785280347
2025-08-16,2,191.0104302477184,194.182995951417,220.58162494867943,187.0250194181741,183.69883822708223
2025-08-16,3,181.11064618327453,206.5569428679531,223.06734758817691,192.58066823511552,181.91195106863998
2025-08-16,4,182.12648269928093,213.35976650696625,225.32759178983048,196.22023492994603,184.00526995956545
2025-08-16,5,180.773466833542,213.56158833063208,223.6339725842141,195.84690523281193,185.37256968361754
2025-08-16,6,187.36945750222336,232.27974876930912,231.67044377459393,207.16910580800607,195.23069334696243
2025-08-16,7,175.46711720167698,228.3682725257005,227.47812800990795,202.66522720619605,194.89746138671944
2025-08-16,8,135.50850956465894,173.03701269358749,183.66247601756885,153.06364807100292,155.44704413509015
2025-08-16,9,128.61124525698517,158.75819052419354,169.01400007518538,136.50721829599638,149.62241828657477
2025-08-16,10,135.42986969997892,166.94951543835924,170.87860188939817,140.12595554162124,155.32587936351177
2025-08-16,11,138.0285145314439,168.07291239017982,168.03588393293018,138.93230042278026,154.90146833593255
2025-08-16,12,135.27652910298426,165.068002280316,164.05117937272192,135.91534783743097,153.19623760303793
2025-08-16,13,124.6842965384044,156.76193901831664,155.59128215045175,128.43109334782773,143.75084436227195
2025-08-16,14,120.71428571428572,144.63023606800127,141.57567631581267,116.33086345200407,127.86687191572473
2025-08-16,15,107.75316260413452,131.88837537899974,134.30847133336232,108.0605621881376,116.80465400626052
2025-08-16,16,92.64335437914843,119.57883144328363,132.61916655944023,103.37790308716929,107.99124266385263
2025-08-16,17,91.38295124313852,123.01131117266851,139.02270306481904,110.19809621349097,112.81121094908877
2025-08-16,18,90.43544216514394,123.69798759267664,154.57637910127468,120.47412193929088,121.16957282462937
2025-08-16,19,139.6599069767442,169.4121219870852,201.7047915000458,165.4639473579303,163.90574291908524
2025-08-16,20,200.901145624188,218.8851936064072,243.82013378851175,209.15660869225923,210.5858367164879
2025-08-16,21,208.0374312507419,225.13395239620024,245.79684334663358,212.9170417214236,215.16514677562378
2025-08-16,22,203.1235849459609,219.6210897893274,240.63970414042205,207.9592251600429,208.58990959004728
2025-08-16,23,187.31231159385612,207.3275171745269,230.20333040467122,197.57508626199103,196.823314661801
2025-08-17,0,167.9375,197.6464802585359,221.6955415139603,189.28211276982609,172.41712555227184
2025-08-17,1,163.34251132908852,189.481555333998,214.48324479126555,182.57119759709744,168.12560921180219
2025-08-17,2,154.92125243144883,191.0104302477184,212.41080188759528,181.9244230591524,164.49833903472836
2025-08-17,3,151.32529290144728,181.11064618327453,214.54257365078476,179.27762121962812,162.2093099141795
2025-08-17,4,152.9486105292557,182.12648269928093,217.53602925675975,181.10552685310475,164.01246530060945
2025-08-17,5,152.29760067349517,180.773466833542,215.80765337316845,180.1810741386463,165.37969006430637
2025-08-17,6,153.89325073831304,187.36945750222336,223.9012075323229,187.43773976848712,174.11473488581532
2025-08-17,7,143.4466190913587,175.46711720167698,219.3776683985261,179.2931078529187,171.8486867253364
2025-08-17,8,114.23804383535928,135.50850956465894,175.62178006633874,134.73388337604587,133.56326763859582
2025-08-17,9,117.08173803084055,128.61124525698517,162.90344765140068,121.5804038958781,133.22630666784187
2025-08-17,10,123.705771581486,135.42986969997892,166.13940817730827,125.39336269407119,136.84864941244203
2025-08-17,11,129.92151052830664,138.0285145314439,163.8096017113167,125.36870140359801,138.57282477982815
2025-08-17,12,134.3040152376271,135.27652910298426,160.44385519786556,122.88406749601995,136.5811953538281
2025-08-17,13,127.91009266215876,124.6842965384044,151.15580077163298,114.11542911297508,132.33285262600694
2025-08-17,14,119.72803082949018,120.71428571428572,138.83017840477214,106.159139930512,122.96371329582918
2025-08-17,15,95.52240354031254,107.75316260413452,131.0891816078734,97.19314895868501,112.76344408667663
2025-08-17,16,77.44606352125628,92.64335437914843,127.39341271329054,89.93602533280607,98.53320158397409
2025-08-17,17,86.24822964523818,91.38295124313852,131.81557909383113,93.46395513520653,100.07834642029701
2025-08-17,18,104.64968152866244,90.43544216514394,144.58283453942153,101.17166060285173,106.65770422896142
2025-08-17,19,160.61152461823391,139.6599069767442,190.9008292592021,148.0878924969521,146.362908841686
2025-08-17,20,208.1252969772287,200.901145624188,235.6013221889625,198.3584408009914,204.68106796684424
2025-08-17,21,206.8154490106545,208.0374312507419,238.3295009181108,202.86166041715614,209.53746523855457
2025-08-17,22,202.52402384138185,203.1235849459609,233.36873644718372,198.14074122150004,205.15683312307405
2025-08-17,23,187.47010728295288,187.31231159385612,221.71849863448196,186.00167953611532,190.73255173795695
2025-08-18,0,178.49293481115723,167.9375,211.70404904318556,193.46565923498034,187.1358761908607
2025-08-18,1,176.63178585881946,163.34251132908852,203.64230096055846,187.97271143335044,182.39391863397964
2025-08-18,2,189.4142483349192,154.92125243144883,199.93601986749533,183.13359704744767,180.88126644117085
2025-08-18,3,195.86684993724973,151.32529290144728,201.26900341363748,182.00084710209566,181.6994172897551
2025-08-18,4,195.32190686816563,152.9486105292557,204.08751329359353,183.8993570183498,182.51306359972097
2025-08-18,5,196.6313757239833,152.29760067349517,202.5112379732922,183.35897357747893,186.68238365909065
2025-08-18,6,204.3639712435387,153.89325073831304,211.224183223089,188.5810204308084,193.60470191370717
2025-08-18,7,211.5495198590829,143.4466190913587,205.75017209911329,180.05084280371688,193.70499157664332
2025-08-18,8,165.21965244598536,114.23804383535928,165.0148486780904,140.72603000889762,143.01714898282592
2025-08-18,9,157.34017791665335,117.08173803084055,155.14840171381005,133.05866294948282,141.42387150166806
2025-08-18,10,160.6784400294334,123.705771581486,159.8726790365477,137.57265937170374,148.55779546295082
2025-08-18,11,161.36375201424815,129.92151052830664,159.51068959794503,139.72024148162882,152.9957325744557
2025-08-18,12,166.12308790816468,134.3040152376271,157.73541632801644,140.47663276889108,152.88955949504634
2025-08-18,13,159.61832494955524,127.91009266215876,147.56319462103733,132.75370344262393,146.818605221787
2025-08-18,14,146.981607831504,119.72803082949018,135.5982393463259,123.28459545072654,139.56572605561314
2025-08-18,15,138.44773329179,95.52240354031254,124.58409218070122,108.0927457784608,121.40189765159559
2025-08-18,16,139.25557019828986,77.44606352125628,117.52929720342095,97.69550179575853,111.31951185836809
2025-08-18,17,143.6703243988727,86.24822964523818,122.06476583265581,105.45044598687181,116.45202357206463
2025-08-18,18,150.55303097805103,104.64968152866244,133.61181367929257,120.74261923595832,131.43128300889205
2025-08-18,19,198.216370637188,160.61152461823391,182.33614994896678,171.3751689760735,179.231962341128
2025-08-18,20,236.59259259259252,208.1252969772287,227.58219759654187,216.98579914883913,227.79532891805866
2025-08-18,21,234.4888950200028,206.8154490106545,230.3530412529662,218.38979298047423,227.84836036543817
2025-08-18,22,234.71399425721623,202.52402384138185,225.35957708636116,213.89631554516336,222.93048687727628
2025-08-18,23,229.0722197607444,187.47010728295288,213.4528259210697,201.7330133836818,214.04875286665057
2025-08-19,0,226.82955118507311,178.49293481115723,202.49588830274982,208.4394268701572,215.2061814228756
2025-08-19,1,232.1253014521012,176.63178585881946,196.29313458178265,204.56099196421428,211.10938085277607
2025-08-19,2,239.1751750681563,189.4142483349192,195.39840869198585,208.43728736988967,207.07750878970253
2025-08-19,3,241.330438655088,195.86684993724973,196.71671121257896,210.8513139557983,207.3848785026729
2025-08-19,4,241.8388220748567,195.32190686816563,199.15739131598886,211.7501877303958,210.5477173973369
2025-08-19,5,241.9421323820848,196.6313757239833,198.7794044301018,212.33121509518477,210.7112715813782
2025-08-19,6,242.57873222407736,204.3639712435387,206.63853141607524,219.3768258726996,213.2252745676575
2025-08-19,7,252.6444077017441,211.5495198590829,203.1334522179183,218.24505952602053,212.50201749736027
2025-08-19,8,198.6059256722041,165.21965244598536,161.58272876284204,173.3727808503853,165.86594999791095
2025-08-19,9,178.05363864491844,157.34017791665335,151.68416260743422,161.81642844599213,157.35307117437773
2025-08-19,10,189.60492903156825,160.6784400294334,156.85735803124754,164.94768093493218,162.12869905429247
2025-08-19,11,189.091431406858,161.36375201424815,157.42946573631,165.59004710268584,161.5331961572045
2025-08-19,12,183.2053928689757,166.12308790816468,156.26269308201762,167.19359017341253,166.67648979120264
2025-08-19,13,173.0860274843117,159.61832494955524,146.44581695511116,159.68849037084493,155.50069015652824
2025-08-19,14,164.07029857397504,146.981607831504,133.6523650168426,148.17405833311207,142.68211037827533
2025-08-19,15,159.91457662218133,138.44773329179,122.00868295680766,138.79170159704717,132.86134662996577
2025-08-19,16,157.56912906007474,139.25557019828986,114.98382671226757,135.95592309363644,131.9630247138436
2025-08-19,17,155.7583738906384,143.6703243988727,119.79145656014033,142.31183628073944,137.43120113500322
2025-08-19,18,164.67871886120997,150.55303097805103,130.5608609639826,153.17739949815675,146.55773084178742
2025-08-19,19,209.29899412296564,198.216370637188,179.14874277655198,199.97306112151088,189.98694133884385
2025-08-19,20,246.0346261210429,236.59259259259252,224.60291276427077,241.70161700189124,241.25715219662368
2025-08-19,21,245.80947015929647,234.4888950200028,227.01182291926762,242.52207895641556,239.46094377942163
2025-08-19,22,240.9267026163372,234.71399425721623,222.57870562069456,239.8977829570412,236.4996631310329
2025-08-19,23,236.1852126703902,229.0722197607444,211.09146729240874,231.1104010845486,224.5671433485148
2025-08-20,0,226.54081677606945,226.82955118507311,201.23593341257833,221.87685910537203,222.16569829859534
2025-08-20,1,227.46817075454035,232.1253014521012,195.42667436693253,220.93651799517096,218.978575101435
2025-08-20,2,232.60352167182663,239.1751750681563,196.7929232202695,223.74867509730998,218.1012122796594
2025-08-20,3,228.2689219032323,241.330438655088,197.2187493934371,224.49220173884748,218.09054606083856
2025-08-20,4,233.83743939843671,241.8388220748567,198.81479582958102,225.54262628938233,218.202670615594
2025-08-20,5,230.90400410677617,241.9421323820848,198.4443340876712,225.76634415115848,219.00036688945974
2025-08-20,6,236.33515717197724,242.57873222407736,205.7104461606603,230.13003777760588,219.88834368856342
2025-08-20,7,236.1925343811395,252.6444077017441,204.321551582857,231.4153463057417,222.40053038901686
2025-08-20,8,203.2626112759644,198.6059256722041,160.78837947664692,183.5617097146446,178.99520540801925
2025-08-20,9,189.2584167424932,178.05363864491844,150.13201832118702,167.1741129832396,157.411135016372
2025-08-20,10,192.1790892902569,189.60492903156825,156.84561548157015,174.18204855852213,167.46321082344227
2025-08-20,11,188.93327315128263,189.091431406858,157.9525219968445,174.58102177118803,165.79927311685657
2025-08-20,12,185.04626695398656,183.2053928689757,156.40191544596428,171.87110534572065,161.14919872428032
2025-08-20,13,178.01863074602375,173.0860274843117,146.9227793648997,163.0529753763349,152.72670594226932
2025-08-20,14,166.74986301369864,164.07029857397504,134.16539404016905,153.10793167532012,144.2373761164767
2025-08-20,15,164.93066382210552,159.91457662218133,123.56536735646337,145.99602372180888,140.09066218436544
2025-08-20,16,171.72935036890408,157.56912906007474,116.73016006186447,142.13894866147174,138.8008689299977
2025-08-20,17,172.4870174720524,155.7583738906384,120.55273900512586,145.87235015596616,140.2843570548136
2025-08-20,18,183.28480122399623,164.67871886120997,129.91532001572386,156.743862524988,144.71401934110773
2025-08-20,19,228.20944424991245,209.29899412296564,177.84748252676232,201.7620158171276,200.31835515631755
2025-08-20,20,258.18128577132967,246.0346261210429,223.75761388485648,242.37443563647656,232.78060311743536
2025-08-20,21,259.6736921235069,245.80947015929647,226.31904105569643,243.7535255601358,235.3844259440173
2025-08-20,22,259.52700894847936,240.9267026163372,222.15118535405236,239.43926997311274,230.79964913509414
2025-08-20,23,254.342476378508,236.1852126703902,210.65345764881206,231.14237549638736,222.93084609003898
2025-08-21,0,253.4033953112369,226.54081677606945,199.88635538197883,229.66045811953697,236.88871753272036
2025-08-21,1,255.0090233768414,227.46817075454035,196.84150125124077,228.13207199514656,234.88557384942823
2025-08-21,2,263.8700982523259,232.60352167182663,199.79331617631055,230.84545126509713,229.00031927443635
2025-08-21,3,275.5279255319149,228.2689219032323,199.02892794178783,228.9867530764334,230.1114043123529
2025-08-21,4,284.50091491308325,233.83743939843671,201.71116623215676,232.18136321383346,227.87486765177138
2025-08-21,5,290.97442851607906,230.90400410677617,201.41197708226008,231.3417797138642,229.4892022661339
2025-08-21,6,301.24273929809146,236.33515717197724,208.27469597250914,237.1588007218431,229.9905081654724
2025-08-21,7,294.4857925214347,236.1925343811395,207.6583037047309,235.12094057520582,227.36372985762256
2025-08-21,8,248.00006911805363,203.2626112759644,164.29932376789634,195.3856513665555,193.2796988826353
2025-08-21,9,218.66402535657687,189.2584167424932,154.37223343680756,181.3686016586226,178.6913603655551
2025-08-21,10,207.6157196643453,192.1790892902569,161.25133610885626,184.93757192559212,178.1000957837093
2025-08-21,11,201.21394611727416,188.93327315128263,162.17308605856002,184.00298972225002,176.5270323992055
2025-08-21,12,191.0225552528005,185.04626695398656,160.6063192319455,181.97814186207148,169.27261994813054
2025-08-21,13,189.7774454386454,178.01863074602375,151.80516962414393,174.69169415058755,161.60063993699097
2025-08-21,14,192.148728487028,166.74986301369864,140.90290692352457,164.876331115296,152.50506732198744
2025-08-21,15,198.052573393932,164.93066382210552,130.95958470234572,158.92474686933656,149.8451871935723
2025-08-21,16,210.0745617139756,171.72935036890408,124.62622411078765,158.97594934780858,154.1824912588959
2025-08-21,17,208.4698519733044,172.4870174720524,127.16782201611792,162.8439243535875,155.76969297983868
2025-08-21,18,224.13906079359305,183.28480122399623,135.33842860425997,174.27975636919274,162.80309287990116
2025-08-21,19,259.4927570313235,228.20944424991245,183.4310805589516,219.04366849293592,213.77772760685568
2025-08-21,20,284.5194654855676,258.18128577132967,228.13133868320023,256.009298136596,240.59839633045516
2025-08-21,21,282.3812756180978,259.6736921235069,230.30551870885617,257.80380758694344,243.44547011057725
2025-08-21,22,275.43077448358275,259.52700894847936,226.51854170087344,255.2609052534108,238.98883674362898
2025-08-21,23,274.4444084488791,254.342476378508,216.19673431731712,247.3448973129627,232.03446998328886
2025-08-22,0,270.7396289196716,253.4033953112369,207.4092817385954,241.8908303432164,260.7702835773809
2025-08-22,1,279.1358930778739,255.0090233768414,205.00695801297476,240.93600977953702,259.5906705633862
2025-08-22,2,284.7803586947934,263.8700982523259,209.3111031368303,245.4975097644424,257.83983438476236
2025-08-22,3,289.0140625,275.5279255319149,211.42671685430852,250.10953985199123,257.94024263449154
2025-08-22,4,292.7616505850955,284.50091491308325,214.84770614143503,254.72808709849363,259.22310153386763
2025-08-22,5,292.8305566153716,290.97442851607906,215.29779950951323,257.34846067252215,261.71066638595823
2025-08-22,6,295.6414165613974,301.24273929809146,222.58043670679004,264.89550611706306,268.6649216190629
2025-08-22,7,290.29562507687893,294.4857925214347,220.30775189744818,260.18302564005296,264.5599100304495
2025-08-22,8,251.03752195433492,248.00006911805363,176.83883208654473,216.77014299168758,226.6272908183699
2025-08-22,9,220.0936016400518,218.66402535657687,163.96677606752306,196.3669959655536,204.1696267024782
2025-08-22,10,213.9569210058176,207.6157196643453,168.02333353363255,193.73529563825696,195.98257386512483
2025-08-22,11,207.2647315428329,201.21394611727416,168.0893343056562,191.42430319060497,187.26231191689243
2025-08-22,12,200.1444069431051,191.0225552528005,165.7208356578364,186.83647540172763,184.440366366577
2025-08-22,13,198.3017111222949,189.7774454386454,158.550965262488,182.61853129043075,183.83454443644177
2025-08-22,14,199.5748951848558,192.148728487028,150.71757864542613,179.29751314447262,181.2554150420767
2025-08-22,15,203.43854627239503,198.052573393932,142.35849837906508,176.78784881649696,183.9579057752051
2025-08-22,16,209.3306400890222,210.0745617139756,138.3281229549904,179.86839968290116,193.01585823563846
2025-08-22,17,208.5756118464908,208.4698519733044,140.14686568513045,182.9014110603744,191.61304653098458
2025-08-22,18,229.5673167514604,224.13906079359305,148.77696044904764,195.94107715355142,204.6662992374512
2025-08-22,19,269.8750887849323,259.4927570313235,194.98587423192183,235.76581142710293,249.58542769413327
2025-08-22,20,289.6751244960873,284.5194654855676,236.17708659690808,268.58132403204513,265.28236632116045
2025-08-22,21,284.7623939017138,282.3812756180978,237.47716651121436,268.5814442518521,265.3980328954577
2025-08-22,22,278.8865463540788,275.43077448358275,233.69531126889797,263.80257770510127,260.5533968937139
2025-08-22,23,279.74856922384413,274.4444084488791,225.16489332997966,258.11717037606013,258.3076241440428
2025-08-23,0,281.37245133971464,270.7396289196716,217.37004389453492,243.2727148896835,269.5908248024647
2025-08-23,1,273.5876029277219,279.1358930778739,217.5991773118947,245.84411194731553,269.2593648631234
2025-08-23,2,275.60705596107056,284.7803586947934,222.25358352874122,249.5507955578285,269.0508665112516
2025-08-23,3,281.9961013645224,289.0140625,223.2063053731724,251.3791719360356,269.3948320558469
2025-08-23,4,287.0713782784721,292.7616505850955,226.19083243831065,254.08592006561378,271.05737315804646
2025-08-23,5,293.16920281626165,292.8305566153716,226.6219378359046,254.59834825382708,271.2672170272379
2025-08-23,6,295.7707741557329,295.6414165613974,231.63210353423122,258.7149204308714,273.5223443700869
2025-08-23,7,292.828590940132,290.29562507687893,229.15451654761657,254.80640578300373,270.63650192856517
2025-08-23,8,259.2759221906944,251.03752195433492,187.9817619809372,215.18038040700816,233.12363412099634
2025-08-23,9,229.5995052226498,220.0936016400518,172.72897765550277,192.89397553763453,201.42963893385038
2025-08-23,10,221.4510331202152,213.9569210058176,174.7386771861266,190.89790459509285,196.93056687119565
2025-08-23,11,217.4164907151752,207.2647315428329,173.68816561317803,187.8887305647223,190.1087529341859
2025-08-23,12,203.99706720058657,200.1444069431051,170.7317506096634,184.0509725133017,185.4400563140734
2025-08-23,13,196.92260114144332,198.3017111222949,164.48521842019915,180.12700788196673,185.28446501506656
2025-08-23,14,195.8161589853924,199.5748951848558,158.5668156621196,177.31288152660946,186.60592327043435
2025-08-23,15,208.13111748528848,203.43854627239503,152.57995136383585,175.4073535130635,185.29501068370905
2025-08-23,16,210.6566270166417,209.3306400890222,151.14980990438158,177.5559592163266,189.95559657946924
2025-08-23,17,214.2941445932473,208.5756118464908,152.3703372099622,180.06382446703284,187.3352932511259
2025-08-23,18,229.91457073118968,229.5673167514604,163.90115032887388,196.65461209101449,206.60836812320247
2025-08-23,19,261.1584155724112,269.8750887849323,209.3377266316143,237.70553360154392,252.5024930245062
2025-08-23,20,281.3892449312515,289.6751244960873,246.28993386686236,266.31969437673126,271.11002096524504
2025-08-23,21,280.0045250233793,284.7623939017138,245.99551529771628,264.4890856438838,270.77174790994786
2025-08-23,22,281.42802217167025,278.8865463540788,242.16180506386243,260.04422705467516,265.776990755472
2025-08-23,23,282.7369908682418,279.74856922384413,235.51075790845354,255.93264050755747,263.4463826965553
2025-08-24,0,286.4939807383628,281.37245133971464,229.33089690613184,252.21037950612873,269.86619202966097
2025-08-24,1,284.80730741387384,273.5876029277219,229.61432696814094,249.4315626252207,268.46203580041276
2025-08-24,2,285.7774140752864,275.60705596107056,234.33881577350581,252.08725677364632,266.59021459241944
2025-08-24,3,288.92468499427264,281.9961013645224,237.6185132562078,255.73904477693583,266.0623784880677
2025-08-24,4,287.3093713620489,287.0713782784721,241.18296037819508,259.1453300510513,268.6627250148535
2025-08-24,5,290.1526643329444,293.16920281626165,242.6784715477217,262.16750692070366,268.8769872576835
2025-08-24,6,293.6925545883383,295.7707741557329,247.118005913304,265.9459598351674,271.3822610110617
2025-08-24,7,285.61936720997124,292.828590940132,245.92044136739585,263.67124101970364,267.61146731822794
2025-08-24,8,227.51043673731536,259.2759221906944,205.6628209275137,226.60356603515203,235.5174306500933
2025-08-24,9,202.6628318584071,229.5995052226498,187.155871936312,203.720587766843,211.53170841972525
2025-08-24,10,195.12547930715328,221.4510331202152,187.02741481758895,200.46199322033843,202.4032721666911
2025-08-24,11,188.0256639966273,217.4164907151752,185.0293050679968,197.92871922844103,199.1634833834469
2025-08-24,12,186.17739949681496,203.99706720058657,180.5489703378923,191.1865593151768,188.14512083452382
2025-08-24,13,162.65407744006967,196.92260114144332,174.8049762206333,185.73186845307634,186.47020055815887
2025-08-24,14,159.30244399185335,195.8161589853924,169.29565470084916,181.67272918509292,185.25324818094344
2025-08-24,15,168.26852367688022,208.13111748528848,166.9196592040007,184.85778452965315,186.59797106937287
2025-08-24,16,173.36209437551918,210.6566270166417,168.00884885259492,186.9147029791338,191.0112744402046
2025-08-24,17,182.92690042968545,214.2941445932473,169.9290791171206,190.78525946753365,193.56353563628605
2025-08-24,18,218.91043613707168,229.91457073118968,183.82674012402325,206.1749638887453,207.1253965610811
2025-08-24,19,263.8975431259801,261.1584155724112,226.69465643099528,242.9873711666449,248.42575697487084
2025-08-24,20,286.7238137374184,281.3892449312515,257.7882337678715,268.69844192126186,270.04363660459774
2025-08-24,21,284.35855592773913,280.0045250233793,256.2765286938074,267.4279503529247,268.1434606057047
2025-08-24,22,279.6829623208149,281.42802217167025,253.34815323896376,265.9173676114613,268.0442415385596
2025-08-24,23,279.81910846313974,282.7369908682418,249.1428549476515,263.2120763896911,266.882245657909
2025-08-25,0,279.7888459058672,286.4939807383628,246.2675370116122,266.91644639887573,268.36327094585846
2025-08-25,1,283.5718302547908,284.80730741387384,246.9664406945389,266.4254527000597,265.8735706432578
2025-08-25,2,285.4971378247468,285.7774140752864,253.0325531511969,269.47663247120346,271.64656353774956
2025-08-25,3,292.69840572708506,288.92468499427264,257.2755692694686,272.51956097047713,275.030811610546
2025-08-25,4,298.3076718874436,287.3093713620489,260.3773547828799,273.4812618320575,274.75245193871194
2025-08-25,5,301.3492749011229,290.1526643329444,262.37205207050016,275.6463557033073,275.81704072222306
2025-08-25,6,298.4104394585574,293.6925545883383,267.08933503473617,279.89209228562237,279.09364511430005
2025-08-25,7,293.608016840628,285.61936720997124,266.23083395576907,275.9779484226334,274.95291120443557
2025-08-25,8,259.749362786746,227.51043673731536,221.84459134207887,227.80568100277327,229.23115248169503
2025-08-25,9,242.0765451254202,202.6628318584071,199.38174248310722,204.19733390015335,201.94991066390406
2025-08-25,10,224.996142488494,195.12547930715328,197.23023020697,199.84130462662148,197.13027343142357
2025-08-25,11,218.0607336921197,188.0256639966273,193.32989842061403,195.0522537361042,192.90987267823715
2025-08-25,12,210.6833941137193,186.17739949681496,187.95945380349056,192.03038832208824,191.17878479660672
2025-08-25,13,199.4077773813771,162.65407744006967,179.7684026174777,178.16077965362263,169.34622101194543
2025-08-25,14,196.62458922330603,159.30244399185335,174.94914229547248,173.97647217627545,166.2577231855972
2025-08-25,15,201.73563063669403,168.26852367688022,177.31196208065325,178.53579180220422,180.0146756657603
2025-08-25,16,222.82910765441355,173.36209437551918,181.71113897463246,183.56791544415105,186.44252105270135
2025-08-25,17,233.0731432666223,182.92690042968545,183.74031780061304,190.66888120015216,190.01309269093056
2025-08-25,18,239.2582767678344,218.91043613707168,200.14970506808172,214.931853366042,212.75039759789402
2025-08-25,19,263.22699717095514,263.8975431259801,241.4498019321019,255.5481062621298,256.13133239319694
2025-08-25,20,282.7120665580638,286.7238137374184,269.0165933050414,280.5523238455918,277.3941242306874
2025-08-25,21,283.73233482304624,284.35855592773913,267.354115396248,278.9458364531984,276.23248689980505
2025-08-25,22,281.9269803184073,279.6829623208149,264.37085873602564,275.36920777778505,273.88369421688117
2025-08-25,23,280.2523501309909,279.81910846313974,262.3355694019639,273.3841426580586,272.0699462065244
2025-08-26,0,281.9007692972599,279.7888459058672,260.7383814537137,260.36658665340974,265.2838269489874
2025-08-26,1,288.2847277308572,283.5718302547908,262.24358989396336,262.1962019137862,265.03518421541094
2025-08-26,2,289.40050609615827,285.4971378247468,266.75868022117226,264.7830282773745,265.25850401494466
2025-08-26,3,296.18601835033303,292.69840572708506,271.10864866801643,269.1583447023089,266.66688447243024
2025-08-26,4,296.6911116268276,298.3076718874436,275.089606928491,273.05262827343665,267.5669543321934
2025-08-26,5,296.722441412749,301.3492749011229,277.33175195294865,275.3556074662134,268.1404038286022
2025-08-26,6,289.71358664363845,298.4104394585574,280.52454477973885,276.69311344162736,266.78623073144325
2025-08-26,7,292.2214172515282,293.608016840628,277.95347638170404,273.33700143999295,266.5264269370482
2025-08-26,8,254.63087248322148,259.749362786746,235.34883567647327,235.2296161759923,237.7153695065678
2025-08-26,9,230.79890529012724,242.0765451254202,211.48693779864536,213.86518745067363,212.95622901158646
2025-08-26,10,216.5020649117029,224.996142488494,206.41847341540725,204.6531350185242,198.88667248107504
2025-08-26,11,208.09185823986823,218.0607336921197,201.42946723173856,199.38754295424192,192.17486896242193
2025-08-26,12,200.8498114361431,210.6833941137193,194.32521183285553,193.04462273503995,187.238711470274
2025-08-26,13,192.56137307469905,199.4077773813771,185.45261010773797,183.4959855725928,180.77493549087058
2025-08-26,14,189.3169006300431,196.62458922330603,182.0409967800156,180.22071985461952,177.36570106884517
2025-08-26,15,178.89556509298998,201.73563063669403,186.35309027278237,184.3668038383638,182.83966808297566
2025-08-26,16,170.6224567114753,222.82910765441355,193.65021575407874,197.3968440239563,189.8204759568029
2025-08-26,17,177.20397685600196,233.0731432666223,196.51214906743442,205.27532757886215,199.0274432502539
2025-08-26,18,190.8418146383716,239.2582767678344,212.82188303805077,218.18052760516505,212.80442254274345
2025-08-26,19,243.18712162905888,263.22699717095514,250.7370342940686,248.8261165691425,245.32628730050357
2025-08-26,20,275.7655083955224,282.7120665580638,275.605089585823,271.05107159318567,263.37885723813156
2025-08-26,21,273.1600061246364,283.73233482304624,274.3888925109685,270.7947738450972,263.3476625052289
2025-08-26,22,268.73575603225913,281.9269803184073,271.1155710304815,268.0066735607022,261.7133793366504
2025-08-26,23,266.8380989942812,280.2523501309909,269.6470165977134,265.6925297005814,260.7724881444561
2025-08-27,0,271.670663120722,281.9007692972599,268.6056983268832,252.93769326278274,251.94835126033922
2025-08-27,1,275.4541645327995,288.2847277308572,270.2663650766428,255.72536351293152,251.15751821730535
2025-08-27,2,281.3166516309767,289.40050609615827,273.93372751088685,257.64525011207456,252.72260547114732
2025-08-27,3,280.9400170093552,296.18601835033303,278.9451600530515,262.3038819329166,254.19820098605436
2025-08-27,4,279.98409114235864,296.6911116268276,282.92564829305826,264.5222857023981,256.29964016124427
2025-08-27,5,272.81308863893224,296.722441412749,285.1575103859007,265.8487960486534,257.69584251668647
2025-08-27,6,270.4411842593083,289.71358664363845,287.25809541110476,265.238058677009,258.2039318815012
2025-08-27,7,264.7260774287801,292.2214172515282,283.60733488881607,263.7839010291405,258.1752862956956
2025-08-27,8,204.5734956629974,254.63087248322148,243.3523995066186,225.40363055383767,234.88154335036768
2025-08-27,9,180.73672121734137,230.79890529012724,219.02197589081803,200.53919716244215,211.01030729032027
2025-08-27,10,176.81559259745373,216.5020649117029,210.2609213982836,190.0841579101686,191.75109608224395
2025-08-27,11,173.5979790689282,208.09185823986823,204.14381392216862,183.64451484286118,184.63424834255275
2025-08-27,12,167.988627174792,200.8498114361431,196.84584305673658,177.18641712328179,177.15132779865394
2025-08-27,13,159.32538717262628,192.56137307469905,188.23480233493618,169.5906561472665,173.85496708956492
2025-08-27,14,156.10920638489208,189.3169006300431,185.64765421659675,166.9278066151737,174.15077956117227
2025-08-27,15,162.65184211278475,178.89556509298998,189.06466005432645,164.37415215524493,167.46052367549515
2025-08-27,16,169.9646017699115,170.6224567114753,195.51497684713596,164.8658372568663,166.5800632485824
2025-08-27,17,181.57945791726107,177.20397685600196,199.57580663391494,171.63119209272423,171.13982599049154
2025-08-27,18,196.1831449420518,190.8418146383716,216.55946814907384,187.85245126370484,184.6691168863664
2025-08-27,19,237.00641523546503,243.18712162905888,255.57819536636765,231.3654166474226,238.74656572935385
2025-08-27,20,264.5386932202348,275.7655083955224,279.85235848217724,258.6907822249352,256.603106322945
2025-08-27,21,263.1564884267456,273.1600061246364,278.2961119345885,257.09752570254625,255.9866764251266
2025-08-27,22,260.85049856812617,268.73575603225913,275.0882929470418,253.4647499700784,254.39608506318996
2025-08-27,23,253.584704448507,266.8380989942812,274.02600035826924,251.2806453885789,252.46600014368335
2025-08-28,0,250.88147431312325,271.670663120722,275.05281923326214,246.10387623187788,239.20375028196864
2025-08-28,1,251.8247913113724,275.4541645327995,277.12150704496554,248.2241246023842,240.56853760616497
2025-08-28,2,257.4249006377669,281.3166516309767,280.89274607647974,251.83748449173453,240.8525538108043
2025-08-28,3,268.85791494808706,280.9400170093552,286.46960221106906,254.4260131893426,240.87577453369775
2025-08-28,4,273.8286447443452,279.98409114235864,289.51802711361853,255.57000779165637,241.4927923842072
2025-08-28,5,275.0987691085964,272.81308863893224,291.144522461923,253.95138236085793,240.39098322087457
2025-08-28,6,279.67112340556326,270.4411842593083,292.1303849950092,254.1159361522096,242.5366095232416
2025-08-28,7,277.33815689261235,264.7260774287801,287.6835553241933,249.0617300884905,240.88191694771928
2025-08-28,8,259.52841280209014,204.5734956629974,243.5396687047662,198.29403219930094,196.6664402861656
2025-08-28,9,229.4610243396833,180.73672121734137,217.80459081579633,172.65391262415176,175.10735176221496
2025-08-28,10,209.5774282471218,176.81559259745373,208.06613615645458,166.05795127194494,171.37075886173497
2025-08-28,11,208.38230829943532,173.5979790689282,201.9530576246894,161.78568781482056,164.25538870396989
2025-08-28,12,207.04025467852787,167.988627174792,194.40903737399452,156.21364844402456,157.49165088926964
2025-08-28,13,206.968039751845,159.32538717262628,185.56433896730798,148.05377746740737,150.15801671600735
2025-08-28,14,200.46776508768644,156.10920638489208,184.1275604124815,145.6153217270822,150.1681824836346
2025-08-28,15,201.45007711392745,162.65184211278475,188.73911409585207,150.12721763299572,148.9450897488268
2025-08-28,16,201.1371170266198,169.9646017699115,195.26286990442273,156.49871804499173,158.39252627324626
2025-08-28,17,215.172207843918,181.57945791726107,200.8747266975162,166.20980919345746,165.1419862052542
2025-08-28,18,213.32180479756315,196.1831449420518,218.4020886802247,183.71885164446826,185.36938248659078
2025-08-28,19,249.81384067785933,237.00641523546503,256.8349055071609,222.61520020616223,224.03239610176595
2025-08-28,20,269.42197844995457,264.5386932202348,280.7605595463065,247.91263695529514,248.29666730168847
2025-08-28,21,272.4612174849413,263.1564884267456,278.7936542636226,246.73991485440774,246.9684373228888
2025-08-28,22,278.12884635907653,260.85049856812617,275.2773628927056,243.69907909331275,245.8400952083214
2025-08-28,23,278.1885029453585,253.584704448507,273.917747225412,239.41507784410496,243.4433589561429
2025-08-29,0,283.07008037568863,250.88147431312325,274.6925448049602,259.8677782068087,269.19173421238617
2025-08-29,1,284.3831508805331,251.8247913113724,276.6666167498985,260.8391762655469,268.61352024766035
2025-08-29,2,282.1730740685765,257.4249006377669,279.9720035601141,264.1312755043575,270.20903109063534
2025-08-29,3,285.0378981870327,268.85791494808706,285.5167435562365,270.85031309466336,270.61919456304736
2025-08-29,4,285.9075524122253,273.8286447443452,287.99341708951306,273.79741542820807,271.5054089791639
2025-08-29,5,278.3379345603272,275.0987691085964,288.8765711179969,274.78773905843894,274.2283830283526
2025-08-29,6,274.12468776019983,279.67112340556326,289.04872558179085,277.2184422890641,275.87689623450103
2025-08-29,7,264.4968523002421,277.33815689261235,285.2338930915044,274.0364097176543,272.6805529049646
2025-08-29,8,205.43630187795264,259.52841280209014,245.1865749453428,242.66623817220798,242.77326488809345
2025-08-29,9,170.57600984932873,229.4610243396833,219.34701924195437,214.99281700821822,217.96258113170904
2025-08-29,10,174.41195666362094,209.5774282471218,208.34638023970837,201.49718463005945,198.41666251642158
2025-08-29,11,171.06236091442443,208.38230829943532,202.9771093649981,198.0202664975153,195.3066575367457
2025-08-29,12,166.47459695875503,207.04025467852787,196.69728014909842,194.2633567779084,192.73517157927307
2025-08-29,13,159.01556848561094,206.968039751845,188.0201381549079,189.3958614454077,191.50050877247168
2025-08-29,14,147.61110054089315,200.46776508768644,185.3159942125756,185.20187514237665,188.6160010188271
2025-08-29,15,138.93793142151637,201.45007711392745,189.22447177013711,187.34862470374662,189.2256781075817
2025-08-29,16,139.2098185215594,201.1371170266198,193.98609209194333,189.90911910202618,190.53482231515176
2025-08-29,17,154.46559256476613,215.172207843918,201.8322061076038,201.34141735920588,197.23445116914925
2025-08-29,18,180.5947801057264,213.32180479756315,216.85676639507753,210.77585252129623,203.14485179575723
2025-08-29,19,234.4331476733564,249.81384067785933,255.4522031709517,248.01616333906784,244.112919371058
2025-08-29,20,259.91915899795504,269.42197844995457,278.6037756840761,269.87185090018477,268.68099471299394
2025-08-29,21,260.1250082896744,272.4612174849413,277.37650310174314,270.64197203030454,267.8274708885225
2025-08-29,22,257.4890983260656,278.12884635907653,275.6628017320619,271.2419437068395,269.19734905509824
2025-08-29,23,253.45190262349325,278.1885029453585,274.45261786776615,269.4988902882672,267.6232799359165
2025-08-30,0,245.5167086037169,283.07008037568863,276.4540378701055,243.47245533962246,242.1614255023435
2025-08-30,1,247.9868966817496,284.3831508805331,277.41622500742125,244.24855118495185,241.4914201936836
2025-08-30,2,245.1730217095653,282.1730740685765,279.59953432779747,244.37057577448792,237.8533691171852
2025-08-30,3,247.6432641651436,285.0378981870327,284.94872008295545,248.09043095375418,239.36379023157
2025-08-30,4,249.8612998188406,285.9075524122253,287.01426020767445,249.45500188013952,239.04737215931846
2025-08-30,5,252.8126283668799,278.3379345603272,286.80619653870485,246.794012003301,239.23567162977773
2025-08-30,6,259.3649341142021,274.12468776019983,285.9749071816198,245.72438695342535,240.2313328472895
2025-08-30,7,256.4040645546922,264.4968523002421,281.54835412341345,239.15179347581977,234.9034153973032
2025-08-30,8,197.0236150960053,205.43630187795264,238.67211493443105,189.333644058861,192.094663097222
2025-08-30,9,177.9990280646337,170.57600984932873,212.2730775575654,158.99277272089012,159.99296174467509
2025-08-30,10,173.08097378070636,174.41195666362094,202.69709961939452,155.4062759887856,158.39427707772418
2025-08-30,11,166.82012378813604,171.06236091442443,197.80534213236837,151.61275281166354,154.28996141259205
2025-08-30,12,157.71091161394466,166.47459695875503,191.88730729419126,147.164258123453,149.2412900038576
2025-08-30,13,142.83167495854062,159.01556848561094,182.40783206395307,139.16128260535572,138.68769828557203
2025-08-30,14,131.64649205720036,147.61110054089315,177.8925949777238,131.9030268467429,136.79607090950736
2025-08-30,15,126.28998674995267,138.93793142151637,180.0100982200116,129.07502496842025,134.0015618819196
2025-08-30,16,129.5550012318305,139.2098185215594,183.96883186802006,131.80360598723917,134.63182481174758
2025-08-30,17,143.7053197848177,154.46559256476613,194.10220335307173,144.65018067761258,143.97991459303944
2025-08-30,18,175.32961549750513,180.5947801057264,209.86068973140124,165.86318993882313,167.8597664460859
2025-08-30,19,239.8831055539401,234.4331476733564,250.38906872644085,211.74998798452896,215.89595496266406
2025-08-30,20,263.6789129340715,259.91915899795504,274.3529234700572,236.7151508527864,240.3673607941066
2025-08-30,21,259.47389666307856,260.1250082896744,273.8568765857375,236.6020771164524,242.3365075032799
2025-08-30,22,259.4190901238123,257.4890983260656,272.6060234423457,234.46025173826547,241.89826875555363
2025-08-30,23,260.09850783490583,253.45190262349325,270.6959512105732,231.01701388666993,238.15507953308688
2025-08-31,0,265.3837023510614,245.5167086037169,271.3317889078201,243.42200762341608,254.7139276635233
2025-08-31,1,270.392709599028,247.9868966817496,273.75898125799665,245.2399435769937,254.74778298947527
2025-08-31,2,265.71664799701284,245.1730217095653,275.251815149011,244.63259900148807,254.40202899743076
2025-08-31,3,258.51983322064456,247.6432641651436,280.0411719116156,247.80542563899107,255.3132075185514
2025-08-31,4,252.43922833422923,249.8612998188406,281.6985347134414,249.4882085844491,254.56366835348243
2025-08-31,5,254.30398986700445,252.8126283668799,281.04097161736456,250.41041637902572,258.1716570186844
2025-08-31,6,261.1840031520883,259.3649341142021,280.7740728899725,253.44197395752096,263.5398793436665
2025-08-31,7,259.3351641333504,256.4040645546922,276.34485035406493,249.1249219238497,258.5675040051889
2025-08-31,8,203.4392896781354,197.0236150960053,229.77892820661833,196.5204486555961,199.4216899893785
2025-08-31,9,177.43849891513614,177.9990280646337,204.90158082070596,172.4464843389514,174.75652135069842
2025-08-31,10,171.30155718033154,173.08097378070636,195.78709114232188,166.08092961650613,167.6768667945093
2025-08-31,11,170.12407219741996,166.82012378813604,190.5772897142199,161.14218909346124,160.69944687469683
2025-08-31,12,163.0078660806763,157.71091161394466,185.2749993532424,155.00635673717863,150.98020064646676
2025-08-31,13,144.8149611084103,142.83167495854062,174.68055689496694,143.83773524926698,138.88552107595353
2025-08-31,14,134.11860198624905,131.64649205720036,168.72549970226777,136.0326844501516,129.38736427308498
2025-08-31,15,132.24230891214717,126.28998674995267,168.31850811496363,133.25482211468946,126.35094435333258
2025-08-31,16,139.39797211660328,129.5550012318305,172.38288532733276,136.98833731146703,127.48750006450503
2025-08-31,17,148.58161438924915,143.7053197848177,184.0180855232961,150.43566554289555,145.6582556436681
2025-08-31,18,172.18207520497597,175.32961549750513,202.06283898373204,174.98603852572109,167.9085465849272
2025-08-31,19,236.8641154578255,239.8831055539401,247.34973872380215,227.729362260006,227.76114977112601
2025-08-31,20,268.8410403740946,263.6789129340715,271.82287604188866,252.17335725665728,260.92794518969333
2025-08-31,21,269.4079906678332,259.47389666307856,270.92392967712306,250.30866729519988,258.00624953300473
2025-08-31,22,269.7697771246632,259.4190901238123,269.46189029265173,249.01925561544044,257.0824594883458
2025-08-31,23,266.2708970337132,260.09850783490583,267.4618822058109,247.2140811425143,254.47519985857662
2025-09-01,0,261.7656585109642,265.3837023510614,268.3160348524913,267.88489535623165,273.2619897167246
2025-09-01,1,262.54815091171946,270.392709599028,271.69975299873295,270.9960901544701,274.50597743397776
2025-09-01,2,252.3042222109585,265.71664799701284,272.3859914235433,269.32473664847214,275.7010564211042
2025-09-01,3,252.1399154654817,258.51983322064456,275.69762165824017,268.3110247713178,276.11102064264213
2025-09-01,4,252.6316733425001,252.43922833422923,276.71708570946714,266.6384774991537,275.95298915469937
2025-09-01,5,255.80222249968784,254.30398986700445,275.9197324079446,267.2711504762394,276.5380255898518
2025-09-01,6,263.84794805522284,261.1840031520883,276.12999411336534,270.9167585958314,278.9116984903261
2025-09-01,7,268.0975374215355,259.3351641333504,272.58996420026193,267.49145683481146,278.52291184247844
2025-09-01,8,203.6700950397084,203.4392896781354,226.3401929124498,215.9869283076892,228.33684400992448
2025-09-01,9,180.60253699788584,177.43849891513614,201.29810468595295,189.72042609734694,207.5971534638634
2025-09-01,10,175.70181737833508,171.30155718033154,192.38367369563304,183.0587878068242,199.31749300325902
2025-09-01,11,168.7038046440641,170.12407219741996,188.0199194571903,180.49956849301208,195.45973221080962
2025-09-01,12,168.5306100423603,163.0078660806763,181.96506600807976,174.84389166713686,190.45020750439977
2025-09-01,13,155.29298831385643,144.8149611084103,172.13211170472988,162.3114518300327,177.94737121543062
2025-09-01,14,144.03937483809688,134.11860198624905,165.12780798718146,154.00347673727444,162.84047566223342
2025-09-01,15,142.40155865463495,132.24230891214717,163.17190600571604,151.97237799725778,162.5637251162839
2025-09-01,16,150.242813127173,139.39797211660328,167.53086786177332,157.41401105798965,164.93062570477633
2025-09-01,17,169.5095837897043,148.58161438924915,179.11161608894804,169.13379150725234,179.71670267183822
2025-09-01,18,208.57536350875336,172.18207520497597,195.38735885057548,190.34599905396408,199.31895970682663
2025-09-01,19,264.16299742460745,236.8641154578255,243.48782048549438,244.2903925465661,250.84908555459148
2025-09-01,20,295.5444027047333,268.8410403740946,269.2681941328424,271.96099863356807,277.73776194208085
2025-09-01,21,293.28972705321394,269.4079906678332,268.7881346399937,271.7997822489493,277.5637331868058
2025-09-01,22,291.7882062765716,269.7697771246632,268.0457209789157,270.97290411555764,275.9790159917494
2025-09-01,23,289.13398934596034,266.2708970337132,265.52642343017857,267.69487737094187,273.86236033914986
2025-09-02,0,291.7051633212052,261.7656585109642,265.7412937960766,272.29021820434787,290.9799445973721
2025-09-02,1,299.43093681917213,262.54815091171946,268.69637023543703,273.7207026776877,291.5084495259402
2025-09-02,2,308.13816820477103,252.3042222109585,267.64414633585926,269.2263903876882,289.96207176467254
2025-09-02,3,310.29052703220043,252.1399154654817,269.90355162086826,270.0225119971144,290.95449621387655
2025-09-02,4,314.49189052204764,252.6316733425001,270.19194306018954,270.27786531816844,291.58852175076765
2025-09-02,5,314.7120642515379,255.80222249968784,269.413010636311,271.48365006511864,294.5468846608068
2025-09-02,6,315.3155406019824,263.84794805522284,271.1924953414604,276.37157206107383,294.9415200414083
2025-09-02,7,317.708749674168,268.0975374215355,268.9456099975344,275.7571486879565,296.2015379382233
2025-09-02,8,291.5534208978632,203.6700950397084,218.32886894858726,219.44979490752476,236.73770322616016
2025-09-02,9,260.3345374076605,180.60253699788584,192.5161035248766,193.84834292734712,210.18179281304782
2025-09-02,10,252.99570946981305,175.70181737833508,185.3416272513246,188.31215820760457,203.21304217347281
2025-09-02,11,245.3355992152312,168.7038046440641,180.96892959318234,183.46471618140305,198.1300129999916
2025-09-02,12,229.4473202614379,168.5306100423603,175.94323971217133,181.02680480497895,196.496116477556
2025-09-02,13,219.06298999729657,155.29298831385643,165.82999898079836,170.52011954114963,179.45523099105841
2025-09-02,14,215.37504762941592,144.03937483809688,157.61563450358017,161.77491471576906,165.88351271248874
2025-09-02,15,207.3352124330894,142.40155865463495,154.69561000827906,159.61164070086173,166.6293357530959
2025-09-02,16,207.47034873428925,150.242813127173,157.16139721502466,164.8934118776433,169.30287930887505
2025-09-02,17,211.36648016276703,169.5095837897043,170.03110759224546,180.70128916419924,192.38766075394133
2025-09-02,18,232.78453497459947,208.57536350875336,191.0040855278496,209.84460959176215,237.8721805631029
2025-09-02,19,277.1688189960425,264.16299742460745,243.62153480744468,261.1560273689877,278.80836443942434
2025-09-02,20,295.5576847207349,295.5444027047333,271.10138501093803,288.7212887605704,299.7447840417757
2025-09-02,21,298.4912536443149,293.28972705321394,270.1534763871605,287.47638845693626,298.7175898880521
2025-09-02,22,296.94081877092225,291.7882062765716,269.4544675443678,286.0781377516647,297.7886278716946
2025-09-02,23,296.3275814082939,289.13398934596034,266.795229032317,282.97218335805655,296.19512700013604
2025-09-03,0,310.83045787616794,291.7051633212052,267.1419215137831,280.4089139429366,294.7563194936485
2025-09-03,1,308.0147397512667,299.43093681917213,270.28868581948205,284.2567906423944,296.48530321195744
2025-09-03,2,304.17094976892844,308.13816820477103,270.3209552085182,286.6093080874764,296.9503051523225
2025-09-03,3,309.46069968196275,310.29052703220043,271.9184814325636,288.1065187941976,297.18652191197793
2025-09-03,4,314.4044577570258,314.49189052204764,272.73491147379235,289.945790767582,298.8293766315962
2025-09-03,5,313.44207425919313,314.7120642515379,271.982956756138,290.1896824384901,297.5830444187424
2025-09-03,6,310.22805488000733,315.3155406019824,274.84991733550953,292.84165902119963,298.5494501188907
2025-09-03,7,303.1439605234928,317.708749674168,272.586657486483,292.12473568292296,295.9669691643331
2025-09-03,8,256.72102974186305,291.5534208978632,223.6035187221075,253.85714235075233,260.20789364955203
2025-09-03,9,221.2546451955406,260.3345374076605,196.73547954166708,225.86202083155342,224.40270005041816
2025-09-03,10,209.313076070814,252.99570946981305,190.55500504534035,219.80903582444398,219.47433650138404
2025-09-03,11,207.19972748949692,245.3355992152312,186.28946401823416,214.8584366060786,214.2857343220178
2025-09-03,12,201.88454853169884,229.4473202614379,180.02859811578486,206.06136274574254,202.65075446745237
2025-09-03,13,191.8838764562705,219.06298999729657,169.61594425545516,196.6324606313802,196.8443533684903
2025-09-03,14,182.952577725305,215.37504762941592,161.33822693206199,190.8321675329804,193.80672501596655
2025-09-03,15,180.11079431772708,207.3352124330894,158.75841677115042,185.9307290398249,189.37319203031137
2025-09-03,16,187.5803467082197,207.47034873428925,162.4253817897124,188.16438483822364,189.78085693032068
2025-09-03,17,200.672165247678,211.36648016276703,174.91146520749763,198.175209943482,195.65890834364188
2025-09-03,18,227.3219806878181,232.78453497459947,196.99590271873936,220.22944374573194,211.17994036604136
2025-09-03,19,278.7647234977041,277.1688189960425,248.47606300272804,265.96894200219265,269.02238581071776
2025-09-03,20,298.37495640977494,295.5576847207349,273.9288387716827,287.5304014727589,286.55626666161777
2025-09-03,21,295.5646243291592,298.4912536443149,273.7722260328288,288.35423142860327,286.44541835056907
2025-09-03,22,292.1256993432255,296.94081877092225,273.48376222131964,287.0942036236948,285.0890542478681
2025-09-03,23,286.8019109846489,296.3275814082939,271.00801223431887,284.7732694080034,283.54554975886805
2025-09-04,0,288.2046265393026,310.83045787616794,272.7361779074182,277.97728035385694,295.79421048768484
2025-09-04,1,274.0296351329041,308.0147397512667,274.9401965649773,277.99072715409096,295.1356460454641
2025-09-04,2,271.7397309097389,304.17094976892844,273.58585494251133,275.6379960745507,296.96020574357163
2025-09-04,3,266.0215772388772,309.46069968196275,275.99286467150756,278.47811358763516,298.5243361749512
2025-09-04,4,271.3108088484438,314.4044577570258,277.65210670445913,280.9304493872807,300.0537486569026
2025-09-04,5,277.1152732187681,313.44207425919313,277.7870975590324,281.0555725445251,300.2735964617782
2025-09-04,6,277.4332878846903,310.22805488000733,280.5337559956094,282.2245906046633,299.2052876432283
2025-09-04,7,278.0520634356537,303.1439605234928,278.0749265000133,277.9167617869965,298.31401005613947
2025-09-04,8,233.42314335060448,256.72102974186305,231.05316644765975,231.7073099412477,257.11317541895767
2025-09-04,9,198.2999492185296,221.2546451955406,202.52375439569553,200.71231229144726,223.07592356717984
2025-09-04,10,197.6195520953953,209.313076070814,195.19750268439182,192.53138404436058,212.89545431516947
2025-09-04,11,193.3239054998336,207.19972748949692,191.08971379260115,189.61304373085923,212.19938626042077
2025-09-04,12,185.58263065123148,201.88454853169884,184.870872595343,184.5381319624259,207.07006327851366
2025-09-04,13,182.4273808363388,191.8838764562705,174.26715701026146,174.8163102618683,201.03471011990842
2025-09-04,14,170.0250197166245,182.952577725305,165.17299426640668,166.23091466812932,192.46524200220307
2025-09-04,15,164.2007082508435,180.11079431772708,161.25255280042785,162.84767156544027,189.57447387166187
2025-09-04,16,174.97682247116606,187.5803467082197,164.94191678089928,168.31531730779534,200.45096661179466
2025-09-04,17,183.103815293925,200.672165247678,177.63899482612865,181.90627482826102,206.84283302253326
2025-09-04,18,205.8808141911224,227.3219806878181,201.44430782527735,207.32845539681983,224.77735003731937
2025-09-04,19,251.81240292239545,278.7647234977041,254.44153561161934,256.9592285578538,278.72015078852075
2025-09-04,20,271.328781512605,298.37495640977494,278.76259065590267,278.68111091580084,294.6466682069258
2025-09-04,21,269.06994570424786,295.5646243291592,278.4019597331736,277.47767539814424,295.16232200149983
2025-09-04,22,262.5426196098729,292.1256993432255,277.95164804633384,275.5053263904641,293.2463023616714
2025-09-04,23,257.4688384748318,286.8019109846489,275.75332745376767,271.7581488548959,291.67146114824175
2025-09-05,0,257.64473196258604,288.2046265393026,278.0680567968724,264.00862377394486,258.3589165694058
2025-09-05,1,260.8559099604075,274.0296351329041,278.11231711091045,258.91085616455456,257.0541129625678
2025-09-05,2,256.62012379444366,271.7397309097389,275.6308306956502,256.41309813488414,256.4174360004537
2025-09-05,3,257.4296235282717,266.0215772388772,275.58767357019184,254.32313245995684,257.06858252605855
2025-09-05,4,254.64888487040383,271.3108088484438,277.2924158621875,256.97126108034706,257.944516956395
2025-09-05,5,252.8145993123512,277.1152732187681,278.0751695747712,259.8348924930492,257.43143334159214
2025-09-05,6,259.3024293505206,277.4332878846903,280.2140652069133,261.9517210460628,260.2945866234559
2025-09-05,7,269.5829592386425,278.0520634356537,278.17691314901924,260.46458598689287,259.59315547973455
2025-09-05,8,222.4492307692308,233.42314335060448,227.32384224030463,212.92097045619585,221.43032978941162
2025-09-05,9,179.74285534432835,198.2999492185296,198.07217223553076,181.32676769420894,179.92060284555916
2025-09-05,10,173.78259653049804,197.6195520953953,193.48923466271663,178.26570411968092,180.20132466667107
2025-09-05,11,180.3519949864216,193.3239054998336,188.93851339265802,174.35989512347268,175.42759765426956
2025-09-05,12,180.3995430892245,185.58263065123148,181.80549773430064,168.26829807350077,172.7488726155914
2025-09-05,13,175.88983050847455,182.4273808363388,170.7613485937606,161.3133764439898,171.75925763483562
2025-09-05,14,165.835618626694,170.0250197166245,160.82403064196927,151.33046495605305,163.76942957295077
2025-09-05,15,153.06600724983844,164.2007082508435,155.93121439141586,146.7235056494994,162.7223082061504
2025-09-05,16,153.02559182867302,174.97682247116606,161.20473184440587,154.43270106527913,165.55418293804223
2025-09-05,17,162.35259322990885,183.103815293925,173.05779589041532,165.89666463131377,170.5102227205807
2025-09-05,18,192.448158717217,205.8808141911224,200.38130916721437,190.98362627841237,183.7533577885098
2025-09-05,19,256.68589743589746,251.81240292239545,254.72704450369594,239.18533693625653,245.22976722534347
2025-09-05,20,279.3223186782414,271.328781512605,279.0349910934242,260.98400894206475,260.2568358281802
2025-09-05,21,276.908315565032,269.06994570424786,277.91749233593174,259.4566747012754,259.5739551558166
2025-09-05,22,276.9183369223124,262.5426196098729,275.7250442250191,255.52968606043788,256.7226854343283
2025-09-05,23,279.9179600886918,257.4688384748318,272.7933753865496,251.4710660906933,255.5556104446251
2025-09-06,0,275.06154283625136,257.64473196258604,274.4358641664292,260.08914935586887,285.7724322445793
2025-09-06,1,274.10386602529843,260.8559099604075,274.75128269374966,260.98369549871757,285.31301064437423
2025-09-06,2,273.941102147925,256.62012379444366,271.98040922791694,257.71907317489496,283.11929447751675
2025-09-06,3,271.5255623721881,257.4296235282717,271.64363433322603,257.6570693685272,282.32480935663455
2025-09-06,4,278.1125112036696,254.64888487040383,272.8268919276416,257.221359940208,280.79555265246483
2025-09-06,5,275.3463404000218,252.8145993123512,274.42897882506037,257.7634159156089,279.22321828441864
2025-09-06,6,278.3618162712239,259.3024293505206,278.09659971981625,262.67191783107205,280.84400557972015
2025-09-06,7,273.0175269851448,269.5829592386425,278.903499854505,265.96387243658575,278.685169814321
2025-09-06,8,209.68799901731973,222.4492307692308,229.75426065334437,218.08936155447313,228.09523367375124
2025-09-06,9,160.02603528546925,179.74285534432835,199.38172159195923,182.82227678714546,177.6999599977523
2025-09-06,10,157.08318349055298,173.78259653049804,193.3993260722705,177.00324436230233,172.73962944158808
2025-09-06,11,158.98465171192444,180.3519949864216,190.2656039743719,177.9908290412846,171.27024780759592
2025-09-06,12,157.62692781021707,180.3995430892245,183.79477575293913,175.23245984235913,170.28576204997896
2025-09-06,13,151.8021172857797,175.88983050847455,173.17195745416967,168.16311636909973,167.44725235906014
2025-09-06,14,138.641843869594,165.835618626694,163.42753322565508,159.13859705199894,160.7972585087361
2025-09-06,15,120.90268111117835,153.06600724983844,157.94951093831904,151.33435922851328,155.26717311204135
2025-09-06,16,115.46773339974472,153.02559182867302,163.17841374542212,154.47234986623675,156.2430720147116
2025-09-06,17,127.85383364526125,162.35259322990885,174.18451027115,165.63340383345493,158.87164608044844
2025-09-06,18,167.44089357741234,192.448158717217,202.0746489688559,194.0065903121317,187.63790379026716
2025-09-06,19,242.1310362660805,256.68589743589746,257.9060087554875,250.22819016288443,258.46762364207973
2025-09-06,20,269.3691887594622,279.3223186782414,281.8068710477508,273.164985332875,278.7092688646667
2025-09-06,21,267.0352448360537,276.908315565032,280.3151076609828,271.4105926367019,279.38412143248604
2025-09-06,22,264.70028398188657,276.9183369223124,278.5006497387686,269.8893596690034,278.4837509847587
2025-09-06,23,261.7655633682044,279.9179600886918,276.5742407387208,269.05906625682894,277.8282968098504
2025-09-07,0,258.0992887351019,275.06154283625136,278.65655477107697,255.52234498209936,261.34301976891857
2025-09-07,1,265.1576966120664,274.10386602529843,278.48227831425663,254.9816924907044,261.40084042730393
2025-09-07,2,265.9583030574032,273.941102147925,276.09013500482547,253.29545244651086,259.6488379610897
2025-09-07,3,258.90245327102804,271.5255623721881,275.05539121994667,251.9014619102068,258.680965012962
2025-09-07,4,258.8996802799059,278.1125112036696,276.8627792683314,254.98118469253316,259.62094820693784
2025-09-07,5,263.17190388170053,275.3463404000218,277.64808054408064,254.71511805680444,258.7760587766131
2025-09-07,6,265.67753215936057,278.3618162712239,280.8104400279622,258.299734617557,262.62982530629006
2025-09-07,7,258.2512434793158,273.0175269851448,281.27685163028394,256.14369533081816,260.34982003013437
2025-09-07,8,188.9007571660357,209.68799901731973,231.56345835638928,201.58209228512487,214.87497842173525
2025-09-07,9,154.35844357473235,160.02603528546925,196.81415119493573,161.4696087668788,165.11748140154168
2025-09-07,10,157.69305599267545,157.08318349055298,191.11392745939142,157.12175540628627,159.84322948541836
2025-09-07,11,156.87334840766067,158.98465171192444,189.1462508206274,157.08681431693736,157.59352065089172
2025-09-07,12,147.13771954279343,157.62692781021707,183.78277806669234,154.45462857729427,152.2657838944946
2025-09-07,13,134.54146385164393,151.8021172857797,174.45344921520385,147.64315810834103,146.56536810858137
2025-09-07,14,117.43048521483418,138.641843869594,164.42686919885418,137.04441087443342,139.78331796892965
2025-09-07,15,113.0414445062314,120.90268111117835,157.17989584706555,126.26360612092323,133.96325043996922
2025-09-07,16,106.3042226812502,115.46773339974472,161.16594691226697,126.25148952279521,133.6309453466909
2025-09-07,17,125.42696298235852,127.85383364526125,171.92001225121336,138.22028453952237,138.3377100900077
2025-09-07,18,170.20946494349752,167.44089357741234,200.94768869455694,171.17010248430512,166.25699262233618
2025-09-07,19,242.89068564036225,242.1310362660805,258.22714171436473,232.97254231090898,241.5816077693976
2025-09-07,20,267.7502792516057,269.3691887594622,282.6197675942352,257.9826106321168,264.3799148915272
2025-09-07,21,264.29292019455954,267.0352448360537,281.39530025712213,256.3400103644835,263.3905373294868
2025-09-07,22,261.67650392838993,264.70028398188657,279.2551060042078,253.9032556847524,260.0354904908474
2025-09-07,23,253.67196240769744,261.7655633682044,276.81239152919204,250.90046816455515,256.9254066459359
2025-09-08,0,249.9438600040461,258.0992887351019,277.6159242545113,260.9882456397399,262.3043834707873
2025-09-08,1,249.4355761372923,265.1576966120664,277.7344193161193,263.35890620427256,264.1987869276734
2025-09-08,2,248.72129696231949,265.9583030574032,276.1246571563098,262.5590833307881,264.25278443806167
2025-09-08,3,253.5590048436812,258.90245327102804,275.11005122714425,259.466028525226,263.0520716921953
2025-09-08,4,252.9986782685318,258.8996802799059,277.78570097485664,260.7697033463799,263.48812972627127
2025-09-08,5,248.7554310541962,263.17190388170053,278.9149254033229,263.0990384409339,266.6058880840061
2025-09-08,6,250.13641488162344,265.67753215936057,281.45237274328684,266.1017781001187,269.7548296440797
2025-09-08,7,256.11044776119405,258.2512434793158,281.12200582256474,262.4765940533177,270.3680426812263
2025-09-08,8,196.49091288907456,188.9007571660357,229.48652514037505,203.86711297076528,221.3628978170928
2025-09-08,9,162.30549564055048,154.35844357473235,193.51700043202095,168.48455337769005,190.41754338404357
2025-09-08,10,163.5548485267672,157.69305599267545,189.16985586115487,167.43943500734736,190.41572643805455
2025-09-08,11,161.63887231890448,156.87334840766067,187.2532902792332,166.30645027454483,188.49458272851743
2025-09-08,12,157.4537084662072,147.13771954279343,181.5156142755662,160.1430138114127,183.10429537247532
2025-09-08,13,149.2108378271735,134.54146385164393,172.98580674995148,150.90334679321157,169.27154585148014
2025-09-08,14,135.57983147146817,117.43048521483418,162.0428525172235,138.21816006396702,153.6564083634052
2025-09-08,15,123.9371240494836,113.0414445062314,154.43691521764904,132.28996882117676,149.59002398080827
2025-09-08,16,116.96713723675076,106.3042226812502,156.43826842150227,130.72641878645126,147.31565780660992
2025-09-08,17,123.2393695938191,125.42696298235852,168.61220490737182,146.3582610287064,152.67507526256708
2025-09-08,18,160.98110465116278,170.20946494349752,200.66588722863145,183.0669892923359,203.05438642947587
2025-09-08,19,235.3473072651155,242.89068564036225,259.08808031186993,245.04785657263977,259.739306741702
2025-09-08,20,258.51126436781607,267.7502792516057,282.46394457673676,268.58729932448824,277.2762900610059
2025-09-08,21,257.6505573791803,264.29292019455954,280.6645759037973,266.27680004898144,276.58723966545796
2025-09-08,22,254.50338519158743,261.67650392838993,278.09892411902587,263.54899519771885,274.92801287387624
2025-09-08,23,247.1947828931229,253.67196240769744,275.0125437254755,258.3709374067514,268.016352721091
2025-09-09,0,252.5992081760427,249.9438600040461,275.92709589638014,250.67692160151913,252.992760960097
2025-09-09,1,246.94331197825665,249.4355761372923,275.86119434834393,250.3684699035568,254.09523886099538
2025-09-09,2,236.69817366228773,248.72129696231949,275.6128106922185,249.51602818213874,255.0179620480961
2025-09-09,3,239.9742765273312,253.5590048436812,275.3127782811728,250.84364842645715,255.85242107123443
2025-09-09,4,235.091725742735,252.9986782685318,277.8381302500041,251.75443721815165,256.47397741151207
2025-09-09,5,228.62248248686515,248.7554310541962,277.90824091110983,250.67242708188104,258.5866048653594
2025-09-09,6,230.89713233359643,250.13641488162344,279.4935822899155,252.83000112668566,262.53288271547723
2025-09-09,7,241.1863748847591,256.11044776119405,279.40956444251594,254.02143923170536,266.6642220047897
2025-09-09,8,181.80640363237828,196.49091288907456,228.4609276902845,199.23692814164366,224.54698730137548
2025-09-09,9,156.03139832055496,162.30549564055048,190.90313738097302,163.66069808286133,191.08535047323136
2025-09-09,10,148.71190354716575,163.5548485267672,187.43457459664515,162.26820693787192,188.82607995985717
2025-09-09,11,156.71992554099123,161.63887231890448,186.24401423278184,161.08485350475055,185.92284875776906
2025-09-09,12,152.63156555374593,157.4537084662072,179.93319976468723,156.88472299588827,184.79564058289264
2025-09-09,13,147.8123397271515,149.2108378271735,172.1169281089968,149.60157508378265,170.77967842985484
2025-09-09,14,132.5364336893335,135.57983147146817,160.83434632199084,138.0804259549999,157.4835442083082
2025-09-09,15,120.93789643639718,123.9371240494836,151.79913884548455,129.10975661926742,145.5608865306882
2025-09-09,16,116.06092966687432,116.96713723675076,151.68460043715623,126.47631844725004,144.74709731062512
2025-09-09,17,116.16775728732895,123.2393695938191,162.00217430795968,136.3810743433395,147.2891371038062
2025-09-09,18,135.77545106104515,160.98110465116278,193.8667073918328,170.26046665321257,188.20672065839221
2025-09-09,19,213.34621663945623,235.3473072651155,254.97155314622822,234.22727906734474,253.07862409598877
2025-09-09,20,241.7990493248829,258.51126436781607,277.1734962428915,256.66798778806117,271.2202737242496
2025-09-09,21,241.36786611470828,257.6505573791803,275.5732659503639,255.30259684960373,271.44765213669484
2025-09-09,22,242.2505220763723,254.50338519158743,272.7725211068853,252.27739580009364,266.39943746815015
2025-09-09,23,236.66147237196765,247.1947828931229,269.02122851792734,246.91275422281672,262.2796634100299
2025-09-10,0,235.6655193549908,252.5992081760427,270.3405308756427,249.46115781022363,239.94558441843625
2025-09-10,1,235.8521221816728,246.94331197825665,268.3629622282132,246.4764836475314,240.16707380474043
2025-09-10,2,228.71187172704205,236.69817366228773,265.40709718614954,241.15378838884163,238.60569516124758
2025-09-10,3,229.2905630981527,239.9742765273312,265.26759963762004,242.20872208244668,240.31190568239413
2025-09-10,4,229.8334177500141,235.091725742735,266.49524956724514,240.92313298744023,240.3354111773932
2025-09-10,5,218.4533393808822,228.62248248686515,265.6097292304423,238.4425019771755,242.5872302279112
2025-09-10,6,216.52532892984607,230.89713233359643,267.43380968014606,241.02104683466325,246.78465643310736
2025-09-10,7,220.26168136168607,241.1863748847591,268.4777966154575,244.73483133809992,251.60962854222413
2025-09-10,8,170.0624434778864,181.80640363237828,212.78278236664383,188.78074300027683,206.82660465957585
2025-09-10,9,141.22584984103693,156.03139832055496,176.00268893995795,156.81191609288928,178.08002011686793
2025-09-10,10,138.85401178478992,148.71190354716575,172.53688803626693,151.8995997081636,169.8272539840361
2025-09-10,11,142.0711630377058,156.71992554099123,173.58463227931898,155.34901765766983,176.8336453931983
2025-09-10,12,139.07577633207785,152.63156555374593,168.95952052073122,151.64566762376114,173.2123348263544
2025-09-10,13,139.2707814180416,147.8123397271515,161.93826378469035,146.09235146069963,163.16068256263955
2025-09-10,14,129.4651714470563,132.5364336893335,149.00025861626477,133.44682393931654,148.0667866080956
2025-09-10,15,120.36878881987576,120.93789643639718,139.45666513167137,123.9432277691086,136.66608808073468
2025-09-10,16,109.93164490403996,116.06092966687432,138.62611199895412,121.61871440031527,132.32945540568238
2025-09-10,17,107.75468100403238,116.16775728732895,148.40235675432567,128.477913859407,134.5656482655919
2025-09-10,18,131.90823138703448,135.77545106104515,180.00826683275363,155.1000269135793,165.01915602909645
2025-09-10,19,214.1543058371572,213.34621663945623,245.8540385238588,222.76408197204566,236.09015008819563
2025-09-10,20,236.1392452547078,241.7990493248829,269.49369118634115,247.69579399019995,256.7660682539745
2025-09-10,21,233.14214079074253,241.36786611470828,267.412782017563,246.4499263776483,254.6524235106494
2025-09-10,22,229.9987582781457,242.2505220763723,264.9596215790924,245.03519267806786,253.21196608072088
2025-09-10,23,219.10783179012347,236.66147237196765,260.497498655595,239.99578673705287,249.3763671353973
2025-09-11,0,208.607246845681,235.6655193549908,259.6026825154745,233.82123926919562,221.65507795458453
2025-09-11,1,211.0379320033717,235.8521221816728,258.05401686112833,233.16327622579408,220.714414179576
2025-09-11,2,215.48912071535025,228.71187172704205,254.62722889445143,228.51345536666642,220.53464475209194
2025-09-11,3,226.49550315994165,229.2905630981527,253.81472298279002,228.57647210726967,221.17259915963
2025-09-11,4,231.08939213349225,229.8334177500141,254.4136724233863,228.84111715954057,222.02491211631047
2025-09-11,5,224.150777169467,218.4533393808822,252.03990996211218,223.6813831856567,223.61359872975657
2025-09-11,6,226.59212616959925,216.52532892984607,254.04770597298017,224.70950009490588,227.18234854654688
2025-09-11,7,230.0648481729285,220.26168136168607,256.6374710209137,226.75012334433046,230.4422006312947
2025-09-11,8,160.03655964377782,170.0624434778864,200.4029843289329,173.8441375390405,182.7490743830198
2025-09-11,9,119.97590782122904,141.22584984103693,164.57000388931456,140.9154293976503,153.52729435782464
2025-09-11,10,128.03260138234754,138.85401178478992,162.4713074239778,138.2030700497481,150.44954365746167
2025-09-11,11,129.590695727569,142.0711630377058,164.28055164334884,140.53360594470203,153.34086118230795
2025-09-11,12,136.42921632358252,139.07577633207785,159.9868387779282,137.59044348479944,148.59705719108138
2025-09-11,13,137.36702127659575,139.2707814180416,154.42210735065765,134.75005372103004,144.72947198576495
2025-09-11,14,127.11515079623972,129.4651714470563,141.35920057651495,123.99122569284668,135.56022457517187
2025-09-11,15,120.89370491398977,120.36878881987576,130.92209291769262,115.30261715201348,125.13546499887455
2025-09-11,16,117.67751707935332,109.93164490403996,127.53344031264271,109.60820897052925,119.09943901499656
2025-09-11,17,115.35469253597984,107.75468100403238,135.12843043380485,114.24727913687101,115.28105968556373
2025-09-11,18,124.6776160080327,131.90823138703448,166.37773121835593,142.18570996126834,146.31601563886372
2025-09-11,19,197.1392385630949,214.1543058371572,236.62397885806635,213.96465170059807,223.6432196750512
2025-09-11,20,219.8800931315483,236.1392452547078,260.60287530704585,236.4951245266607,242.59705515856484
2025-09-11,21,218.1209287455541,233.14214079074253,258.49528436921776,234.32112519007543,239.75429778955555
2025-09-11,22,215.33234358430545,229.9987582781457,256.08434428408106,231.56968440562173,239.0174904559225
2025-09-11,23,200.1028314520757,219.10783179012347,250.8269159135199,224.27035821570811,234.71779201430894
2025-09-12,0,183.95568589116976,208.607246845681,248.23162827352854,214.50833249699866,196.02778778460558
2025-09-12,1,191.53372531617484,211.0379320033717,249.05520212833795,215.5165956917151,195.64433898308556
2025-09-12,2,188.22671290206864,215.48912071535025,246.5914274381102,215.5571653621268,195.46440731773754
2025-09-12,3,178.15553591718216,226.49550315994165,248.1681409715135,220.35046067275778,197.0230235566052
2025-09-12,4,183.87282874521853,231.08939213349225,248.66775574982177,222.2209922387901,197.8942074305749
2025-09-12,5,184.8580381122906,224.150777169467,244.4735533836406,217.80216277738202,198.70724831125816
2025-09-12,6,193.8002345823816,226.59212616959925,246.78468287082433,220.35565731889443,204.5158989096824
2025-09-12,7,210.30783633459995,230.0648481729285,249.78215455481012,222.27249527720917,208.3567295551949
2025-09-12,8,162.8433622102552,160.03655964377782,189.91918665652906,160.9298900088855,160.85068020736279
2025-09-12,9,131.13043188038182,119.97590782122904,153.38085511827163,123.06632399822763,130.97180755827551
2025-09-12,10,129.41494473810667,128.03260138234754,152.53031446497099,124.94563681843798,133.5439842399689
2025-09-12,11,132.5403282764076,129.590695727569,155.17580739016816,126.34783147014687,135.40627084781445
2025-09-12,12,136.65643919677834,136.42921632358252,152.96492244540693,127.8755719360036,137.51506494556676
2025-09-12,13,133.5364893736647,137.36702127659575,147.98491312783722,125.62817017654777,135.82494207841452
2025-09-12,14,127.74493892542922,127.11515079623972,135.22921930217427,115.00307892588657,125.83914804274625
2025-09-12,15,112.35566717493349,120.89370491398977,124.73537815528493,107.72105951854579,120.83195215655473
2025-09-12,16,99.03522641032129,117.67751707935332,119.34782525666948,104.14882908909499,113.70240144940212
2025-09-12,17,97.84265359774106,115.35469253597984,125.44998432552698,108.2097808915286,111.66739951564458
2025-09-12,18,116.805506901142,124.6776160080327,154.77727433505743,129.52399900233956,128.09007226841106
2025-09-12,19,197.958525178552,197.1392385630949,228.8135268067377,199.45390113932254,201.67026820940117
2025-09-12,20,217.2008320726173,219.8800931315483,253.2530626811806,222.4719090679103,219.2284404468836
2025-09-12,21,215.6448562783661,218.1209287455541,251.21685337511866,220.71267847114348,218.89285549294414
2025-09-12,22,215.4994746625717,215.33234358430545,249.34001913757137,218.223160939599,218.2564433738666
2025-09-12,23,205.20635662537973,200.1028314520757,242.6317720531262,208.44272376780756,212.77556911350595
2025-09-13,0,196.2160793843661,183.95568589116976,237.70462169189767,202.1205368914969,215.94479153083083
2025-09-13,1,191.22088437877912,191.53372531617484,239.1520328934476,205.41767040097758,213.97001074274945
2025-09-13,2,194.7286733238231,188.22671290206864,236.8209401677709,202.91927936429778,213.33039301793957
2025-09-13,3,197.10933720367683,178.15553591718216,236.8432713127864,199.57527976838378,215.00584032696585
2025-09-13,4,200.3718906996692,183.87282874521853,238.556890589081,202.46632426928213,215.24965888972457
2025-09-13,5,202.67383377341883,184.8580381122906,234.76547321220337,201.21560393921254,217.07670722733127
2025-09-13,6,205.8451423464828,193.8002345823816,237.4272264753759,206.41852287486984,220.32084983021383
2025-09-13,7,211.5957642161964,210.30783633459995,241.3142798542326,213.71200497643179,221.966716031325
2025-09-13,8,155.17795291401035,162.8433622102552,181.4040625766754,160.38582122487395,173.0879335217192
2025-09-13,9,120.25385376891528,131.13043188038182,146.4362231948507,126.40589147801094,140.0161785030483
2025-09-13,10,125.31453291699194,129.41494473810667,146.19207849462936,125.0309432403017,138.64243006592108
2025-09-13,11,136.19040511090546,132.5403282764076,148.3455692887376,127.19325410709213,142.7072066036636
2025-09-13,12,138.71807594641135,136.65643919677834,146.71590760362892,128.49212617452673,143.70784617710828
2025-09-13,13,133.15297122323523,133.5364893736647,141.93443582286437,124.74205707826914,139.47918079427214
2025-09-13,14,127.19042285921846,127.74493892542922,129.787693630565,116.18480451741546,128.7332431103661
2025-09-13,15,107.32258801265948,112.35566717493349,118.91961528744136,105.03326213548903,118.39985744518323
2025-09-13,16,93.06077651255316,99.03522641032129,111.63491591119065,96.76552910589602,110.58784727496456
2025-09-13,17,94.345939462358,97.84265359774106,116.23427866378873,100.31072599525547,111.50600647506718
2025-09-13,18,132.24595323741008,116.805506901142,143.97118121847527,124.36071906316363,124.92661967084126
2025-09-13,19,203.4675721831685,197.958525178552,220.4239021985455,198.20680557577617,210.13953914679362
2025-09-13,20,215.68649181135328,217.2008320726173,244.3785645946629,219.6010760005915,233.7844200671255
2025-09-13,21,212.8579841830725,215.6448562783661,242.46493061988062,217.95758546845104,231.80225871807886
2025-09-13,22,210.6347225317584,215.4994746625717,240.56589595760846,216.40123946186773,231.55000877110695
2025-09-13,23,203.6271152796388,205.20635662537973,231.9586858440816,207.56959581285633,224.73196068206283
2025-09-14,0,198.6086390275668,196.2160793843661,226.44098405591404,204.42371370032703,200.82924750137732
2025-09-14,1,198.7889035364246,191.22088437877912,227.3116069439448,202.94035988331393,202.19533144822753
2025-09-14,2,187.05770570722743,194.7286733238231,225.50487890718492,203.05261073621725,199.16529331685555
2025-09-14,3,192.125,197.10933720367683,226.21238200299914,204.1543542730238,199.3803277283941
2025-09-14,4,193.683140553803,200.3718906996692,227.4510876599381,206.1360515579658,200.27695382195404
2025-09-14,5,181.954720331459,202.67383377341883,224.3836865512601,205.7795269892399,201.61466788973937
2025-09-14,6,195.128242389014,205.8451423464828,227.06770162898434,209.12819401505072,205.12684009542502
2025-09-14,7,202.97687456201825,211.5957642161964,232.53974231581142,213.52542818819586,209.08731658922923
2025-09-14,8,158.1870250027536,155.17795291401035,173.61691313334546,157.13142764930524,158.3938466142019
2025-09-14,9,137.95362680973028,120.25385376891528,140.75448297820012,122.57378911509184,124.66062988493012
2025-09-14,10,138.43501503508185,125.31453291699194,141.6536998412635,124.18454457417886,129.27918726432063
2025-09-14,11,143.4177952080397,136.19040511090546,145.0892483457349,129.8131267396803,137.3550689363915
2025-09-14,12,143.80477597242736,138.71807594641135,144.01464305165663,130.73535455820567,136.69320814367214
2025-09-14,13,135.14561834561837,133.15297122323523,139.27027209964373,126.16156837704732,133.87738170441258
2025-09-14,14,124.53390119250426,127.19042285921846,128.1517763433685,118.23739433505654,120.54028605503514
2025-09-14,15,102.56051202482544,107.32258801265948,116.97960198765296,104.84430786051263,108.43372328673219
2025-09-14,16,90.76514548006524,93.06077651255316,108.43392207016328,95.31443385932025,96.53886596422169
2025-09-14,17,94.61980807266868,94.345939462358,111.44743663765969,99.07183569974154,97.3610867014893
2025-09-14,18,129.39917231000751,132.24595323741008,138.94333259847494,130.12943131661257,130.30746952019018
2025-09-14,19,218.93253764375768,203.4675721831685,214.90055018670094,200.89668044910334,199.57145070797642
2025-09-14,20,237.4242178635111,215.68649181135328,236.70960788779016,218.83662031962052,222.36029584497464
2025-09-14,21,234.8821218074656,212.8579841830725,234.72532195516905,216.813134156743,221.6403426862273
2025-09-14,22,231.08889600585624,210.6347225317584,232.84224432187585,214.60621450590116,220.25584866099487
2025-09-14,23,228.4592637911696,203.6271152796388,223.65319326000082,206.79499277954292,210.57261353626484
2025-09-15,0,219.5261232422545,198.6086390275668,217.94231981198047,230.6889889829127,232.86256596542353
2025-09-15,1,238.28166085733503,198.7889035364246,217.8303507902817,230.5985118742321,233.314772227135
2025-09-15,2,241.03643776277232,187.05770570722743,214.23336500001696,224.61391066019806,232.77462913786576
2025-09-15,3,252.63359249660616,192.125,216.6727458214237,227.40823077439873,234.16838128902552
2025-09-15,4,254.65394402035625,193.683140553803,218.1344391276377,228.8803105589427,235.39665937442896
2025-09-15,5,263.83409447208777,181.954720331459,212.78123175836842,222.6916703296962,234.82251462791652
2025-09-15,6,277.5985641275249,195.128242389014,216.98923166179193,230.24399961043372,237.3529687624207
2025-09-15,7,279.6726616796647,202.97687456201825,224.64340389905462,236.01249768402755,239.77016845607807
2025-09-15,8,209.86083309503385,158.1870250027536,169.22923711001945,184.6327981117986,187.02709750181467
2025-09-15,9,170.66505721277863,137.95362680973028,138.41093772605697,157.13875452401436,157.35772402355568
2025-09-15,10,170.74574531771145,138.43501503508185,138.90255113303584,156.9516576498444,157.6247362085064
2025-09-15,11,169.65239825783004,143.4177952080397,143.16702646007477,160.95061316632427,162.1566375692475
2025-09-15,12,165.50505191860952,143.80477597242736,143.53850825589006,161.66321751369512,164.32298749647927
2025-09-15,13,157.6258768068611,135.14561834561837,139.35657988449722,156.16438498223494,155.93516313040885
2025-09-15,14,148.9581916012122,124.53390119250426,129.16655005446424,147.01213979321466,145.04561450724722
2025-09-15,15,144.5798969072165,102.56051202482544,115.48232591888068,131.22243853923982,134.04418087061146
2025-09-15,16,147.07032380462394,90.76514548006524,106.21405389856544,122.26639119843807,117.12828725860794
2025-09-15,17,159.28104777533517,94.61980807266868,107.046414507704,126.39882203897156,119.51083897844084
2025-09-15,18,195.7838611662966,129.39917231000751,133.11329079369065,156.2473823831762,153.0612269708625
2025-09-15,19,265.59958575736346,218.93253764375768,211.47795761575745,234.42012324985635,230.75626881627792
2025-09-15,20,281.7037640540981,237.4242178635111,232.37731340377667,253.89362544682953,245.89134532346887
2025-09-15,21,276.7900892795349,234.8821218074656,230.52377932844135,251.9094220178613,245.30508792328564
2025-09-15,22,274.66549564686113,231.08889600585624,228.47258604722816,249.0661813643908,242.20736006887262
2025-09-15,23,280.95159305926774,228.4592637911696,220.05137917192542,243.14003351035916,239.82895217271465
2025-09-16,0,287.48107752338865,219.5261232422545,213.59692884601026,251.7651975767705,283.2448560360647
2025-09-16,1,295.3178041694276,238.28166085733503,216.2369343217164,259.42702065348834,284.1103115966516
2025-09-16,2,298.1438602133248,241.03643776277232,213.13552797151024,258.5979401431879,284.4739690208756
2025-09-16,3,301.52466367713004,252.63359249660616,216.5405440575558,264.04610177805034,285.97931289308985
2025-09-16,4,302.6232508073197,254.65394402035625,218.3709056636126,265.83958951280266,285.95461794822745
2025-09-16,5,299.4578834940246,263.83409447208777,214.93532653235295,267.4527323646753,285.7952878681721
2025-09-16,6,302.3877095611375,277.5985641275249,220.91239583977787,275.91778671924055,288.3134994429134
2025-09-16,7,301.51348291477973,279.6726616796647,228.00943445883613,279.49080403960374,288.7572406816432
2025-09-16,8,243.3923494443009,209.86083309503385,171.1392257108708,219.91510115088735,233.7875833521261
2025-09-16,9,189.1615747074024,170.66505721277863,139.60516080780386,185.34812299164557,182.43324213519423
2025-09-16,10,180.28058877644887,170.74574531771145,139.92982210317072,185.23696982169292,182.01063628234203
2025-09-16,11,168.96687209020695,169.65239825783004,144.31181587992126,186.99731482799834,182.36508671364373
2025-09-16,12,169.65092290988056,165.50505191860952,144.68870017766181,186.05498228660107,181.63305028463412
2025-09-16,13,162.99743903796906,157.6258768068611,140.5587283101669,180.65665834381326,171.34205650751773
2025-09-16,14,164.48513093652906,148.9581916012122,131.07774435871337,172.35670449346324,165.2549762825276
2025-09-16,15,167.11060704255777,144.5798969072165,118.43129346998538,163.85511004657286,157.41936429537043
2025-09-16,16,171.31018258614696,147.07032380462394,110.51450912254732,161.0654139950046,163.53930047360694
2025-09-16,17,170.12208082404555,159.28104777533517,112.19522567649202,168.60195401003256,168.19883875680668
2025-09-16,18,209.18029109060825,195.7838611662966,138.0851131529955,199.14616922185655,207.5163071794455
2025-09-16,19,274.7304479878512,265.59958575736346,215.79971168607858,268.7058127944331,280.9512144173025
2025-09-16,20,286.464128621265,281.7037640540981,235.69052764467412,286.59804512704085,290.98329297850853
2025-09-16,21,282.45548680388936,276.7900892795349,233.25799817134913,283.58882706329985,287.7694798592323
2025-09-16,22,282.66326047235566,274.66549564686113,231.3528875408387,281.3729925158918,286.0606565588189
2025-09-16,23,285.231811011504,280.95159305926774,224.8737806242318,279.22816879471225,284.73867133879924
2025-09-17,0,288.4530900181642,287.48107752338865,218.58005303848822,269.7414487106224,285.6898847138517
2025-09-17,1,282.4015619915392,295.3178041694276,223.14757606331224,274.5701221904572,285.9533986530993
2025-09-17,2,278.46539367513657,298.1438602133248,221.91348319308693,274.6414627185307,286.9230859432043
2025-09-17,3,279.76602714085163,301.52466367713004,225.33345650752707,277.4422949823384,286.7357749980912
2025-09-17,4,282.55696202531647,302.6232508073197,228.0182663871247,279.24101245048024,287.1267540892017
2025-09-17,5,285.40355103964805,299.4578834940246,225.05466953337572,277.1765781897631,287.9008028303271
2025-09-17,6,283.0311209033324,302.3877095611375,231.12533544371232,282.1336325862129,288.6190820713293
2025-09-17,7,286.84968314321924,301.51348291477973,236.62759274883908,284.0755670534253,287.02808023525455
2025-09-17,8,245.4583081831508,243.3923494443009,179.93721796971687,229.26957040946556,245.07673139555902
2025-09-17,9,197.2832869941304,189.1615747074024,144.33804314878205,187.2102523454853,189.8226752714684
2025-09-17,10,188.21469450046328,180.28058877644887,144.43963427878262,183.52390735541215,177.92463567671598
2025-09-17,11,188.3087118235633,168.96687209020695,146.06137967266636,180.1323594734228,170.66042146202977
2025-09-17,12,187.77745634336208,169.65092290988056,147.12003694282393,181.231937117034,172.84195558034722
2025-09-17,13,188.95527584359937,162.99743903796906,142.72802821171226,176.2748074600307,165.3493575975886
2025-09-17,14,191.5801604917193,164.48513093652906,135.6418439654556,172.82779056423948,164.18625480728508
2025-09-17,15,202.9155902673476,167.11060704255777,125.02739498515118,168.12013449128978,164.5925681772603
2025-09-17,16,209.78630153548545,171.31018258614696,118.40725953958625,166.93100061492288,172.85902818272365
2025-09-17,17,213.3315171328248,170.12208082404555,119.90298618173723,169.5545861976417,175.26737730776134
2025-09-17,18,234.37933881770084,209.18029109060825,148.57151887150454,201.8558908921374,212.7253714477477
2025-09-17,19,259.7563349766069,274.7304479878512,224.56888759299213,268.5302556719999,274.81463274734807
2025-09-17,20,261.1529489075078,286.464128621265,242.071253258443,283.71713886422185,278.62212152597624
2025-09-17,21,255.85746488642275,282.45548680388936,239.12765826980356,280.7367804476734,277.44440273449953
2025-09-17,22,261.53105317123186,282.66326047235566,237.12613588312206,279.2376163468769,275.81577171783096
2025-09-17,23,261.7176461143224,285.231811011504,231.8124004298799,276.54897186578154,276.8971711341311
2025-09-18,0,261.37615911839805,288.4530900181642,226.12113456179873,258.97469227812616,265.830564596507
2025-09-18,1,255.5966289982762,282.4015619915392,229.79749603615028,258.5515526287282,266.1181763375508
2025-09-18,2,264.9178136449153,278.46539367513657,229.02112918567187,256.4256408638462,266.52203553681073
2025-09-18,3,277.616776906117,279.76602714085163,232.5442370850555,258.383919566398,267.28861677079595
2025-09-18,4,285.3768950398817,282.55696202531647,235.55020128359646,260.8669898324438,268.06301111239463
2025-09-18,5,286.9990187527257,285.40355103964805,234.61898548462796,261.63979333924044,268.91146196494714
2025-09-18,6,281.7213290460879,283.0311209033324,240.62616286849607,264.6550608567884,269.550271638445
2025-09-18,7,279.6157689617268,286.84968314321924,246.14016443191525,268.2585305390688,267.8665302879689
2025-09-18,8,273.052239822085,245.4583081831508,190.70805578475466,220.8970436331173,218.21591691845555
2025-09-18,9,262.7463581833762,197.2832869941304,152.34624845636685,179.59355916880497,174.6499509758562
2025-09-18,10,242.11056268509373,188.21469450046328,151.49116038102167,174.94354862623885,176.21161272142655
2025-09-18,11,233.8817800928547,188.3087118235633,152.66674378493173,175.5314535297203,169.99658305792354
2025-09-18,12,226.67165842446192,187.77745634336208,154.07741980157883,176.2661095836434,169.70177479684247
2025-09-18,13,220.71336411788675,188.95527584359937,149.82581312964908,174.34806990095615,168.03884281549534
2025-09-18,14,214.9589059782424,191.5801604917193,144.5154138289789,172.60726661857476,168.48810926897792
2025-09-18,15,228.1232326239024,202.9155902673476,136.81979519193285,173.22001066181798,170.3849437985258
2025-09-18,16,226.80252441561188,209.78630153548545,132.67221048693563,175.14122603330617,173.204120825217
2025-09-18,17,249.12380535492807,213.3315171328248,134.9853913429933,180.21028638961283,176.22330705364482
2025-09-18,18,256.3728204744444,234.37933881770084,163.21024850445684,205.4986961679496,206.92862117613203
2025-09-18,19,269.3530463903794,259.7563349766069,231.0834631843421,252.11520725559717,259.05991534811415
2025-09-18,20,269.63454636668854,261.1529489075078,245.64463949455725,261.62576103403046,265.14453900422427
2025-09-18,21,274.3673139158576,255.85746488642275,242.37270456918645,258.08434814114594,261.7152102126114
2025-09-18,22,282.1177439632375,261.53105317123186,241.63074943927722,259.05761778950415,263.7647055363985
2025-09-18,23,284.1713062098501,261.7176461143224,237.89951676190827,256.2876003777795,262.6739063710464
2025-09-19,0,287.2106371774618,261.37615911839805,233.6595506007583,267.70674483543775,284.60465648383234
2025-09-19,1,287.24298559202686,255.5966289982762,236.16302417827953,266.583952964012,281.7351743117104
2025-09-19,2,295.7106911205547,264.9178136449153,236.08237103275263,269.28760472275457,282.0322572935292
2025-09-19,3,289.565442317641,277.616776906117,239.847276191652,275.4281280353641,288.159429338045
2025-09-19,4,290.6517217471689,285.3768950398817,243.30555884165213,279.8211821402895,288.984301299402
2025-09-19,5,293.2867510346068,286.9990187527257,243.5973057108078,280.7565002098919,288.6179504196199
2025-09-19,6,288.5356695869837,281.7213290460879,248.501763279423,282.18722624496445,289.19018207337535
2025-09-19,7,284.62788396437685,279.6157689617268,253.21886740174358,283.49827469524627,288.4368865725635
2025-09-19,8,259.1808739956888,273.052239822085,206.85315295308425,255.45236079453534,263.36675442068855
2025-09-19,9,209.4181753480717,262.7463581833762,172.74202707953071,231.6950800241055,232.42519559004094
2025-09-19,10,187.30233611352227,242.11056268509373,167.7880119956997,220.31608184327698,203.39233241205514
2025-09-19,11,177.80253934664728,233.8817800928547,167.56547012282968,217.04724158080012,197.83884804080375
2025-09-19,12,171.35979650158592,226.67165842446192,166.9691972445616,213.94484578859903,190.03309796268394
2025-09-19,13,169.541150990099,220.71336411788675,161.7324335355478,208.62547457860308,187.74290240467528
2025-09-19,14,165.07492445247516,214.9589059782424,157.06452171212212,203.6320350412,183.2134673443217
2025-09-19,15,161.37273839417938,228.1232326239024,152.1382991504918,206.22064751768292,189.19856075202597
2025-09-19,16,161.35994521084044,226.80252441561188,148.26149724925827,204.53162891697235,187.48292072213962
2025-09-19,17,167.18753022341147,249.12380535492807,154.09526460284306,218.5639309991269,211.09971574832926
2025-09-19,18,192.9523419363649,256.3728204744444,182.02384914251567,238.051514254428,239.26957911362967
2025-09-19,19,256.4615550213484,269.3530463903794,241.39972144538274,274.8177221362179,260.4446655707408
2025-09-19,20,270.1434923956504,269.63454636668854,252.75241852814875,282.01544225160274,263.9906691170675
2025-09-19,21,268.0663351215883,274.3673139158576,250.4079024506584,282.29255092524033,265.27185144473907
2025-09-19,22,268.5954713606244,282.1177439632375,251.1715209219818,284.68861843872384,270.66138530773486
2025-09-19,23,268.5239085239085,284.1713062098501,249.90929887016176,283.7489290018994,270.7023601517733
2025-09-20,0,270.92199257072105,287.2106371774618,248.41025792737145,253.7776240840446,271.388948905205
2025-09-20,1,271.305264240181,287.24298559202686,249.83577564625836,254.2254453102964,271.8479557233521
2025-09-20,2,269.7289756875249,295.7106911205547,251.4372250639649,257.51283120780636,273.5659091210417
2025-09-20,3,258.81331127513363,289.565442317641,255.76297710600323,257.6560180796252,275.9029917168235
2025-09-20,4,255.30572377417465,290.6517217471689,258.5596864133593,259.48487383574303,276.66186833832944
2025-09-20,5,246.61358811040336,293.2867510346068,259.0871218425672,260.819331773613,276.48595200456856
2025-09-20,6,254.0890013989741,288.5356695869837,262.035396851509,261.5117583898836,275.78987841193293
2025-09-20,7,249.25026469031232,284.62788396437685,263.8360170631403,260.71863661766423,274.30403084773013
2025-09-20,8,186.87729856235373,259.1808739956888,220.6156546367176,226.70508658792136,254.9279358524605
2025-09-20,9,140.38536158557463,209.4181753480717,183.92599043205786,185.81633829372169,196.5416441630085
2025-09-20,10,140.34818896097545,187.30233611352227,176.05763933504477,172.62780728567407,179.8886776267809
2025-09-20,11,140.06971005552128,177.80253934664728,174.03150027572107,167.14861954347356,172.4055877945678
2025-09-20,12,133.96702200610935,171.35979650158592,171.926819716677,163.48391125773048,168.4984822221977
2025-09-20,13,130.35404992358636,169.541150990099,166.87595662360985,159.94522407369294,167.25244436438305
2025-09-20,14,115.19609173564936,165.07492445247516,162.3973767874144,155.53888804317154,165.93547349383556
2025-09-20,15,101.11792845257904,161.37273839417938,159.1407378960984,152.08194298216182,159.90127826923808
2025-09-20,16,103.30708934517205,161.35994521084044,157.1650285064753,151.32746398924252,158.63863338652078
2025-09-20,17,106.23976649818466,167.18753022341147,164.00167554936738,158.96723701334002,165.64283531426474
2025-09-20,18,150.28336649716266,192.9523419363649,192.90196843326177,186.8104259490366,181.41301815285755
2025-09-20,19,224.48451404810945,256.4615550213484,249.7572971372108,243.98151240869404,263.69011048438676
2025-09-20,20,236.47554179566563,270.1434923956504,260.31565571715345,256.3986653601112,272.1958360801671
2025-09-20,21,234.1295282773,268.0663351215883,257.8966851425473,254.40857651207932,271.4435335391534
2025-09-20,22,234.3044485634847,268.5954713606244,258.75666330741785,254.44987007171352,271.9028233259554
2025-09-20,23,228.5871512669568,268.5239085239085,258.9546634270945,253.519689806856,271.1467310872614
2025-09-21,0,225.0927329989502,270.92199257072105,259.08253123970786,233.10438533879466,235.96873179562425
2025-09-21,1,215.9263230934208,271.305264240181,261.27640134074437,234.21093918123543,237.8007267889306
2025-09-21,2,215.750313501463,269.7289756875249,262.1515539730652,233.75203079887999,237.80367210784897
2025-09-21,3,223.7956625117084,258.81331127513363,264.5778305447828,231.14220736484535,233.95834206805546
2025-09-21,4,224.92905704995567,255.30572377417465,266.4073768525744,230.82450466683326,235.1335111103611
2025-09-21,5,222.4001215251405,246.61358811040336,265.36422960499357,227.54433738647123,237.2282031396839
2025-09-21,6,218.21137580507488,254.0890013989741,268.92737671615066,232.76301518350397,240.25886499725465
2025-09-21,7,221.20417615197425,249.25026469031232,269.2152314165854,230.6701244526839,241.07164807035102
2025-09-21,8,196.1014378450525,186.87729856235373,225.14413258648094,178.98114641040635,192.1257049295289
2025-09-21,9,168.6585314714639,140.38536158557463,186.80192012015206,136.82211474078147,151.64652475820435
2025-09-21,10,170.37814083708403,140.34818896097545,178.20530448418526,131.97630379924124,147.99983606897183
2025-09-21,11,171.60148719361058,140.06971005552128,174.58568669638046,129.99860947044291,145.02972827034932
2025-09-21,12,167.37136229439056,133.96702200610935,171.24809772520527,126.24787427508403,135.62394027340247
2025-09-21,13,163.69598993785144,130.35404992358636,166.47611072365999,122.26137855556571,133.06949332475892
2025-09-21,14,159.3805208213835,115.19609173564936,160.6839009126188,112.96662478320248,119.68278328937139
2025-09-21,15,140.30430134057076,101.11792845257904,158.254357958944,105.50412701567822,112.64290970515012
2025-09-21,16,132.51489919269622,103.30708934517205,158.6287874825637,106.9271317247747,112.54048253796354
2025-09-21,17,139.5273674323286,106.23976649818466,165.70079369734262,113.47403288561365,118.95371984676333
2025-09-21,18,175.95852782023215,150.28336649716266,195.47874175608356,149.88944098368535,154.76841490303957
2025-09-21,19,220.6149151408745,224.48451404810945,252.75971740363093,212.8986010378864,232.38986595730978
2025-09-21,20,233.44091552012344,236.47554179566563,263.28552000062666,225.39150476887812,250.2431167668583
2025-09-21,21,229.5261423354413,234.1295282773,260.93547715600835,223.27354457683938,250.14887345277106
2025-09-21,22,229.1026568301268,234.3044485634847,262.13805274052163,223.2949529339162,249.06064909238427
2025-09-21,23,211.5763782034276,228.5871512669568,262.52038285385413,220.46743313735078,246.77404687355977
2025-09-22,0,207.1861696007364,225.0927329989502,262.8659732356198,231.81538291583075,216.7285890314505
2025-09-22,1,214.76835690195847,215.9263230934208,263.72460413460095,228.76055733979712,216.01489985872536
2025-09-22,2,216.54936336297908,215.750313501463,266.2504979436702,229.56061768155405,217.10732702549564
2025-09-22,3,229.0126348228043,223.7956625117084,269.1022109035983,233.65316323029484,218.2342121915847
2025-09-22,4,229.7364822871349,224.92905704995567,270.8710792091676,234.8397223422923,219.3784018684144
2025-09-22,5,233.0959010554944,222.4001215251405,271.1421440612338,234.14498750157026,222.506927967049
2025-09-22,6,250.17885007802184,218.21137580507488,272.2249672041593,233.99966443811078,232.5652886671025
2025-09-22,7,265.8110701872698,221.20417615197425,271.819131643722,234.45521732605465,234.22072022695554
2025-09-22,8,241.88194653048964,196.1014378450525,230.56047727823793,198.7772364736319,196.62551419353636
2025-09-22,9,183.00415669479784,168.6585314714639,191.18833507182828,163.12195127608248,167.56727372980947
2025-09-22,10,185.7186147186148,170.37814083708403,182.7686081701856,159.26585849798948,165.379935301309
2025-09-22,11,180.4998308264895,171.60148719361058,178.61192840860488,157.7128259300662,164.50313355555707
2025-09-22,12,180.309158192255,167.37136229439056,174.61475291405714,154.25643377088795,159.25836856409495
2025-09-22,13,173.95468675609823,163.69598993785144,170.55473523683614,150.83436826210462,152.40796375463924
2025-09-22,14,174.33643230679837,159.3805208213835,165.66198943103015,146.4465894691226,144.20030451399708
2025-09-22,15,153.64001718002208,140.30430134057076,163.64632786119336,137.22184920248847,137.3481779193495
2025-09-22,16,156.10756692408657,132.51489919269622,164.59303801293956,135.4339031236027,135.23353471977248
2025-09-22,17,158.23989689772625,139.5273674323286,172.11615932015118,144.12114137693774,143.1932429629286
2025-09-22,18,205.6685689062648,175.95852782023215,202.13007825754423,177.08958028884297,175.18234391057118
2025-09-22,19,272.6044005388415,220.6149151408745,253.00005704607617,224.47469536861726,239.2336842972321
2025-09-22,20,279.0565273181603,233.44091552012344,262.71647680871416,236.09290936209356,248.13701408048937
2025-09-22,21,273.96476564470225,229.5261423354413,260.17033723143345,233.44391871379185,244.48556206787154
2025-09-22,22,277.0512524973106,229.1026568301268,261.854304286846,233.5010492506708,243.72517171637335
2025-09-22,23,275.4835506432951,211.5763782034276,260.10854205560537,225.21202472649546,239.00023926271356
2025-09-23,0,278.08186001453134,207.1861696007364,261.1031227154029,250.17437135036,275.90246631127053
2025-09-23,1,284.89083187609293,214.76835690195847,260.3655607124043,252.03833278035592,279.75072859856544
2025-09-23,2,284.94061887121376,216.54936336297908,262.7523444579855,253.4256375706282,280.0331800173636
2025-09-23,3,284.0777566752318,229.0126348228043,265.7277883787694,259.4659897823889,281.7238253316435
2025-09-23,4,290.3421856097701,229.7364822871349,267.31144181870746,260.482225487322,282.34950068593076
2025-09-23,5,286.6937025664794,233.0959010554944,266.75097357314905,261.6516806558041,283.14214453513193
2025-09-23,6,290.633717068851,250.17885007802184,268.3078651970875,269.1401615987284,285.7186184018792
2025-09-23,7,300.6178175031922,265.8110701872698,269.83890428766557,274.9605171098142,285.1139085108082
2025-09-23,8,250.0319762205008,241.88194653048964,235.13492205473162,245.18208921429175,254.21819402694064
2025-09-23,9,189.458845976709,183.00415669479784,192.9510635692596,196.92492008173627,208.08848533918183
2025-09-23,10,185.57917322271493,185.7186147186148,184.90758951317179,193.01956886415377,201.229885496387
2025-09-23,11,182.6201910106297,180.4998308264895,180.16156163269912,188.85739865897293,194.10376779581773
2025-09-23,12,179.72819010416666,180.309158192255,176.72962523886363,186.9725193987368,193.26517278936677
2025-09-23,13,171.74045675653392,173.95468675609823,172.88742237244145,182.38184312873148,187.22869257997388
2025-09-23,14,163.70224750432212,174.33643230679837,169.28745238897105,180.29198353667897,188.38950215614443
2025-09-23,15,160.2731766542364,153.64001718002208,164.9406307573084,168.84299616444434,170.03348349037856
2025-09-23,16,167.48444266009005,156.10756692408657,165.88407274429136,170.55278438385358,170.1329911600992
2025-09-23,17,168.1532253448572,158.23989689772625,171.96742348049276,176.68384065874693,173.50695329669782
2025-09-23,18,212.6534676325435,205.6685689062648,203.542179363254,215.0734048495298,224.6425851946497
2025-09-23,19,275.24701003666087,272.6044005388415,254.00074487200163,269.8722240599415,278.85577495778625
2025-09-23,20,286.437173017986,279.0565273181603,262.3383001321516,278.5019094206069,283.3780914819175
2025-09-23,21,282.31307276318773,273.96476564470225,259.7667195693145,275.3179039659717,281.95368118433083
2025-09-23,22,282.91803622630954,277.0512524973106,262.1951266940531,276.8643114231526,282.35977227349343
2025-09-23,23,277.2290424412487,275.4835506432951,259.3273931390378,273.515255136207,280.9344156167895
2025-09-24,0,278.80767553423465,278.08186001453134,259.76037735699475,265.77006521084115,282.9675831403697
2025-09-24,1,275.0748580278782,284.89083187609293,258.8759932419279,267.65227771433103,284.3797791029673
2025-09-24,2,271.16412116258874,284.94061887121376,260.86616712339816,268.34932079155266,285.23649854505
2025-09-24,3,268.6313957914197,284.0777566752318,263.23537309278396,269.5994878885342,285.71843208586813
2025-09-24,4,273.2101492215698,290.3421856097701,265.5570039333432,272.82545525568236,287.7898286248176
2025-09-24,5,268.53229945330804,286.6937025664794,264.9275191549283,271.53357176575076,287.30701483186675
2025-09-24,6,267.76831976313844,290.633717068851,266.6287234124751,274.8954382564758,287.91557490919524
2025-09-24,7,274.9952570669702,300.6178175031922,269.71095208601025,279.43324490660035,291.2783204616143
2025-09-24,8,239.5757787583556,250.0319762205008,236.0834401656173,238.81071047852816,257.81017478795474
2025-09-24,9,201.0546364823683,189.458845976709,192.99353089344623,190.10410983495353,207.92154459330303
2025-09-24,10,196.69285128399267,185.57917322271493,185.66453014835264,184.92325445890233,202.58965899017585
2025-09-24,11,193.3160575462425,182.6201910106297,182.11203576418802,182.07798206648528,198.3384335372049
2025-09-24,12,187.0549588665448,179.72819010416666,178.16923483804734,179.3674318341358,194.03286568225047
2025-09-24,13,182.76609961856505,171.74045675653392,174.13642490366502,174.03833740857243,185.0142386189284
2025-09-24,14,180.8708147722374,163.70224750432212,169.17561189865575,167.74044737766752,174.7656854184297
2025-09-24,15,178.24591232395363,160.2731766542364,163.96385498754825,162.8912486179912,168.9457296856121
2025-09-24,16,163.66109588233562,167.48444266009005,165.33753846914036,166.96297677249044,182.45436111720946
2025-09-24,17,172.18301964717682,168.1532253448572,171.6861584120373,172.59624077564635,186.3022109362228
2025-09-24,18,219.8384308114231,212.6534676325435,204.0383474406733,210.06665098500937,226.44214778503223
2025-09-24,19,268.2431258146608,275.24701003666087,254.07453945040302,263.53388174665804,280.992893792672
2025-09-24,20,270.38067302733367,286.437173017986,262.3344493316832,273.69359240973745,283.7291874746756
2025-09-24,21,272.79620196139587,282.31307276318773,259.74637470635713,270.7896145259817,283.0970746158042
2025-09-24,22,283.6473312665745,282.91803622630954,262.2315232303322,271.4990514886669,282.0246679795373
2025-09-24,23,281.6267312430963,277.2290424412487,258.1841404861442,266.41454480152214,281.0783427842736
2025-09-25,0,281.65443469084283,278.80767553423465,258.38246100214764,272.61702374285613,284.8134527820236
2025-09-25,1,269.2685143116765,275.0748580278782,257.82932124711925,270.98804330420876,285.44316662823564
2025-09-25,2,273.8449897308399,271.16412116258874,259.8231281930342,270.1506626106402,284.949406217874
2025-09-25,3,258.3402850191171,268.6313957914197,261.64471147143655,270.2921280908034,285.04364777587733
2025-09-25,4,258.8108394074771,273.2101492215698,264.2217449613794,273.0691276999981,285.94817038259976
2025-09-25,5,249.7922760102668,268.53229945330804,262.51734035687974,270.85917423960746,285.78787466022504
2025-09-25,6,247.8228490832158,267.76831976313844,264.44832324959026,272.5468320136905,285.55096308677776
2025-09-25,7,266.5075609505195,274.9952570669702,268.01746264654605,276.3812291366959,285.16086844585203
2025-09-25,8,210.9238876970432,239.5757787583556,235.243078819218,241.59536238284738,250.24749596804017
2025-09-25,9,140.37618494510846,201.0546364823683,193.53229510605163,201.79698214411192,210.40822616298206
2025-09-25,10,144.2270125668782,196.69285128399267,186.87569540314254,196.57598775037158,205.71296875965515
2025-09-25,11,145.2069605846412,193.3160575462425,182.8273708674279,193.35834288404286,202.7909720471924
2025-09-25,12,146.79752184091817,187.0549588665448,178.06602091278774,188.49884963768898,197.15712315792192
2025-09-25,13,139.0652192160264,182.76609961856505,173.25225687151723,184.05098336407323,189.29443181236095
2025-09-25,14,125.70393464391906,180.8708147722374,167.64570536730116,179.91211667471765,188.61716727775007
2025-09-25,15,115.61186759009271,178.24591232395363,160.4396152813491,174.42595254954114,183.26508935611517
2025-09-25,16,104.756198220782,163.66109588233562,158.74822337583328,168.39753827144756,169.4692598898452
2025-09-25,17,102.898723457642,172.18301964717682,165.80780162837328,176.85783070020585,181.77509421799513
2025-09-25,18,149.47123128062782,219.8384308114231,201.96107486834794,217.86478282594805,228.0137203841367
2025-09-25,19,208.1877930805302,268.2431258146608,255.28693814155355,267.6509686145543,278.7308605963202
2025-09-25,20,208.14898853934312,270.38067302733367,263.65269563451545,274.74061981957993,278.90620190655204
2025-09-25,21,212.5453084187261,272.79620196139587,262.1661942884962,274.65376039719024,281.8763399276135
2025-09-25,22,206.95667488552309,283.6473312665745,265.39099152966685,279.19074428699753,282.33212226075005
2025-09-25,23,194.7253373883292,281.6267312430963,261.02829550454044,275.1703215169664,281.4493134438982
2025-09-26,0,185.0731707317073,281.65443469084283,261.2793575124969,224.10901958774062,212.08280945471108
2025-09-26,1,177.0252316298584,269.2685143116765,259.7824477204621,218.85531573854843,209.94244744670215
2025-09-26,2,176.076111483808,273.8449897308399,261.09843906245203,220.56394363581546,211.73404635143964
2025-09-26,3,187.49926379645444,258.3402850191171,258.8909269161508,214.51330255156398,211.0645305356475
2025-09-26,4,189.2806221646144,258.8108394074771,260.4265941567502,215.44409614335802,212.30414373417062
2025-09-26,5,183.8053042508365,249.7922760102668,257.2020913936713,210.99331634183073,214.6739047521661
2025-09-26,6,185.65695871587525,247.8228490832158,259.60568325489425,212.38543246967077,220.58468877787658
2025-09-26,7,218.4730603448276,266.5075609505195,266.14486150208785,221.64563271113622,224.19461343812924
2025-09-26,8,180.96903389664945,210.9238876970432,226.36759994421206,175.97327606382487,201.67646510555733
2025-09-26,9,143.24250873539688,140.37618494510846,176.05084178629912,119.87005380052882,154.95137035420552
2025-09-26,10,150.6914017208763,144.2270125668782,172.89233110054036,119.27364804637743,157.9418771764616
2025-09-26,11,152.91943155793058,145.2069605846412,170.15953950911174,118.3891561150067,156.03842146012474
2025-09-26,12,156.5288847518762,146.79752184091817,166.65542997228152,117.56246271996142,153.33027782218758
2025-09-26,13,152.07390273182443,139.0652192160264,161.58823617125148,112.1635830361469,149.12141446867588
2025-09-26,14,140.52375607931162,125.70393464391906,154.89499517668355,103.20369073575412,139.08485430247663
2025-09-26,15,132.31999450888873,115.61186759009271,144.36656313366203,93.89596970249062,129.24113894693323
2025-09-26,16,129.3185595567867,104.756198220782,141.313033919429,88.58856293100449,126.56829767433182
2025-09-26,17,131.82219419924337,102.898723457642,144.9185042144753,92.07647406009133,126.62902420840207
2025-09-26,18,160.52043563878954,149.47123128062782,186.68941926923125,135.2239965504581,162.9090101512961
2025-09-26,19,225.45364484438207,208.1877930805302,246.5490448115751,191.69396892127008,226.81863740950513
2025-09-26,20,227.1992931970213,208.14898853934312,254.8690445163232,197.63959663275122,229.08179316075052
2025-09-26,21,237.36625153481845,212.5453084187261,253.33447921747737,198.42003848682407,229.42252616475906
2025-09-26,22,241.6429600288081,206.95667488552309,254.6536959471362,196.49318378544274,227.88658663613882
2025-09-26,23,236.55262902128487,194.7253373883292,248.25029995860888,188.04120048824504,223.85962418091205
2025-09-27,0,237.93649929201607,185.0731707317073,246.6882908773891,220.4966883365063,250.50078456613795
2025-09-27,1,242.497862882544,177.0252316298584,244.03705429729516,216.0846078939146,251.61252460296762
2025-09-27,2,250.6877941637904,176.076111483808,244.00778482863103,215.50188427156002,252.67294008582763
2025-09-27,3,260.16589115921505,187.49926379645444,244.31004427026707,219.96273158464518,252.38845025626125
2025-09-27,4,265.64624894633323,189.2806221646144,245.9450085020995,221.40554993831248,252.53812578594096
2025-09-27,5,264.6960941307526,183.8053042508365,241.56188471027556,217.7305153162891,252.05669866415553
2025-09-27,6,258.76641651031895,185.65695871587525,244.90872455902164,220.63979233271345,255.26650416384518
2025-09-27,7,252.18719028741327,218.4730603448276,256.6941724135808,237.6431603981855,260.9226366362144
2025-09-27,8,232.9040607385253,180.96903389664945,215.19447993006355,197.70238658736568,208.77924851109483
2025-09-27,9,180.7790385805653,143.24250873539688,166.59717512734557,153.77441817737443,156.37971908134898
2025-09-27,10,167.02728800829726,150.6914017208763,167.66219761587664,155.94330822849656,160.34710253932923
2025-09-27,11,168.8447977647685,152.91943155793058,166.60480982500934,156.09899874026064,162.5305025493942
2025-09-27,12,172.32053422370618,156.5288847518762,164.53672829375154,156.65927294591253,165.7032881836502
2025-09-27,13,167.64709858393323,152.07390273182443,159.092914991498,151.95912204721154,155.6347962875443
2025-09-27,14,167.12973440724224,140.52375607931162,151.3876854090888,143.21444640454501,144.69621626610734
2025-09-27,15,142.839845124956,132.31999450888873,140.21617115004906,134.63794387894256,131.59884819435547
2025-09-27,16,144.2626545193362,129.3185595567867,136.73569311170704,132.129073211382,128.26106733115202
2025-09-27,17,138.17426703400633,131.82219419924337,139.86631335387983,137.3752957520996,129.28252963793184
2025-09-27,18,182.8205808248243,160.52043563878954,182.0562897981491,173.79960076105323,176.26749304286608
2025-09-27,19,239.32989228007185,225.45364484438207,242.11934335772276,232.3334722195441,254.29243664456982
2025-09-27,20,240.57731491962872,227.1992931970213,248.73415891651908,238.07450403940314,259.57106928620277
2025-09-27,21,245.23957800808665,237.36625153481845,248.94875299079598,241.70467487552713,261.3782570951319
2025-09-27,22,242.0613865220759,241.6429600288081,250.8033371854482,243.2759955257735,261.8460544370657
2025-09-27,23,238.3056859676578,236.55262902128487,243.68297431537692,236.84860020969018,258.3426960237766
2025-09-28,0,242.1840040073468,237.93649929201607,241.97607755185985,227.80515377864631,233.14262035945785
2025-09-28,1,238.8072519083969,242.497862882544,239.92171124620418,228.24092437666667,232.01737181864837
2025-09-28,2,235.21413206440252,250.6877941637904,241.2876160395261,231.42377661234846,232.28687681817718
2025-09-28,3,245.82205442370707,260.16589115921505,244.503269967993,236.72033169242704,235.97730916047766
2025-09-28,4,250.36070829993443,265.64624894633323,247.42222638383646,240.00038591294685,236.48056328794974
2025-09-28,5,245.50941468398773,264.6960941307526,244.14509985603976,238.3851822928167,235.8909818614137
2025-09-28,6,256.96702002355715,258.76641651031895,245.57692671778517,237.84590737939794,236.09051371968084
2025-09-28,7,261.6627618033369,252.18719028741327,257.1137332131667,241.33173078944142,238.0536315629953
2025-09-28,8,219.77282521701656,232.9040607385253,221.76973166951666,211.72263481309517,210.9301789686886
2025-09-28,9,161.7379573049758,180.7790385805653,172.36770041234425,162.39464403047435,152.98393147869965
2025-09-28,10,160.9281195315655,167.02728800829726,171.47349747977975,155.79013168381974,151.85752526151225
2025-09-28,11,163.57498794406044,168.8447977647685,170.7155366406161,156.27371610757365,152.45289793620816
2025-09-28,12,168.17125918756238,172.32053422370618,170.01580146769396,157.78376989641694,153.00557097370609
2025-09-28,13,159.81500578106937,167.64709858393323,164.42049337154754,153.05941521572987,148.87145450840558
2025-09-28,14,151.30960484942787,167.12973440724224,158.8067772193163,149.66765608169558,141.47617143859355
2025-09-28,15,136.3530706278798,142.839845124956,146.1764449603886,133.77892180242782,131.90384589782502
2025-09-28,16,126.35350257682764,144.2626545193362,142.58648813658763,133.3743828435032,131.28507405605106
2025-09-28,17,135.17446567357513,138.17426703400633,144.42838485899725,134.14833901669266,128.16162188147035
2025-09-28,18,159.50891864240916,182.8205808248243,186.70446327352934,176.52731821185847,173.4556879250603
2025-09-28,19,235.5254791133092,239.32989228007185,244.24011167657454,230.85959963436747,235.30731606921776
2025-09-28,20,242.8033417318658,240.57731491962872,249.32012650565667,235.30195474799456,239.39072603917828
2025-09-28,21,247.08947516665103,245.23957800808665,250.53590295233693,237.59496829764714,242.46970430515137
2025-09-28,22,250.2938290984009,242.0613865220759,251.9114711795326,236.44583011318213,242.5572548286648
2025-09-28,23,244.9163729932316,238.3056859676578,245.0713364154771,230.84326715805585,236.47393615511132
2025-09-29,0,249.9322812745632,242.1840040073468,244.4176876959165,249.22355386630755,253.81707878616547
2025-09-29,1,267.2091916513699,238.8072519083969,243.19041536262935,247.29759466635676,254.40768336578608
2025-09-29,2,274.57703396385625,235.21413206440252,244.06816154851748,246.2924683488291,255.75949957955015
2025-09-29,3,284.96891087784985,245.82205442370707,247.64989738399277,252.07740927659862,254.64137431178142
2025-09-29,4,292.3441842000794,250.36070829993443,251.05531941954771,255.36721275674716,257.4708156621093
2025-09-29,5,288.62668849774866,245.50941468398773,247.4464274501608,252.23097921625364,256.5571786160666
2025-09-29,6,289.50731429295166,256.96702002355715,251.11344732042548,258.57931517700985,260.03294396660914
2025-09-29,7,287.6025882987328,261.6627618033369,262.89353116336133,265.61653668895826,261.2861490700652
2025-09-29,8,237.8207604717365,219.77282521701656,225.15135843694011,225.86277416153098,234.21712798164455
2025-09-29,9,179.2391633828433,161.7379573049758,171.37904695998878,172.06596028793513,184.79583012155396
2025-09-29,10,165.30108254397834,160.9281195315655,170.12349443613425,170.12140116799597,182.56500783409717
2025-09-29,11,162.8360881102337,163.57498794406044,169.56889389068036,171.05507893003133,184.86738633744
2025-09-29,12,156.77908238146895,168.17125918756238,170.13007245243278,173.31916316938486,187.92631552180674
2025-09-29,13,150.74656732959792,159.81500578106937,163.8660670634358,166.6243154999517,182.03685593444186
2025-09-29,14,143.89418640418333,151.30960484942787,157.6537892233227,159.73623461612107,177.06188608426507
2025-09-29,15,133.7755068402835,136.3530706278798,145.6119834300042,147.6045065053454,163.88477649424036
2025-09-29,16,131.39452660207377,126.35350257682764,141.70628862003497,142.18869438670345,152.8854982387773
2025-09-29,17,141.27675302731626,135.17446567357513,143.80654175060386,149.06542878590963,163.584097822916
2025-09-29,18,189.7493209157936,159.50891864240916,184.3545191052689,183.35153201669382,190.94808001810517
2025-09-29,19,254.68513754205424,235.5254791133092,246.37019224406524,247.90810094465067,258.8135393146858
2025-09-29,20,250.89704342221864,242.8033417318658,250.65761596447697,254.3713379675662,262.3672485368784
2025-09-29,21,248.8216533424052,247.08947516665103,253.04495049965257,257.10086633109785,260.9393059705488
2025-09-29,22,250.1013392857143,250.2938290984009,254.9387815035718,258.2672803404895,263.27330704065696
2025-09-29,23,247.04006378313733,244.9163729932316,249.8341928140205,252.90679745122583,260.26461372793887
2025-09-30,0,255.25231830925168,249.9322812745632,250.52427507789176,241.416929861609,249.92092129757557
2025-09-30,1,242.318573551263,267.2091916513699,250.6819631839738,247.16400275955556,249.49187632558233
2025-09-30,2,237.1267587699752,274.57703396385625,252.35782877721425,250.16566635418934,251.44567582830422
2025-09-30,3,234.77629210593983,284.96891087784985,255.64365110614213,255.71914942824236,256.1925737276807
2025-09-30,4,236.2174051641696,292.3441842000794,259.9992768356826,260.33021517883793,261.33715631746537
2025-09-30,5,233.1281618887016,288.62668849774866,255.3793970847685,257.0778239164523,258.1875255776763
2025-09-30,6,232.8403219992791,289.50731429295166,256.7317993511297,258.8810663806307,261.45807300787163
2025-09-30,7,244.8964602672652,287.6025882987328,266.00660517928463,262.60783405548773,263.4729022322396
2025-09-30,8,200.2593457943925,237.8207604717365,224.5711889999753,219.1430300060851,229.61572485151956
2025-09-30,9,157.5597057539216,179.2391633828433,170.8411907725667,165.87480283950666,179.31886347014398
2025-09-30,10,152.14219438645327,165.30108254397834,167.20670412547187,157.90868837251796,174.8875839589976
2025-09-30,11,143.89774255386112,162.8360881102337,167.04550207407237,156.9215329028077,172.15966992820623
2025-09-30,12,145.2492318197337,156.77908238146895,166.7686330508919,154.79207273821447,167.20192420651065
2025-09-30,13,143.09092994580334,150.74656732959792,160.5506214310786,149.08604881453635,165.57075770862212
2025-09-30,14,141.19518141402554,143.89418640418333,153.30489695152053,142.5279852098962,152.68729709403408
2025-09-30,15,139.58814576058734,133.7755068402835,142.77419623861297,133.31989285270845,148.2528907117557
2025-09-30,16,124.13770074733662,131.39452660207377,138.17585428831885,130.3373619790998,146.26318668999275
2025-09-30,17,122.35146500271296,141.27675302731626,141.38323548340244,137.9592417571385,148.89692030404217
2025-09-30,18,159.75735095243616,189.7493209157936,182.08034082091586,180.68090554788054,190.49193670769927
2025-09-30,19,230.61219451987165,254.68513754205424,243.81029753023844,240.5306270152245,257.9626367526821
2025-09-30,20,239.3156226540996,250.89704342221864,246.63483255077105,242.16325410406805,257.29137431747694
2025-09-30,21,232.4001695633743,248.8216533424052,249.45307731361012,243.05783901293353,256.87279962853603
2025-09-30,22,228.5056249446364,250.1013392857143,251.08879390191518,243.56825989667453,256.2650427817074
2025-09-30,23,226.05086372360844,247.04006378313733,245.77083754828365,238.95779473704258,254.176935586913
2025-10-01,0,218.6341490118793,255.25231830925168,247.26291197713752,241.12909193557888,221.8744939981725
2025-10-01,1,212.8488204418296,242.318573551263,244.60021199471242,235.4315257572964,219.16025835109605
2025-10-01,2,209.24387646432376,237.1267587699752,245.52727733418016,233.8534951523681,217.33013432222458
2025-10-01,3,214.4705374753452,234.77629210593983,248.60058473910044,234.9682399783269,216.83152782549203
2025-10-01,4,214.01712131859708,236.2174051641696,252.267165343454,237.2579023015849,217.03875532330957
2025-10-01,5,209.3748330216404,233.1281618887016,247.72717698794312,234.2659489983357,219.21787601668996
2025-10-01,6,212.73551413718772,232.8403219992791,248.47560005547663,235.33370229088837,222.4448821854479
2025-10-01,7,239.46639101525395,244.8964602672652,258.0464112884379,244.1896468417401,223.95581967700528
2025-10-01,8,195.372094180895,200.2593457943925,217.46081322481703,202.76906739875358,193.06120250566232
2025-10-01,9,162.89721553798557,157.5597057539216,166.28417074073994,155.8320720380803,154.85203266524894
2025-10-01,10,163.63668755010542,152.14219438645327,162.42999286314878,150.6745932333059,145.72709077852022
2025-10-01,11,166.078020987762,143.89774255386112,161.51372372310541,146.71068920853526,144.35490658273784
2025-10-01,12,167.9369743057956,145.2492318197337,161.8430675816872,147.46850496914337,145.34454698650256
2025-10-01,13,159.95306001188354,143.09092994580334,156.45783188668855,143.85234049053525,142.17298158199864
2025-10-01,14,153.82985867342268,141.19518141402554,150.08960179576388,139.64628430305802,140.9632366689623
2025-10-01,15,141.94583148979206,139.58814576058734,139.81919182523453,134.14447809428677,137.3104336799989
2025-10-01,16,134.90403486012707,124.13770074733662,131.98346258649693,125.09982737757167,126.72094319770228
2025-10-01,17,125.48711413197394,122.35146500271296,134.84012686309615,127.95636027625633,125.82362837209114
2025-10-01,18,186.94696086907493,159.75735095243616,174.5237527237577,165.97439428797142,161.9918773868983
2025-10-01,19,247.911944527289,230.61219451987165,237.43389531355427,229.00818036660564,224.10015139720045
2025-10-01,20,250.8681734032706,239.3156226540996,239.9031824987873,234.9869157811372,228.20370456858402
2025-10-01,21,242.5684833052692,232.4001695633743,242.32266257077964,233.61935304235922,225.79841546440218
2025-10-01,22,236.7904439262616,228.5056249446364,243.3155922902476,231.75773313342103,223.16851169013637
2025-10-01,23,231.3148176253352,226.05086372360844,238.45966916004934,227.49428499964938,222.76883336080385
2025-10-02,0,235.376526458616,218.6341490118793,238.66669390251533,229.41125167922934,230.91662256652165
2025-10-02,1,237.9901356350185,212.8488204418296,235.71077805384832,225.7691024667843,231.2798653391004
2025-10-02,2,233.8987577639752,209.24387646432376,236.68152809157087,224.51205191142932,231.98854112267983
2025-10-02,3,239.57439155976505,214.4705374753452,240.8633192653755,228.71641337060672,229.54267022421826
2025-10-02,4,241.86450839328532,214.01712131859708,243.8110185001722,229.9827298953274,230.84519165784872
2025-10-02,5,236.9527027027027,209.3748330216404,239.27611035484776,226.52437785502403,232.27821467559187
2025-10-02,6,243.8220344172944,212.73551413718772,240.61377068034082,229.15293768527243,233.75319060947317
2025-10-02,7,264.42636333950145,239.46639101525395,252.97085899533562,244.4744729110316,234.15412633766533
2025-10-02,8,215.56791771745043,195.372094180895,211.14600114232263,202.3221308347419,198.23353712000113
2025-10-02,9,163.70753801358782,162.89721553798557,160.83311060582813,160.2500197997087,154.89791051111965
2025-10-02,10,159.12177239400702,163.63668755010542,157.70768375830775,158.0266731384431,153.5492507833484
2025-10-02,11,163.0893219017927,166.078020987762,157.6225756433225,158.31817515687524,154.1413482935033
2025-10-02,12,159.57727189725486,167.9369743057956,159.11192693015158,159.68474105588518,154.86777793684817
2025-10-02,13,155.36460621273926,159.95306001188354,153.19882622859117,153.364612557263,148.10768931192618
2025-10-02,14,152.53753801824877,153.82985867342268,146.22660806736175,147.11484492212637,143.2395750381018
2025-10-02,15,143.29328806476886,141.94583148979206,134.63346599178288,137.05351166203894,135.86621216147597
2025-10-02,16,135.7560089435439,134.90403486012707,127.87531101189572,131.24190324459053,127.59626972724901
2025-10-02,17,135.08301818836665,125.48711413197394,128.16928321806714,130.29617347947814,127.30785125748858
2025-10-02,18,169.51399853660416,186.94696086907493,169.82497130342222,179.02980211672474,178.93521201499158
2025-10-02,19,228.380790480238,247.911944527289,234.52944084392973,239.03892644477745,233.69876038690512
2025-10-02,20,229.2166359779041,250.8681734032706,237.1156825524925,243.2601657035695,234.88043742579725
2025-10-02,21,224.82564209647109,242.5684833052692,238.00441704847586,240.74405568050057,231.10608314086068
2025-10-02,22,220.84656552700253,236.7904439262616,236.62175124163147,237.41996826395285,227.94179396837117
2025-10-02,23,205.5790478103656,231.3148176253352,231.27225292894062,232.09088130000447,224.37962852345365
2025-10-03,0,198.58820110433007,235.376526458616,232.05556415505433,215.7227614954457,201.91441058369585
2025-10-03,1,195.7118271912646,237.9901356350185,231.24243824289718,215.80951897332096,199.45495158125982
2025-10-03,2,199.5174550973944,233.8987577639752,230.9749235248759,213.8270699746617,199.09572319092126
2025-10-03,3,202.8526302217638,239.57439155976505,238.18247734261095,219.22068045315763,200.68767226813324
2025-10-03,4,210.76927747419552,241.86450839328532,241.39011406957334,221.4981402552814,200.9158435275788
2025-10-03,5,203.51363127100709,236.9527027027027,237.44188559662433,218.15831460203515,201.66576206160548
2025-10-03,6,200.8124267291911,243.8220344172944,240.0422257280663,222.60061255107374,206.71721269675618
2025-10-03,7,213.1670822942644,264.42636333950145,252.67354505090447,235.89341352599692,217.66861794369424
2025-10-03,8,172.10821872174367,215.56791771745043,211.8094340023808,192.413760317,195.98850039388083
2025-10-03,9,139.25304823542032,163.70753801358782,164.1661610441823,144.57621262019126,153.0970307115935
2025-10-03,10,144.85975369905293,159.12177239400702,159.83550659075473,140.04084020651246,151.50230893824417
2025-10-03,11,147.6836487708145,163.0893219017927,160.17719868862986,141.02984736311686,151.9932842355188
2025-10-03,12,151.23840063565936,159.57727189725486,160.9376055096283,140.30583865191656,150.91407933600237
2025-10-03,13,150.20687734929697,155.36460621273926,155.52731008526442,135.77420701917117,143.7206060977074
2025-10-03,14,151.22604181282446,152.53753801824877,150.05997997798028,131.57784302409613,142.33231467479703
2025-10-03,15,144.4451808096816,143.29328806476886,138.5879546310223,123.06473036905103,139.64771825932175
2025-10-03,16,135.3466180185237,135.7560089435439,132.3038554008617,117.81952669406135,133.02285004115564
2025-10-03,17,125.97448545671033,135.08301818836665,132.76703960817068,120.76450063951447,130.97535272365144
2025-10-03,18,141.49217709720372,169.51399853660416,172.6882237685617,158.61716906053852,168.0939893187001
2025-10-03,19,206.233455242076,228.380790480238,237.41415475817374,216.66802710409382,222.40818429656042
2025-10-03,20,205.5778259299386,229.2166359779041,240.12534647228696,220.1528270883088,221.52804533221163
2025-10-03,21,205.87239764454955,224.82564209647109,239.75875043101084,218.13173573407866,221.19929632552834
2025-10-03,22,199.59019163006224,220.84656552700253,238.6060213332714,215.4295580624638,220.08634681619267
2025-10-03,23,190.87285706559948,205.5790478103656,232.82278298923157,206.42556773858965,212.59901426517732
2025-10-04,0,178.53304198901554,198.58820110433007,233.9862827797147,198.28980573998706,202.83162386348158
2025-10-04,1,181.75174084165909,195.7118271912646,233.91195189452665,196.84727437837554,202.0159876920794
2025-10-04,2,175.66764392324097,199.5174550973944,234.3236868982454,197.79007906814408,202.89436059252068
2025-10-04,3,181.7106757524134,202.8526302217638,240.37581540336942,201.70807871944805,201.51344681031253
2025-10-04,4,183.89373455444104,210.76927747419552,244.45992197094208,206.37271855786474,201.04967698703356
2025-10-04,5,168.56845238095238,203.51363127100709,240.25736088522012,202.03242573457112,204.0354374351436
2025-10-04,6,187.51780626780624,200.8124267291911,242.20729258711143,202.99576188931178,211.9697986808462
2025-10-04,7,200.80907745436605,213.1670822942644,251.91554818653827,212.21771291870408,215.83188064208548
2025-10-04,8,165.18143129129805,172.10821872174367,210.54360326310854,171.72098506324568,193.09339047349903
2025-10-04,9,128.5983849044535,139.25304823542032,163.59623811561423,130.91546851422373,155.31332147542906
2025-10-04,10,139.1622833339217,144.85975369905293,159.00241401620855,129.82252752627423,156.3575525225947
2025-10-04,11,143.43253555324316,147.6836487708145,159.42922971904184,130.77150329973273,159.1957089361636
2025-10-04,12,149.37316088414426,151.23840063565936,160.18182206445445,132.15331631878468,161.74044171446388
2025-10-04,13,154.02488485598406,150.20687734929697,155.2605921734748,128.95392072057706,158.01751595245017
2025-10-04,14,151.75883121007868,151.22604181282446,151.58887793991067,127.05710255045689,157.2299990124807
2025-10-04,15,134.1998041136141,144.4451808096816,140.32012410256417,119.04842022480656,149.64895755313503
2025-10-04,16,123.64752265983824,135.3466180185237,133.16500660968128,112.62754017566608,142.07730093333393
2025-10-04,17,123.61010048510047,125.97448545671033,131.93165264495167,110.57214334126327,137.20566038054267
2025-10-04,18,148.93257629524484,141.49217709720372,169.9699011197637,139.68428727838304,161.20958796312493
2025-10-04,19,226.08724800076612,206.233455242076,234.66841338641572,201.35614858789086,224.00166432430467
2025-10-04,20,228.4187868820741,205.5778259299386,237.0365654341323,204.22326376704598,225.3011003401308
2025-10-04,21,229.843280924032,205.87239764454955,235.25962844668672,203.1615116329987,224.34072515899777
2025-10-04,22,236.0024797230976,199.59019163006224,232.59848299059337,198.99162250043753,223.55918180444507
2025-10-04,23,230.2837630990228,190.87285706559948,226.2971012812765,191.8121874400915,216.60041171940156
2025-10-05,0,239.55058353214264,178.53304198901554,225.50007459357178,215.72886439263524,238.73311903124466
2025-10-05,1,257.74001979544704,181.75174084165909,225.2339344601145,216.46688651185238,237.26954478744
2025-10-05,2,264.4563961882761,175.66764392324097,223.6065225781669,213.28741096560958,238.24248350719444
2025-10-05,3,277.4382946896036,181.7106757524134,229.16792748811204,217.9545706600985,238.9982719483944
2025-10-05,4,282.08083602274473,183.89373455444104,232.7809913435289,220.4980390569769,240.81021914968966
2025-10-05,5,285.5148811812659,168.56845238095238,226.52484063524864,212.31733962959822,242.08464284934587
2025-10-05,6,292.630258302583,187.51780626780624,232.02891969532388,222.15958444172105,242.80278731752998
2025-10-05,7,290.33137850632374,200.80907745436605,244.57581778181725,232.812581451457,244.59636973991098
2025-10-05,8,226.51563414158483,165.18143129129805,200.86894191350464,192.30662984627853,194.73841486543893
2025-10-05,9,134.00352112676055,128.5983849044535,156.14185901902687,150.81529446758492,146.64793168895636
2025-10-05,10,141.95538154687154,139.1622833339217,155.02169906272633,153.6124090540651,154.62665798079402
2025-10-05,11,143.74347008427944,143.43253555324316,155.7989065459668,155.18983502257305,156.3249299799613
2025-10-05,12,151.1529197317883,149.37316088414426,156.90362587308846,157.996069883192,165.23762497907634
2025-10-05,13,152.0824627840167,154.02488485598406,153.31456164091063,157.97659656321449,166.73789148708406
2025-10-05,14,146.64173895702464,151.75883121007868,149.3930346260302,154.9308336472486,161.65149712456832
2025-10-05,15,129.95002696386842,134.1998041136141,139.08583252951533,143.16849027999376,144.69394740346996
2025-10-05,16,110.40381820324468,123.64752265983824,130.21998777261015,135.02930964939145,133.72902856353977
2025-10-05,17,111.23790288647648,123.61010048510047,129.85105742367938,136.89907145395222,134.89359827914845
2025-10-05,18,185.7206632653061,148.93257629524484,165.12875761553806,168.3777549202951,166.81009853763925
2025-10-05,19,257.3142297766308,226.08724800076612,232.77660706080061,236.63593600039374,244.50468593265248
2025-10-05,20,260.16697421126065,228.4187868820741,235.29963285733876,240.29225705041318,245.51334363995824
2025-10-05,21,258.52216981132074,229.843280924032,233.06015743467893,239.4880173494015,246.07167019112478
2025-10-05,22,257.46605871202416,236.0024797230976,231.73292487645364,240.07007856078502,245.31538875812768
2025-10-05,23,257.5188315795526,230.2837630990228,225.1511123000429,233.82511794477313,240.12191991775347
2025-10-06,0,262.22553245436103,239.55058353214264,225.12387166854265,246.32046246037328,256.711634884884
2025-10-06,1,267.51212382913707,257.74001979544704,227.93861558683597,253.31862313476552,259.0381871824502
2025-10-06,2,280.1473891072431,264.4563961882761,227.78398888157741,254.964206295602,260.60580796901525
2025-10-06,3,285.79154887665527,277.4382946896036,233.68453324038296,262.11599986841185,264.94422201487066
2025-10-06,4,286.9199624032969,282.08083602274473,237.31243816107323,265.42250329558163,264.6672075356512
2025-10-06,5,289.4354311134371,285.5148811812659,232.23990727771698,263.99600194551095,266.4530324478552
2025-10-06,6,287.2837479479732,292.630258302583,237.12366802089903,269.90421115680306,267.65754402776474
2025-10-06,7,292.97568189286886,290.33137850632374,248.6713344536725,275.016635123455,270.3798382362887
2025-10-06,8,255.5252727895484,226.51563414158483,201.83220033130013,222.66090679948462,232.6064158031435
2025-10-06,9,181.58210105823807,134.00352112676055,152.17979670785326,158.5116502478447,152.68296846878255
2025-10-06,10,165.78420192930008,141.95538154687154,152.31130792205573,161.7696020495403,160.45608238133687
2025-10-06,11,166.9838795081485,143.74347008427944,152.9658325659981,162.90730662138853,159.91154972666132
2025-10-06,12,169.9471375874989,151.1529197317883,154.47243452226357,166.98239109470165,163.21678101296152
2025-10-06,13,167.77162918005473,152.0824627840167,152.20991264133167,166.18871177481122,164.41097902008585
2025-10-06,14,157.84853110688806,146.64173895702464,148.72619664140117,161.94051511454526,164.45934109418772
2025-10-06,15,146.2948467058056,129.95002696386842,138.17111200608514,149.8433399552691,149.01454027350076
2025-10-06,16,137.7156382079459,110.40381820324468,127.94146143352687,137.30583742578693,144.37168169793068
2025-10-06,17,144.28100830707533,111.23790288647648,126.43154845409389,138.83837553621294,145.15744552909223
2025-10-06,18,213.8459514322232,185.7206632653061,168.8732925616662,193.0065395161697,196.70998379010894
2025-10-06,19,275.5277979999234,257.3142297766308,235.88928572698939,258.7846527635358,260.4332181935279
2025-10-06,20,278.6658000472701,260.16697421126065,237.78015178296664,262.5309204988055,259.417602263027
2025-10-06,21,277.03942348452733,258.52216981132074,234.69339952677458,260.40739811070245,258.9957475637696
2025-10-06,22,280.69147957305853,257.46605871202416,232.75752910697128,258.5315228650884,258.65405092058313
2025-10-06,23,272.7067005761146,257.5188315795526,226.9514635266602,254.61313666244746,255.56987828597462
2025-10-07,0,280.63207765195284,262.22553245436103,226.88005040851377,257.61172605773163,271.94001386370536
2025-10-07,1,284.9737324373855,267.51212382913707,227.98189161223127,259.96693406885936,270.49891155719615
2025-10-07,2,286.7119812670743,280.1473891072431,228.5797539020612,264.1121319310225,270.41140349546373
2025-10-07,3,292.4124290180565,285.79154887665527,233.802052954498,268.7269393835742,273.9690283724353
2025-10-07,4,293.7908742860729,286.9199624032969,236.53754933296145,270.58732997293896,274.68333094626905
2025-10-07,5,289.5484806538791,289.4354311134371,232.355441937101,269.405099692672,273.89114559641337
2025-10-07,6,287.1200546549904,287.2837479479732,236.8060156859021,271.8665049673701,273.97568515783047
2025-10-07,7,286.97150859051004,292.97568189286886,249.43891925283478,279.819074987937,274.5325167923113
2025-10-07,8,234.70779550767355,255.5252727895484,204.36141637670184,238.4210935724826,245.58754439381542
2025-10-07,9,179.272893966642,181.58210105823807,152.51450209005247,179.87827849556112,177.53160940414753
2025-10-07,10,162.72268538832822,165.78420192930008,152.3803249771017,173.57753561268706,163.92722648222434
2025-10-07,11,159.60367150933075,166.9838795081485,153.55837419427164,174.8062312895009,164.31216162436556
2025-10-07,12,165.87656370427462,169.9471375874989,156.35358526598216,177.75364672207104,166.66004852027203
2025-10-07,13,163.83503559269576,167.77162918005473,154.64206433425412,175.91681589812043,165.33122831182715
2025-10-07,14,156.24381993234454,157.84853110688806,150.71967445607328,169.60041771818027,154.3001811328636
2025-10-07,15,152.71140939597316,146.2948467058056,139.95958912973114,159.19023922673077,149.01452653889885
2025-10-07,16,137.08584523179977,137.7156382079459,128.84447737722286,150.49271137225116,147.80417517443937
2025-10-07,17,143.15726071402497,144.28100830707533,126.86072777977373,154.36541786083893,148.55301549033192
2025-10-07,18,220.6239325970625,213.8459514322232,172.3156683497276,208.42638127582939,214.98652270612908
2025-10-07,19,283.01404137725,275.5277979999234,238.86680864954215,269.1485102126564,267.82762589202156
2025-10-07,20,286.39785358374854,278.6658000472701,241.74711701511683,273.09712489243117,267.77987379532715
2025-10-07,21,289.6730403112325,277.03942348452733,238.72450954707776,271.01999112924227,267.26298147963536
2025-10-07,22,283.30501690090733,280.69147957305853,237.12754914802045,270.8737932970213,266.8629829970982
2025-10-07,23,281.5811283075387,272.7067005761146,230.61812592565698,264.0659727640848,263.9242868436309
2025-10-08,0,279.7768785477435,280.63207765195284,230.5057303146139,267.9225532701359,276.52879097109826
2025-10-08,1,275.7232931003423,284.9737324373855,234.0754857388202,270.9048609327005,279.6144943436608
2025-10-08,2,276.964165883774,286.7119812670743,235.66335711593254,271.893842917186,279.08712545099405
2025-10-08,3,280.6974325641859,292.4124290180565,242.0357867990861,276.8946258082845,281.02332326190765
2025-10-08,4,285.8091286307054,293.7908742860729,244.76233063609047,278.8276073286382,281.4628974744276
2025-10-08,5,284.25441872043814,289.5484806538791,240.41548747498354,275.31630073849226,279.4708156065133
2025-10-08,6,274.0818046282492,287.1200546549904,244.56026320814658,277.4792029951591,279.16258380518394
2025-10-08,7,280.8200886582333,286.97150859051004,255.44964044186978,282.4490126850606,279.0373983653855
2025-10-08,8,231.07448045709663,234.70779550767355,209.28262347859913,235.9155796906873,241.88684519824378
2025-10-08,9,164.09302325581396,179.272893966642,155.61638612044112,183.12701110700772,181.99612387648534
2025-10-08,10,172.1879772741157,162.72268538832822,153.89182369165525,175.58109438256494,170.55022716695981
2025-10-08,11,175.1088655973131,159.60367150933075,155.80207833076727,175.3712709370875,162.82898324293507
2025-10-08,12,180.90352914518772,165.87656370427462,159.3003469637737,179.72633624602892,171.93193269884125
2025-10-08,13,173.93169954879235,163.83503559269576,157.60550799809587,177.62623725963198,169.79327700922897
2025-10-08,14,162.86441305286533,156.24381993234454,152.86947995869028,171.75784829791712,155.93101873050426
2025-10-08,15,149.05687451082702,152.71140939597316,141.83434107764342,164.3236528850434,151.88247342888423
2025-10-08,16,138.90960051328807,137.08584523179977,130.69421230357474,152.91398816164133,149.57644444870857
2025-10-08,17,136.0638490184027,143.15726071402497,129.83298430996118,157.75255432520208,152.49640466090062
2025-10-08,18,188.14774688014128,220.6239325970625,181.01089429895993,216.8682469148289,222.69241900752024
2025-10-08,19,256.92019113059274,283.01404137725,246.35278677202476,276.9473078830542,270.5328174818439
2025-10-08,20,259.24154589371983,286.39785358374854,248.47315000506666,280.6745414367999,273.22708546227307
2025-10-08,21,258.719645850346,289.6730403112325,246.9063482253432,280.90132869408524,273.86232153629624
2025-10-08,22,258.08575520953656,283.30501690090733,244.956033713202,277.311722599919,268.71798774449934
2025-10-08,23,252.48327803233792,281.5811283075387,238.5510208662184,272.5274534571716,266.02608593873185
2025-10-09,0,253.97092578423872,279.7768785477435,239.2404059625945,251.34816120057846,248.3502633623306
2025-10-09,1,258.37077625570777,275.7232931003423,243.05755326146488,251.5973491433861,247.47323291168115
2025-10-09,2,267.3286467486819,276.964165883774,245.337684175854,252.7445908170665,248.18928340092594
2025-10-09,3,273.59824255346643,280.6974325641859,251.49677181177768,257.00413315039964,248.6077481337842
2025-10-09,4,278.8326798225879,285.8091286307054,255.0183316806774,260.5767324322741,250.45825599521777
2025-10-09,5,282.6639185881747,284.25441872043814,251.11257114624036,258.1231071552395,246.94717604057763
2025-10-09,6,278.0647435897436,274.0818046282492,253.32401899258392,256.73239332185346,249.25320176641668
2025-10-09,7,297.3584600452928,280.8200886582333,261.35731153372393,262.5667274786486,251.0342045775735
2025-10-09,8,264.6968680666632,231.07448045709663,214.38296437519938,216.8623559979237,219.55636606830876
2025-10-09,9,196.79521387476024,164.09302325581396,155.7872157944166,157.62828407335087,153.56018017707208
2025-10-09,10,197.86306134279,172.1879772741157,155.113436509371,159.62319793112798,160.25065756412704
2025-10-09,11,201.4898170968997,175.1088655973131,157.09219898927458,161.37930634885186,159.75018706534303
2025-10-09,12,206.95031712473573,180.90352914518772,161.1527119408297,165.92100652079242,161.84174959037895
2025-10-09,13,197.8619686103316,173.93169954879235,159.60245650336856,162.29338390355755,161.08109082143804
2025-10-09,14,194.1551029144223,162.86441305286533,154.16013058432492,154.94489610045548,151.37403010704728
2025-10-09,15,195.984464836462,149.05687451082702,142.85020436636268,143.63087918252532,140.69399975315673
2025-10-09,16,192.83483677844748,138.90960051328807,131.26643596831204,134.3011310221895,140.38832458592051
2025-10-09,17,198.0998146791364,136.0638490184027,131.34394643659385,136.10174373512024,139.82656474549134
2025-10-09,18,235.3768335862418,188.14774688014128,181.18243515768367,185.74172072700617,173.2630848566989
2025-10-09,19,274.99605858191927,256.92019113059274,247.6396791439253,248.8024864965932,248.56990493752306
2025-10-09,20,277.52259935186765,259.24154589371983,249.66934607513085,252.08282968651915,250.01924040242682
2025-10-09,21,276.2732391848409,258.719645850346,249.21365716035416,251.5264956371591,249.7888824026006
2025-10-09,22,274.1896551724138,258.08575520953656,247.99822103938413,250.0721112951084,251.07719335722652
2025-10-09,23,269.9603502395506,252.48327803233792,241.5750866386474,244.20512961007998,247.43159663257939
2025-10-10,0,274.2972371034732,253.97092578423872,241.8967487233978,256.9642722266499,267.3336424631129
2025-10-10,1,271.14884568651274,258.37077625570777,245.96907335013475,260.2609531782101,270.0526380150821
2025-10-10,2,270.7746434629641,267.3286467486819,250.1133826022407,264.83492065395967,271.48275547427005
2025-10-10,3,275.6361024033438,273.59824255346643,256.357321953735,270.0018272848744,272.6482820254006
2025-10-10,4,282.5496044611594,278.8326798225879,260.2994990277206,273.78348894991996,273.5800768231988
2025-10-10,5,282.354894408288,282.6639185881747,257.6427448441649,273.8034869182722,272.86398032124356
2025-10-10,6,274.23013190163715,278.0647435897436,258.21583458864814,273.515518484676,271.9533294466585
2025-10-10,7,286.7884569234461,297.3584600452928,266.06189677740844,283.58402557992895,273.4453927077738
2025-10-10,8,261.707249122416,264.6968680666632,221.40138585365835,246.01110960206026,253.2844464385185
2025-10-10,9,215.6337306761036,196.79521387476024,160.51402663172695,184.73350488692142,179.1955019158097
2025-10-10,10,201.9192081112492,197.86306134279,160.64790635919715,184.30267995244623,183.30183372802782
2025-10-10,11,208.66270430906388,201.4898170968997,162.577984017147,186.6933439493371,186.16714461987524
2025-10-10,12,207.1207884803579,206.95031712473573,167.92028983046984,191.57199384770553,190.47772512224853
2025-10-10,13,202.16657691617303,197.8619686103316,165.67350827445316,186.734977512483,182.3570567376729
2025-10-10,14,195.00573326479773,194.1551029144223,160.10549699806398,182.08811588458357,180.577410676456
2025-10-10,15,185.0702467694537,195.984464836462,150.37751533374743,177.53190104057884,180.59500171382933
2025-10-10,16,176.08865277662488,192.83483677844748,139.42055423044113,171.9371355000297,177.82900413502793
2025-10-10,17,182.4718627492307,198.0998146791364,140.34634593527522,177.35799118184647,176.0258289667217
2025-10-10,18,229.42065051298843,235.3768335862418,190.5914115933462,220.82428538762431,215.69805421610454
2025-10-10,19,263.87618962910256,274.99605858191927,254.2990031584512,270.78385265309964,266.588906893016
2025-10-10,20,261.3863301400148,277.52259935186765,256.57019798569706,274.3102364178592,266.8118658130591
2025-10-10,21,261.2568202305831,276.2732391848409,256.56331388726414,273.9039833437912,266.91692045937987
2025-10-10,22,261.4540790148794,274.1896551724138,255.61866241730007,272.2350569258345,265.60881084715453
2025-10-10,23,240.77244372118253,269.9603502395506,250.7724155571024,267.5650102785434,264.9611230174015
2025-10-11,0,239.4942770380752,274.2972371034732,252.71232529470393,237.27122592792324,238.67117288935978
2025-10-11,1,237.5857503911421,271.14884568651274,256.74579027802736,238.05400999110176,238.7880952631438
2025-10-11,2,237.64206570336293,270.7746434629641,260.2929809401792,239.31754231700725,236.77370155044608
2025-10-11,3,232.35928387359283,275.6361024033438,266.7549608368178,244.14421464448154,237.1738783679329
2025-10-11,4,228.5146613486964,282.5496044611594,270.5538314544297,248.43646031481205,237.9589029771233
2025-10-11,5,230.6975099037917,282.354894408288,268.905782435205,247.74633220078132,239.06030953682614
2025-10-11,6,217.70224387363447,274.23013190163715,268.7040781847118,245.85241555506195,240.74156871184908
2025-10-11,7,232.48081841432224,286.7884569234461,276.5792360101487,253.76981497417782,246.5408030379848
2025-10-11,8,195.8860992039192,261.707249122416,234.20124733946867,220.6357456285204,227.67462905825946
2025-10-11,9,126.8856583729382,215.6337306761036,171.4255526946817,166.6478295232975,176.76210079696705
2025-10-11,10,121.83704549781078,201.9192081112492,168.79925698951092,158.69554926625779,170.7458275692549
2025-10-11,11,123.81721918471868,208.66270430906388,171.28927766546835,162.16756822347725,173.10661168190853
2025-10-11,12,133.2076585141958,207.1207884803579,175.9034880939982,164.18526806209235,174.29003190502567
2025-10-11,13,134.05215098707478,202.16657691617303,173.0963224982926,160.78819841201096,172.5370672373707
2025-10-11,14,127.001414427157,195.00573326479773,166.3597386340602,154.35441366627254,165.98294572867664
2025-10-11,15,121.2196418485664,185.0702467694537,156.18109618514342,145.71652912314426,162.63132533276894
2025-10-11,16,114.62985756989626,176.08865277662488,145.24084491016987,137.75101888414082,152.63442282527674
2025-10-11,17,102.8901085693682,182.4718627492307,148.41739983420672,144.2519688138733,157.05098099686865
2025-10-11,18,142.70968694624926,229.42065051298843,203.15262208131546,193.68426160160024,204.4245958254068
2025-10-11,19,202.8899288096779,263.87618962910256,262.533679499455,239.71474042033887,244.067999571046
2025-10-11,20,202.80815887301893,261.3863301400148,264.5428414442794,241.26524415487478,246.62607689307526
2025-10-11,21,195.9253692666494,261.2568202305831,264.47537425669753,240.95734652789625,246.25607989525736
2025-10-11,22,193.1074434364412,261.4540790148794,264.4563606151311,240.5559723981402,246.27361842028785
2025-10-11,23,178.24792023877563,240.77244372118253,257.9009279364714,229.37969015197228,244.7579156424926
2025-10-12,0,162.32178217821783,239.4942770380752,261.42107315885534,203.77891621130476,176.38302221501004
2025-10-12,1,161.12637766348274,237.5857503911421,264.72207735652495,204.31793718728423,177.9826575961462
2025-10-12,2,151.63760795176796,237.64206570336293,269.1464697659109,206.14940177766138,175.8758854106108
2025-10-12,3,175.15234042553192,232.35928387359283,273.9904762827006,206.46055285957817,175.31028403286336
2025-10-12,4,181.35160843998617,228.5146613486964,276.9282495678948,206.54129663353882,176.11720916767078
2025-10-12,5,180.4660107334526,230.6975099037917,277.78136208132497,208.00425913829636,176.16186631389525
2025-10-12,6,190.5354821939173,217.70224387363447,273.01614069983015,201.6187446308242,185.78833970668262
2025-10-12,7,221.2073591414335,232.48081841432224,281.10377043299957,210.52522295175515,192.59752855222905
2025-10-12,8,185.3671290580289,195.8860992039192,238.58762846984314,172.52895815918117,178.14330981613227
2025-10-12,9,134.7863448534936,126.8856583729382,171.1808774758938,107.15489121023869,132.0037070816736
2025-10-12,10,153.73328501540135,121.83704549781078,166.32422301292368,101.04577244297914,131.1278187207811
2025-10-12,11,154.13223140495867,123.81721918471868,168.48708961282202,102.62498671453069,133.41716816796915
2025-10-12,12,156.40745870350975,133.2076585141958,173.59413061257698,109.01704808187469,137.93066169895036
2025-10-12,13,156.20030196275792,134.05215098707478,170.24307480273413,107.38056334246497,137.0174338079621
2025-10-12,14,154.51114796388427,127.001414427157,162.82296480792849,100.46387091753446,132.53173170857605
2025-10-12,15,142.26037692218753,121.2196418485664,154.3267872901366,93.50066045434129,122.22456859439194
2025-10-12,16,123.5172383997235,114.62985756989626,143.95260704017815,86.40917931806493,110.08764494243006
2025-10-12,17,118.19993420125016,102.8901085693682,145.4574009891021,85.21545408459401,102.1793814224739
2025-10-12,18,195.6855886468119,142.70968694624926,202.26363788860178,134.03566782276584,143.55813747976984
2025-10-12,19,251.5227532368621,202.8899288096779,259.219776757871,189.71089248947382,208.5469883834304
2025-10-12,20,245.8644263636801,202.80815887301893,260.88418030012866,191.862418387276,212.85745792795458
2025-10-12,21,239.1067615658363,195.9253692666494,259.62995830564284,188.548195099254,213.45737381919247
2025-10-12,22,233.8070231275196,193.1074434364412,258.3284982884659,186.38311373062368,209.53776247263104
2025-10-12,23,229.20619554695065,178.24792023877563,250.46723609929322,176.2430439237756,202.0094009943019
2025-10-13,0,228.01217424386533,162.32178217821783,250.38838725115173,220.46161044642938,226.1645060501564
2025-10-13,1,236.5019058926452,161.12637766348274,250.92012848053005,219.95656600658958,226.98201906667174
2025-10-13,2,238.10624597553124,151.63760795176796,253.0295000178383,217.11149981247428,222.10639918405923
2025-10-13,3,250.47809025506868,175.15234042553192,259.3781971021189,228.45391631044478,244.49600753854048
2025-10-13,4,254.8352150362201,181.35160843998617,262.538359913215,232.17798868045554,244.56486964406827
2025-10-13,5,257.68091168091166,180.4660107334526,262.77438058878016,232.2817186459783,246.90248820100612
2025-10-13,6,255.43089940457537,190.5354821939173,258.4311726843065,234.3887181990684,250.69790418236664
2025-10-13,7,265.75457233599826,221.2073591414335,271.22891052372955,251.1877095175496,249.3690842801144
2025-10-13,8,233.0305672376654,185.3671290580289,232.7092706007637,213.0218324171611,220.09601532337956
2025-10-13,9,169.30482737193677,134.7863448534936,171.29270943685566,156.21719138736043,165.2185599968173
2025-10-13,10,157.4668061769375,153.73328501540135,168.00678065128503,161.43674623643446,175.8150631818183
2025-10-13,11,164.88911564625852,154.13223140495867,169.97119837291902,162.3554241210007,176.715758466624
2025-10-13,12,162.35621765927294,156.40745870350975,174.34477903710862,165.66560010086286,179.99723670679026
2025-10-13,13,162.95766346877969,156.20030196275792,170.8313375425543,163.79496383149115,176.65900056540676
2025-10-13,14,167.12003291390957,154.51114796388427,163.94716609462276,159.0969329303669,174.720387672403
2025-10-13,15,160.58604023029355,142.26037692218753,156.08540871275363,149.93303000335106,158.98955126648022
2025-10-13,16,155.35983231115597,123.5172383997235,145.82595278253226,137.50657385139814,146.7281038518278
2025-10-13,17,174.1850743641644,118.19993420125016,146.4519768912126,137.98743752449843,139.97610290554465
2025-10-13,18,239.86619406291533,195.6855886468119,203.68719865738834,201.83892293854547,206.51019425418284
2025-10-13,19,261.2009320666786,251.5227532368621,258.3924229664754,255.35861138597997,259.7587528274464
2025-10-13,20,259.92236169223617,245.8644263636801,258.8409591790457,255.09904463105505,258.43301401451964
2025-10-13,21,255.84649230017112,239.1067615658363,256.8563285562879,251.51571249333753,253.57436702992842
2025-10-13,22,257.0805662805663,233.8070231275196,254.94863606210808,248.10119457485158,252.58151710041517
2025-10-13,23,256.5121858132054,229.20619554695065,246.42257380892153,241.25979312946464,245.91474919919256
2025-10-14,0,260.57471264367814,228.01217424386533,245.50076464965238,246.56271646274797,251.94924606137485
2025-10-14,1,270.3126198695819,236.5019058926452,246.49009734674544,249.70463684113443,251.6359846952705
2025-10-14,2,278.71125293045066,238.10624597553124,247.02362242759378,249.890775123371,250.43782121644492
2025-10-14,3,282.44919161093435,250.47809025506868,254.33341729903515,258.18001696061793,253.62097348305088
2025-10-14,4,285.23166397415184,254.8352150362201,257.9548245750612,261.5477625907872,256.1444652062297
2025-10-14,5,280.32097969706734,257.68091168091166,258.23802066984797,263.0191890222422,257.11946029048175
2025-10-14,6,280.2082174853259,255.43089940457537,253.88076574953539,261.2496676686149,255.01743242292633
2025-10-14,7,277.88449333615404,265.75457233599826,267.3401805870338,271.6293900986804,260.1126519244427
2025-10-14,8,255.21067065569684,233.0305672376654,229.49574123620897,237.1859711815801,225.3924324384448
2025-10-14,9,220.05447706342687,169.30482737193677,169.53881319595547,178.16333815171572,160.91310053187863
2025-10-14,10,210.3330686614568,157.4668061769375,166.8185812580904,171.38271116112696,150.91358346968764
2025-10-14,11,205.47218832421368,164.88911564625852,169.67194639264906,175.02138160067545,157.90702277320221
2025-10-14,12,207.1116737637626,162.35621765927294,173.26036190450492,176.19069765483067,158.84417552679736
2025-10-14,13,210.8363993132205,162.95766346877969,170.14362815522932,175.52403487612258,158.11364240663954
2025-10-14,14,204.26213039547267,167.12003291390957,165.27166635276868,174.67708927863305,158.65617660880523
2025-10-14,15,203.50830769230768,160.58604023029355,158.12700778768047,168.5370394658504,151.4887274299233
2025-10-14,16,198.4751784715597,155.35983231115597,148.3465519401337,162.342091436171,144.9127103317149
2025-10-14,17,205.45479092732603,174.1850743641644,150.72398632793963,173.21687080691794,155.28000048761993
2025-10-14,18,247.9739837398374,239.86619406291533,207.40437617605863,230.3752579962183,229.48799916258602
2025-10-14,19,268.7045323645386,261.2009320666786,256.34572783315474,265.5889767858753,254.61507236273704
2025-10-14,20,269.79290076686414,259.92236169223617,256.16332512832656,266.2660019590352,254.0501306132601
2025-10-14,21,270.5949601089706,255.84649230017112,253.82876695852275,263.29308545996565,251.5087429305783
2025-10-14,22,272.1769293092971,257.0805662805663,251.5756484488949,262.0640610288233,248.74882647372863
2025-10-14,23,270.34814193908915,256.5121858132054,244.1090716999345,257.04944212172086,246.61254413378472
2025-10-15,0,275.54123558971327,260.57471264367814,242.63542679132738,260.0447942194095,268.64814513214947
2025-10-15,1,272.5618300497036,270.3126198695819,244.39565269420208,264.1037719554558,270.8212567506301
2025-10-15,2,281.53440774557265,278.71125293045066,245.88066123664754,267.1142738382731,270.4592681522375
2025-10-15,3,281.667167678711,282.44919161093435,252.91009766944626,272.2725738874129,271.8296121100917
2025-10-15,4,279.9220975524679,285.23166397415184,256.73208024478674,275.1237001535651,271.2805935399473
2025-10-15,5,270.31817082022746,280.32097969706734,256.9198062474463,273.9048201259518,272.98389443298856
2025-10-15,6,274.43706646113714,280.2082174853259,252.8933604395833,272.95411741584303,269.91375309515604
2025-10-15,7,287.83997286032763,277.88449333615404,266.0420355506972,278.6278825293638,271.4744746195442
2025-10-15,8,253.84156649135988,255.21067065569684,232.42472340021232,250.40945424741858,243.11256291014678
2025-10-15,9,171.2287673367617,220.05447706342687,175.3647536383533,204.78784397274651,180.64761295138652
2025-10-15,10,167.2625366786456,210.3330686614568,173.62006458282303,199.50681768413455,175.95779346032327
2025-10-15,11,171.68869630276205,205.47218832421368,176.22459165191805,198.59980014538743,176.88173707536976
2025-10-15,12,171.26079913606912,207.1116737637626,179.1510919130032,200.25881462873673,177.8320976364791
2025-10-15,13,166.1343588804444,210.8363993132205,176.8581086867328,199.68358554552378,176.73429230392512
2025-10-15,14,164.0149413693103,204.26213039547267,172.13142499035843,194.28865909039524,170.0939099053748
2025-10-15,15,165.54662802950477,203.50830769230768,165.3837075442997,190.23174168158226,164.47034281428438
2025-10-15,16,164.18196185481844,198.4751784715597,157.1164566886708,185.16217923310876,160.03632217789334
2025-10-15,17,159.78914182771044,205.45479092732603,159.62363350126836,191.65464366492137,162.74167624153222
2025-10-15,18,227.27473795557265,247.9739837398374,211.31152633931222,238.35556501245858,226.28992587300047
2025-10-15,19,266.1557858059784,268.7045323645386,254.30151225991025,270.68729200798373,260.3679331653275
2025-10-15,20,260.8049521766336,269.79290076686414,253.79118901162883,272.0624649779197,260.5872828048864
2025-10-15,21,262.5998320582198,270.5949601089706,251.10332692962817,270.6768417557986,259.0205992238675
2025-10-15,22,262.13389957531854,272.1769293092971,249.98592165009342,270.04869137634057,259.8111945841431
2025-10-15,23,256.5311760063141,270.34814193908915,242.5043593615846,264.76725070331315,257.12675829810274
2025-10-16,0,271.0901261150415,275.54123558971327,242.03033494018024,251.00600895312772,252.5660090042498
2025-10-16,1,288.3422019510959,272.5618300497036,243.94401511553946,250.70549923161133,251.70445311077088
2025-10-16,2,298.8371777476255,281.53440774557265,246.53355293119017,254.3391548252039,253.50275811812818
2025-10-16,3,308.64104829210834,281.667167678711,253.04863125723554,257.93311375746293,253.24489917337567
2025-10-16,4,313.8630279595479,279.9220975524679,255.89107580503853,258.79257790190564,252.9740870179282
2025-10-16,5,311.6240045506257,270.31817082022746,254.9289136902734,255.30906976034717,251.7828075826489
2025-10-16,6,301.104935821093,274.43706646113714,252.94411212999586,256.67639815006436,252.84317217158593
2025-10-16,7,289.9309653713395,287.83997286032763,267.0448761509964,267.76563429923095,258.21641798457085
2025-10-16,8,246.9351525048728,253.84156649135988,235.67716426224993,235.57475928562542,235.23735142950366
2025-10-16,9,170.57157839538542,171.2287673367617,176.38414564991731,170.07478185209587,160.55415339629442
2025-10-16,10,163.47368421052633,167.2625366786456,172.9164302120416,166.1365715036944,159.12871695174778
2025-10-16,11,161.92208722842904,171.68869630276205,175.73599603841078,168.75700241808454,162.09768564289323
2025-10-16,12,167.5401304238776,171.26079913606912,177.7735590545577,169.6509603792829,160.44410934861838
2025-10-16,13,175.2238944630249,166.1343588804444,175.74420287696884,166.62843362355255,159.59450436168567
2025-10-16,14,173.436551501453,164.0149413693103,172.295786178422,163.58494660777123,157.81796061864233
2025-10-16,15,164.6179983179142,165.54662802950477,167.7393866183965,161.29166322908574,155.8261501820234
2025-10-16,16,157.10496824803886,164.18196185481844,160.7267940231752,157.70989658743164,154.71298230216536
2025-10-16,17,144.9982154010886,159.78914182771044,163.01296104545517,159.1744637108696,152.752130747737
2025-10-16,18,222.71955812201853,227.27473795557265,216.90109649294527,216.81568340106656,218.33753343344364
2025-10-16,19,282.48418922337464,266.1557858059784,255.6208829278225,255.6365316384904,254.2924763812988
2025-10-16,20,284.9564718761403,260.8049521766336,254.01453276633077,254.3615633876122,251.6655255466012
2025-10-16,21,280.0016737335416,262.5998320582198,251.65763924503875,253.46539365266676,252.53956172816103
2025-10-16,22,277.7092485210566,262.13389957531854,250.5642279880623,252.17827271906623,251.5257300110955
2025-10-16,23,285.2913659449345,256.5311760063141,243.082630500724,245.53304531808513,249.97196145845564
2025-10-17,0,285.90662323561344,271.0901261150415,244.4759349874378,263.3433243728147,284.0973414328394
2025-10-17,1,281.6323076923077,288.3422019510959,248.22564735773773,270.77225021865416,282.9629030986008
2025-10-17,2,287.0691366192524,298.8371777476255,251.03477164532498,275.13732203632725,285.0386104216085
2025-10-17,3,283.0983193277311,308.64104829210834,258.05474636275585,282.23288196816566,289.170484101084
2025-10-17,4,285.3794995427716,313.8630279595479,260.89541125317567,285.41280445774464,290.5967095292391
2025-10-17,5,279.35402260077586,311.6240045506257,259.06606882776634,284.01936050271854,289.68305978153046
2025-10-17,6,274.3725549202528,301.104935821093,256.23556816304574,280.1597329588613,286.31940137468644
2025-10-17,7,292.68323811839065,289.9309653713395,265.9838054832888,281.3579506776229,284.6030136288089
2025-10-17,8,250.4670651991732,246.9351525048728,233.13977632485128,244.6831975750597,254.9937125157208
2025-10-17,9,163.0184182015168,170.57157839538542,172.6379120100066,179.32956318337037,180.7443437981901
2025-10-17,10,164.78219362138464,163.47368421052633,168.00366205028965,173.40844315523194,167.13262266688105
2025-10-17,11,164.8728924323618,161.92208722842904,170.0834632000578,173.75525073977042,165.95247107360507
2025-10-17,12,166.72952268709489,167.5401304238776,172.14353238300652,177.34648000636759,173.34116852660114
2025-10-17,13,166.4453590013945,175.2238944630249,172.51019228449647,180.33568130250887,179.76635790365128
2025-10-17,14,158.3286301125201,173.436551501453,169.33599311942635,177.6571066687803,178.02529901532714
2025-10-17,15,150.0542871443422,164.6179983179142,163.25846283003256,170.91655016063785,168.72065699298147
2025-10-17,16,141.71241554054055,157.10496824803886,155.62252709025967,164.54809054994314,160.43018091041205
2025-10-17,17,142.8699317923456,144.9982154010886,155.42701829144835,161.40244552843,156.91709921755717
2025-10-17,18,226.1144360747085,222.71955812201853,215.0929142837705,226.3387028749822,235.7171688182478
2025-10-17,19,275.139761868261,282.48418922337464,256.69061587660184,274.570771928203,278.1331413065771
2025-10-17,20,274.3411561515798,284.9564718761403,255.0765145555126,276.1666442294487,276.78697992663933
2025-10-17,21,270.09023210306026,280.0016737335416,252.190272751996,272.77593666150204,276.8168483749449
2025-10-17,22,271.34699287568344,277.7092485210566,251.0670270378684,270.7656958451375,276.8870288874818
2025-10-17,23,277.07371872722854,285.2913659449345,245.27277560149312,269.5508303292686,274.83098098800303
2025-10-18,0,284.99643851583244,285.90662323561344,246.13441872060068,260.43859657410405,274.6906350401835
2025-10-18,1,290.7631374213169,281.6323076923077,249.72328478713703,260.63576658615744,274.7653018959866
2025-10-18,2,288.86230317999383,287.0691366192524,253.36255638193762,263.709863373947,272.2647116519082
2025-10-18,3,292.75564409030545,283.0983193277311,259.120777351954,265.7519756434501,271.9465007097072
2025-10-18,4,290.1098007320049,285.3794995427716,261.29968197912024,267.7913067476858,272.9929855204655
2025-10-18,5,291.9795003203075,279.35402260077586,258.6373728552646,264.74550145657065,269.046000670208
2025-10-18,6,294.2188242750753,274.3725549202528,256.2559143085623,262.81020131629754,267.9955887071716
2025-10-18,7,297.76647217873915,292.68323811839065,266.8259170825666,274.1038171597514,273.41878227227426
2025-10-18,8,251.73177766124803,250.4670651991732,231.53403576438805,236.67733812145218,236.74596147680748
2025-10-18,9,178.80402528705974,163.0184182015168,165.12143879935132,164.721853412067,153.4031513631142
2025-10-18,10,168.00833362512694,164.78219362138464,162.6983742660233,163.18155272510182,148.90942547629328
2025-10-18,11,161.442354243032,164.8728924323618,163.82777578910034,163.83976646499192,148.1859273434349
2025-10-18,12,168.54219779492104,166.72952268709489,166.37335155539753,166.14914547398106,149.6078040082416
2025-10-18,13,170.40976257678898,166.4453590013945,167.40716115381383,166.2503973888998,150.0636176660489
2025-10-18,14,169.74519716885743,158.3286301125201,164.09640695481525,161.0677894499309,145.35157731520036
2025-10-18,15,161.47156288532676,150.0542871443422,158.25618288358805,154.59723529153146,137.14035041075044
2025-10-18,16,142.2147938630325,141.71241554054055,150.7116360565333,147.73643584689228,132.95067043541306
2025-10-18,17,145.56894498690164,142.8699317923456,149.7695995833219,149.64632058547346,134.99000202937222
2025-10-18,18,245.0626868550487,226.1144360747085,214.62059793544478,219.54378882394136,222.45262145274745
2025-10-18,19,288.854876860999,275.139761868261,258.299697625053,264.74536048255277,261.2728103763361
2025-10-18,20,286.49815998450515,274.3411561515798,256.9272039857362,265.2016540280954,261.43255035403354
2025-10-18,21,287.9438447113679,270.09023210306026,253.45218873377846,261.82094659766483,262.2363425107036
2025-10-18,22,287.3858333770251,271.34699287568344,252.48030044655474,261.0902241173336,260.88887567595464
2025-10-18,23,286.4893999281352,277.07371872722854,250.45867203092828,260.9859478428061,261.1801840221245
2025-10-19,0,299.1193181818182,284.99643851583244,252.6347275031374,267.26567087021056,283.97297729386383
2025-10-19,1,303.0080610946118,290.7631374213169,257.32005436287625,271.2553451648886,286.2408372048908
2025-10-19,2,306.5684999617532,288.86230317999383,260.67973316431346,271.89597198239187,282.6823485169062
2025-10-19,3,314.08962454582155,292.75564409030545,267.74882881148443,276.9152976885347,286.40060485430166
2025-10-19,4,306.0319076714189,290.1098007320049,270.0989876053072,277.2865432049926,285.3530050290961
2025-10-19,5,304.7371596001379,291.9795003203075,267.3919429147669,276.8785481848495,285.9928761833737
2025-10-19,6,304.3117530736824,294.2188242750753,267.18685436591096,278.44100668352337,285.29177835109806
2025-10-19,7,307.8428214832112,297.76647217873915,276.1524390489118,284.05080947957384,284.12411975786034
2025-10-19,8,254.4746322425698,251.73177766124803,239.51198982972073,244.2833131009826,244.36650617705078
2025-10-19,9,164.72884514310286,178.80402528705974,172.53834835851154,177.6194743537407,166.34905811236342
2025-10-19,10,170.2250155183116,168.00833362512694,169.2942725699256,171.06918075801497,162.07635524574837
2025-10-19,11,174.2901963679315,161.442354243032,169.2027950831451,168.53672912163802,152.87193944285343
2025-10-19,12,179.37399285363975,168.54219779492104,171.42114288121542,172.62194013322846,160.96356366757036
2025-10-19,13,179.90392286080956,170.40976257678898,172.6011056666301,173.54667485420592,161.80470168032338
2025-10-19,14,160.56576576576578,169.74519716885743,170.20266163220103,171.61100934066465,160.3728184032758
2025-10-19,15,150.0842276283723,161.47156288532676,164.00645731741096,164.86485338182916,147.74893215235772
2025-10-19,16,125.28570122508684,142.2147938630325,154.65234124126707,152.86942906694225,141.78740568641405
2025-10-19,17,115.82826671982458,145.56894498690164,155.86657621439812,156.8517964437986,144.87201546766528
2025-10-19,18,204.0875611640484,245.0626868550487,229.2424550652733,237.47359857881534,238.14654472076998
2025-10-19,19,235.83197306672108,288.854876860999,270.5804044895275,278.6910048005197,271.4181296418409
2025-10-19,20,230.3921048442723,286.49815998450515,268.88291843023416,278.3691585065021,271.1539541234221
2025-10-19,21,227.29904068805823,287.9438447113679,266.5976852258811,277.5306509544151,270.0639657994527
2025-10-19,22,225.74346216153668,287.3858333770251,265.94864186663807,276.4444321687787,269.63421383484126
2025-10-19,23,226.20063399815083,286.4893999281352,265.92174055797966,275.2344425393878,268.4317445275206
2025-10-20,0,226.7247412159207,299.1193181818182,272.1772326465089,249.34621280524232,230.68708982522023
2025-10-20,1,238.2856924487924,303.0080610946118,277.588866281609,253.1875881063662,230.58682563704502
2025-10-20,2,249.4394923704487,306.5684999617532,282.8127177371685,256.647944955277,231.71939774924633
2025-10-20,3,258.12734363281834,314.08962454582155,287.59701225724007,261.5338415822946,235.04039521581387
2025-10-20,4,258.7507966857871,306.0319076714189,287.9104589240833,259.06610378329975,232.28193223682445
2025-10-20,5,249.19981814048649,304.7371596001379,285.1449641814362,257.5461999890501,233.17758830785678
2025-10-20,6,263.22497522299307,304.3117530736824,283.44060734873455,257.50061305821055,234.48455050921206
2025-10-20,7,278.2550705467372,307.8428214832112,288.5289336691658,260.9697692711636,236.77733145137276
2025-10-20,8,245.75507326652905,254.4746322425698,249.38449028465513,217.19548048670865,216.6530620949807
2025-10-20,9,167.04556609947645,164.72884514310286,176.81584839988432,141.05206259863002,160.6208136101722
2025-10-20,10,163.7859908253896,170.2250155183116,171.65023407034136,140.2350248982805,162.45933517494015
2025-10-20,11,162.99382024270756,174.2901963679315,172.0825043635698,142.05341599517564,163.9936023054851
2025-10-20,12,170.11056511056512,179.37399285363975,174.702076331234,145.91511385110812,166.69595858161426
2025-10-20,13,166.96043948681876,179.90392286080956,175.98733722349465,146.594016615128,167.32029853274426
2025-10-20,14,155.40104242073258,160.56576576576578,171.06760703246982,136.197706745213,159.75335379005705
2025-10-20,15,144.87737214538436,150.0842276283723,165.12415027543736,128.906903184785,148.59580538355806
2025-10-20,16,135.12072267088502,125.28570122508684,154.90497878774755,114.25353445327235,141.0699903783853
2025-10-20,17,161.59110778069189,115.82826671982458,155.52776657419446,113.1954858191745,140.55605962678365
2025-10-20,18,262.7564971055549,204.0875611640484,230.44273685344993,191.2077211860308,210.59315768624057
2025-10-20,19,299.6704213600334,235.83197306672108,268.33886446522166,226.47835409120833,245.8134028044473
2025-10-20,20,300.7301422129726,230.3921048442723,266.6725867846045,225.09696057245785,246.37972972085905
2025-10-20,21,304.59199330450554,227.29904068805823,264.9108679576271,223.0739423730738,244.04790314844823
2025-10-20,22,308.0388683886839,225.74346216153668,264.7967045857834,221.91412451287513,244.72839139322153
2025-10-20,23,310.78064870808134,226.20063399815083,265.49237462243684,221.47237317361757,245.47145603584116
2025-10-21,0,314.3629507997324,226.7247412159207,271.9933136425168,278.0018200525464,312.0743707160914
2025-10-21,1,312.27143042406954,238.2856924487924,277.84369293248716,284.69406355807394,311.8162954992082
2025-10-21,2,324.0894634955752,249.4394923704487,284.4317529364424,291.5202675075212,312.6046110154155
2025-10-21,3,325.9993016759777,258.12734363281834,288.68976273977574,296.57127364831183,312.9308501809858
2025-10-21,4,326.6570177915843,258.7507966857871,288.46982773116434,296.694730780358,312.4543664387486
2025-10-21,5,322.0240578500904,249.19981814048649,283.9333793899469,291.3674130729834,313.2598634257404
2025-10-21,6,321.57750878563064,263.22497522299307,284.55404675136566,297.3814127223432,313.13228182543924
2025-10-21,7,322.1203953279425,278.2550705467372,290.31471912784275,305.191046679837,311.10779460894184
2025-10-21,8,280.49511854951186,245.75507326652905,251.2022768602071,269.99402651734334,274.1263361780865
2025-10-21,9,205.66987446041745,167.04556609947645,176.49309678953287,195.80034887414547,187.47475534289768
2025-10-21,10,184.5348756666897,163.7859908253896,172.55297473440592,191.88020213257602,186.0259130637663
2025-10-21,11,185.10865447532456,162.99382024270756,171.8117478773482,191.09441390529682,185.78867320991358
2025-10-21,12,192.0175612332475,170.11056511056512,175.80984025284715,195.83097518673253,193.30186273991694
2025-10-21,13,188.6470566978644,166.96043948681876,176.5591623689288,194.53948601297049,186.053639702487
2025-10-21,14,181.7403160135968,155.40104242073258,169.39346553344453,185.78505307140156,174.07342023710885
2025-10-21,15,182.1278005065264,144.87737214538436,162.88005483473606,178.05151674694736,166.78876693020925
2025-10-21,16,175.9209289014269,135.12072267088502,152.013677410566,168.71834831720668,163.0546677004493
2025-10-21,17,203.50986121256392,161.59110778069189,153.72862849084123,181.93133859126533,180.6254048683857
2025-10-21,18,284.1432785503582,262.7564971055549,233.71278014525555,266.29470362747895,273.8262025279495
2025-10-21,19,302.3543566362715,299.6704213600334,273.83450579284374,303.71841752377514,308.4829962187863
2025-10-21,20,303.44916626548206,300.7301422129726,272.5022697161383,304.6610346601231,306.93395100559985
2025-10-21,21,294.89659863945576,304.59199330450554,271.8745109582463,305.39453349157804,307.7724975992671
2025-10-21,22,284.29073913462463,308.0388683886839,272.0764620298002,305.99263556734735,307.36772010351314
2025-10-21,23,283.5897703005365,310.78064870808134,273.2450121788476,306.5775442942276,308.42597286715534
2025-10-22,0,283.42661369263544,314.3629507997324,279.6773476648103,283.53058247450355,277.7103165177425
2025-10-22,1,282.72775237425253,312.27143042406954,283.8378087259854,284.98181743749547,277.71078472506775
2025-10-22,2,278.8698608964451,324.0894634955752,290.91435444574597,292.24222880915767,279.65436150957765
2025-10-22,3,279.4725676233131,325.9993016759777,294.9112070347819,294.98265398297684,281.89311451782896
2025-10-22,4,275.13629679900464,326.6570177915843,294.3877354193689,295.0721207248853,281.8319363256763
2025-10-22,5,270.3411402336258,322.0240578500904,289.8909619832359,291.4638472652836,279.4951298273877
2025-10-22,6,264.91810163796725,321.57750878563064,290.46394550855206,292.66115276341895,278.0263257403099
2025-10-22,7,268.31761658031087,322.1203953279425,296.63413369809825,295.78863280413634,282.00110523709697
2025-10-22,8,247.3286154438668,280.49511854951186,254.8143408450378,256.541954876503,268.6007349868439
2025-10-22,9,184.81809540269617,205.66987446041745,174.43815356053148,183.10633966150237,191.41299736702234
2025-10-22,10,159.88702610710794,184.5348756666897,168.86751859229636,171.53071657806305,179.45088921274663
2025-10-22,11,162.98090992615784,185.10865447532456,168.9026716132212,171.53670147902938,178.43760676900115
2025-10-22,12,175.37988954609327,192.0175612332475,173.65353846277358,176.80208740469402,184.14588528809645
2025-10-22,13,173.6534742812943,188.6470566978644,173.3892562810208,175.14442550229396,179.57019389033593
2025-10-22,14,167.27731196435755,181.7403160135968,166.17606347889085,168.22634788976367,176.55529465052567
2025-10-22,15,172.2361082722574,182.1278005065264,159.8256966653387,164.72504213597358,176.65775059455058
2025-10-22,16,161.20439507072177,175.9209289014269,148.79164175768986,157.0727738616127,175.7886436979556
2025-10-22,17,143.9556348406112,203.50986121256392,153.45078138873237,172.75130480326777,184.47919945394472
2025-10-22,18,204.19036767605945,284.1432785503582,238.87982226104424,250.65830411477384,270.4422800916543
2025-10-22,19,229.98623979451423,302.3543566362715,278.6416235459484,280.57509934009204,284.9682195011548
2025-10-22,20,226.9455343796712,303.44916626548206,277.3103076445123,281.5786644292788,284.7446144246125
2025-10-22,21,223.5829336026256,294.89659863945576,275.34617360545843,277.5385521990494,285.84100197743606
2025-10-22,22,224.8199731765192,284.29073913462463,273.8070062905613,272.7102513965836,286.12968722594155
2025-10-22,23,218.9911251073576,283.5897703005365,275.13667337334016,272.2938281663394,283.7359952249997
2025-10-23,0,214.136083245062,283.42661369263544,280.80383025094204,243.70244630808781,208.99978163758965
2025-10-23,1,214.7109549664644,282.72775237425253,285.2900833437781,245.44489800525452,207.26573248405492
2025-10-23,2,221.2887672660933,278.8698608964451,290.5337048958706,246.37171631528105,206.54296994746522
2025-10-23,3,227.2568825510002,279.4725676233131,294.5976927411537,248.48911909887534,206.57624136634462
2025-10-23,4,245.53112546379003,275.13629679900464,293.7040495974456,246.5882243130702,205.9151996113164
2025-10-23,5,249.78140204207497,270.3411402336258,289.89424332800706,243.24998645715846,208.17228750521718
2025-10-23,6,253.01497292131253,264.91810163796725,289.10409339095634,242.12576729596253,214.20365680306546
2025-10-23,7,271.720303285594,268.31761658031087,293.84522565809584,245.56937110080312,216.3524589404829
2025-10-23,8,244.9811162400336,247.3286154438668,253.8839192668245,215.57597476860147,207.83410635307445
2025-10-23,9,168.19169639961078,184.81809540269617,176.37948614137926,149.15703325683518,154.8657555089519
2025-10-23,10,155.5267417549066,159.88702610710794,167.81387422493384,133.91695703617108,139.7401816715127
2025-10-23,11,157.52629046669875,162.98090992615784,167.65870213084918,134.51214764079208,143.9742400944997
2025-10-23,12,164.9241046330897,175.37988954609327,174.24197994991988,141.94416759433776,148.38949662631038
2025-10-23,13,165.5892034233048,173.6534742812943,174.4634156239993,140.6427790005687,149.34422113731273
2025-10-23,14,164.18780740357235,167.27731196435755,166.6421164210405,134.07411763889053,146.6101473192594
2025-10-23,15,155.27342595329588,172.2361082722574,160.78133670001765,132.77494995336903,145.12043957548474
2025-10-23,16,144.15606976582586,161.20439507072177,148.3662750742475,122.80839608142018,136.95138812543956
2025-10-23,17,138.6199342825849,143.9556348406112,151.18885181914678,120.2649711047194,131.10379244702625
2025-10-23,18,217.01014540184207,204.19036767605945,235.58205507825664,190.3614997525611,199.27992450070676
2025-10-23,19,243.6995327102804,229.98623979451423,273.47454554431073,222.09126407211716,229.98029319954912
2025-10-23,20,247.81706343616472,226.9455343796712,272.47324795923197,221.74427382137716,231.0891970361935
2025-10-23,21,255.382931101596,223.5829336026256,269.772330968945,219.06379706915249,230.51085299875518
2025-10-23,22,263.9358496348128,224.8199731765192,268.4764453764471,218.26604711486894,230.45789428610365
2025-10-23,23,265.0965759438104,218.9911251073576,269.77380895920345,215.842080714904,228.7433876105545
2025-10-24,0,272.30197571143736,214.136083245062,272.6675384123735,253.14730403959888,264.9518020748073
2025-10-24,1,285.1474566207033,214.7109549664644,274.77133377454504,254.32495034210498,264.0221201967329
2025-10-24,2,291.3869215430104,221.2887672660933,279.45536054136596,258.5366094529308,264.95705864348946
2025-10-24,3,295.83162353564103,227.2568825510002,282.9713833495668,262.43681293667305,265.00199952738177
2025-10-24,4,296.23856209150324,245.53112546379003,283.94234924090875,269.4756948297287,262.2931836399762
2025-10-24,5,296.1165498081757,249.78140204207497,281.05958582678556,269.8211724081466,261.2481679050744
2025-10-24,6,296.41971403264586,253.01497292131253,282.2340986909877,272.29672148385674,264.5202965217662
2025-10-24,7,303.2071163037706,271.720303285594,291.2437025029894,282.7606524878999,272.01898142235956
2025-10-24,8,268.67486126238265,244.9811162400336,253.60477122899033,251.34601371685545,244.97817975125685
2025-10-24,9,172.80840784845532,168.19169639961078,176.03950299912574,178.49152238749124,170.517150812558
2025-10-24,10,162.8425740218241,155.5267417549066,166.67859673127387,167.41385797439472,162.80424559435352
2025-10-24,11,162.24550798764488,157.52629046669875,167.03073116488773,167.54658397957016,160.23634155919484
2025-10-24,12,167.38426229508195,164.9241046330897,173.86826197980733,174.1282676675626,163.85266710934357
2025-10-24,13,165.41974976456342,165.5892034233048,173.08703118975362,173.80688829616676,163.59218265936
2025-10-24,14,163.07195146079272,164.18780740357235,165.32086726420036,169.14826483738472,162.25325433495817
2025-10-24,15,153.98413280442682,155.27342595329588,159.44639779078648,162.4268598904101,159.1278256546654
2025-10-24,16,141.3178349349915,144.15606976582586,146.51643243393136,151.85292095695166,147.20733049959907
2025-10-24,17,141.1369003990553,138.6199342825849,150.27766880221768,153.5400696104988,145.23836378138787
2025-10-24,18,221.32162458836444,217.01014540184207,234.76642468966,231.1262816535259,222.45281121231815
2025-10-24,19,247.86181850789097,243.6995327102804,267.9338803281544,261.42332588984016,262.40277759657573
2025-10-24,20,246.63266731870897,247.81706343616472,267.16761818209255,263.7071005708317,261.7369928634883
2025-10-24,21,241.233874938454,255.382931101596,266.2553677358099,265.6668629594627,261.0256641080775
2025-10-24,22,243.2087667912332,263.9358496348128,266.50881696412654,268.2042261914925,261.86722828997284
2025-10-24,23,239.30927892991625,265.0965759438104,266.8888389590429,267.65493371869877,260.2887722611607
2025-10-25,0,238.18616923360128,272.30197571143736,270.72401733749126,235.05406416205932,235.27009260978699
2025-10-25,1,245.6656842644797,285.1474566207033,275.273497907173,241.51085838970133,235.1138370122536
2025-10-25,2,258.96241991942406,291.3869215430104,280.07218695904567,245.87376946874525,232.54044722600975
2025-10-25,3,260.7973901098901,295.83162353564103,284.79042680783965,249.83386181509167,232.48688074819967
2025-10-25,4,262.8548262003807,296.23856209150324,285.4936438907276,250.92985504509147,234.70304785073327
2025-10-25,5,266.1076634434983,296.1165498081757,283.4542325706998,250.19913478639225,235.9873550544115
2025-10-25,6,270.90059532050395,296.41971403264586,285.383692849901,252.1515809952324,240.18011429402097
2025-10-25,7,271.191601694395,303.2071163037706,292.74711367232936,258.0102101142672,243.63461862320491
2025-10-25,8,223.9932266009852,268.67486126238265,256.20588495230595,224.45749067449538,229.2480708865391
2025-10-25,9,149.57811796488068,172.80840784845532,177.4380729486884,143.36691140869027,156.23548034377575
2025-10-25,10,152.212865077943,162.8425740218241,166.40150821705092,132.97136614208546,142.4506228816574
2025-10-25,11,157.2587977774036,162.24550798764488,166.65539052992816,132.59621522496616,142.1401879204003
2025-10-25,12,162.62361417245123,167.38426229508195,173.96179620951975,138.39597888405467,146.51290443059236
2025-10-25,13,166.97552501783665,165.41974976456342,172.940515584492,136.74221249639334,144.8827098699262
2025-10-25,14,162.462068743356,163.07195146079272,165.99848459966788,132.13120906846336,143.27179494562762
2025-10-25,15,154.1674650971804,153.98413280442682,160.0078043136557,125.32593185387312,135.350784143557
2025-10-25,16,149.58742914544018,141.3178349349915,146.46006377599574,114.24855050536881,128.46645786317129
2025-10-25,17,140.02483069977427,141.1369003990553,150.0300928888905,118.45531704062714,130.04605884046683
2025-10-25,18,200.34455366895045,221.32162458836444,234.08173733446802,196.34741762823535,211.12196113574026
2025-10-25,19,229.14215560898256,247.86181850789097,264.03703127667296,224.7201112644352,237.99789061309525
2025-10-25,20,226.78495016437927,246.63266731870897,263.2092626345396,225.28766276635463,239.16820015505937
2025-10-25,21,223.4515291249272,241.233874938454,262.13303099800896,222.71955578546752,240.40016537241615
2025-10-25,22,210.4992319508449,243.2087667912332,262.4890703806337,223.12627060043386,241.25140518425457
2025-10-25,23,200.79676968078343,239.30927892991625,261.4939189879983,220.35366262995746,239.2967393984476
2025-10-26,0,196.8610997407559,238.18616923360128,264.0368360114582,210.37523360025028,192.82638364798504
2025-10-26,1,192.2770745428973,245.6656842644797,268.8310045990534,215.21253272029043,188.96101359254845
2025-10-26,2,188.4899482180932,258.96241991942406,275.80077506467853,222.89707810846835,188.71712605379804
2025-10-26,3,184.31247508967715,260.7973901098901,280.2249619534945,225.78298069689845,187.86532390137904
2025-10-26,4,181.27610015805672,262.8548262003807,281.6000761004956,227.71527701148958,186.7639510925217
2025-10-26,5,183.15648576295936,266.1076634434983,279.75825587401283,228.27086607695026,186.781681566599
2025-10-26,6,192.6260375038426,270.90059532050395,282.0525172849622,231.9056176415661,194.98598648202025
2025-10-26,7,196.46168727976232,271.191601694395,288.95070360313736,235.23974878281135,202.06110768742607
2025-10-26,8,180.45034177724165,223.9932266009852,252.24323480083984,196.6462104691919,185.1079219778709
2025-10-26,9,130.45423039600757,149.57811796488068,173.26294333123425,123.31889278347185,135.12162041502575
2025-10-26,10,136.73533347418834,152.212865077943,164.14501271031037,118.42674069087661,141.34939297958863
2025-10-26,11,149.18639455782312,157.2587977774036,166.05773960626695,120.82318330589487,142.69886855253992
2025-10-26,12,161.44343006194978,162.62361417245123,173.11628426345266,126.71551312685379,145.92483261396956
2025-10-26,13,162.5706342535721,166.97552501783665,172.44991021892744,128.37000951042472,148.6065974898647
2025-10-26,14,155.36401728427393,162.462068743356,164.9580376817391,122.89973768814635,140.68206588286046
2025-10-26,15,148.31992574257427,154.1674650971804,158.96436177249194,116.00237961541211,138.5461797163549
2025-10-26,16,134.567110846423,149.58742914544018,147.5132973877683,109.39969011818239,129.33222218710756
2025-10-26,17,124.8347525503752,140.02483069977427,149.238076562158,109.1618488318268,120.15195214568392
2025-10-26,18,191.796752970133,200.34455366895045,227.69343259359684,176.61506055187374,181.96264728442662
2025-10-26,19,216.0436399702455,229.14215560898256,255.5066425263849,204.65267907438783,211.9627808573672
2025-10-26,20,213.36619644449107,226.78495016437927,254.6788040888073,204.69347369393589,210.7068358320228
2025-10-26,21,209.60277944958145,223.4515291249272,252.91984305708888,202.51984732706333,213.158543254349
2025-10-26,22,209.6934667586841,210.4992319508449,251.50527017689365,196.79481518230494,214.3423337396206
2025-10-26,23,202.12106238418772,200.79676968078343,249.25211466694805,191.34255031936686,208.95662889269732
2025-10-27,0,199.8630136986301,196.8610997407559,249.42851909130644,223.59199549029532,212.3279842370917
2025-10-27,1,199.4786828422877,192.2770745428973,253.01229223452273,223.4476141503447,211.08735929976518
2025-10-27,2,203.98715914009523,188.4899482180932,258.93241052987,224.631763629689,214.2984200662059
2025-10-27,3,214.5984796129924,184.31247508967715,261.6853691740454,224.45778509390763,215.67694626407243
2025-10-27,4,227.60454783063253,181.27610015805672,263.777817884301,224.59146249737339,217.80760066215362
2025-10-27,5,217.7466280629899,183.15648576295936,262.3895881829873,225.1120086487248,221.13630619268724
2025-10-27,6,218.85022890778288,192.6260375038426,266.0974150606994,230.9151033662489,230.60654176617098
2025-10-27,7,235.4880478087649,196.46168727976232,273.0391130026446,235.1196772056778,236.29835143484883
2025-10-27,8,212.93701735031595,180.45034177724165,241.66833616293584,209.85263157775773,210.5320659674935
2025-10-27,9,140.7876568156942,130.45423039600757,168.3665697959349,148.26239805782362,151.62974961087554
2025-10-27,10,161.28602821745915,136.73533347418834,159.36077241829275,145.3025163417661,150.4277184190097
2025-10-27,11,168.27050858132577,149.18639455782312,162.4714822048229,151.8431285010971,156.8837932389422
2025-10-27,12,172.31848668359706,161.44343006194978,170.5547752932112,160.74528022989338,170.55791266184562
2025-10-27,13,174.2471129411008,162.5706342535721,169.97372613217922,160.74107084645394,170.75484907877507
2025-10-27,14,164.89797320508416,155.36401728427393,164.2149307558117,154.78300375626003,159.44523534278073
2025-10-27,15,165.63698249513754,148.31992574257427,158.71231864594938,148.64107454430302,153.38017442847155
2025-10-27,16,159.0743000850623,134.567110846423,148.8392130479592,139.2577305861503,143.88643438535556
2025-10-27,17,155.9416991289885,124.8347525503752,150.5247173950938,138.1326705891143,141.28776067482954
2025-10-27,18,250.8521632510072,191.796752970133,225.93760285160894,205.99642370357805,216.6451123632618
2025-10-27,19,275.6994886587125,216.0436399702455,252.67973779831692,231.803446178661,244.31272052149598
2025-10-27,20,279.0437013446568,213.36619644449107,252.2465314602671,231.8724590070519,243.8063027680116
2025-10-27,21,278.019576599135,209.60277944958145,250.39180573730647,229.3525497928222,243.0102127929074
2025-10-27,22,278.4155782474472,209.6934667586841,249.21241369077185,228.0153709298655,246.32195647493717
2025-10-27,23,276.3789176878864,202.12106238418772,245.8121758649533,222.51008560902767,243.63660144531778
2025-10-28,0,277.0662441707521,199.8630136986301,245.59112944597922,249.8563760922967,288.5029870993056
2025-10-28,1,275.4952016558992,199.4786828422877,247.4684337193078,250.3193584876184,288.2396106343774
2025-10-28,2,278.4568495348091,203.98715914009523,252.43922006839094,253.71314723505944,294.2220283012028
2025-10-28,3,286.2139864647116,214.5984796129924,255.46696002835597,258.7693967730211,296.29289733957074
2025-10-28,4,289.44417117560255,227.60454783063253,259.32835376213603,265.2640331521091,295.33133402651396
2025-10-28,5,285.7134714041421,217.7466280629899,257.8962753147735,261.6115035354871,297.26292237677194
2025-10-28,6,282.29048558047816,218.85022890778288,259.758165587098,263.79609588749014,300.072205533993
2025-10-28,7,290.3772148042849,235.4880478087649,266.92953832579144,272.6359707282184,300.60343430746707
2025-10-28,8,262.72475927161787,212.93701735031595,236.98004246061967,246.94751674253519,270.8009167984534
2025-10-28,9,186.2454956681745,140.7876568156942,164.61543989825174,178.72046343710463,176.82524813586292
2025-10-28,10,172.9233594820072,161.28602821745915,159.00363490287413,182.9117675905102,186.52786750374915
2025-10-28,11,174.34995083286154,168.27050858132577,163.2252948246255,187.48182453050362,192.06690369363753
2025-10-28,12,169.9386650631389,172.31848668359706,170.87019266078718,192.38224815682634,199.78179669354694
2025-10-28,13,172.26265679310865,174.2471129411008,171.0146794827909,192.54572117869603,199.06734433506745
2025-10-28,14,163.33951587551084,164.89797320508416,165.5716351535762,185.63014157186208,187.41045315557798
2025-10-28,15,159.92641363284275,165.63698249513754,161.67797726734267,183.25547295447774,186.63070005155964
2025-10-28,16,153.81700130562123,159.0743000850623,152.26115267855593,176.25735677051574,182.97952780138158
2025-10-28,17,170.96221936889614,155.9416991289885,149.71765901627904,175.53532303323678,181.0304969773008
2025-10-28,18,267.06837973991486,250.8521632510072,224.2369837295307,253.93113722904081,264.9535939165081
2025-10-28,19,290.0075199873348,275.6994886587125,249.25531884098538,279.30331445768945,290.736689728453
2025-10-28,20,291.6647070748024,279.0437013446568,249.14846847907916,281.5380385676798,291.0628313380819
2025-10-28,21,290.657153586181,278.019576599135,246.59574620796784,279.87511366176955,290.3210123974935
2025-10-28,22,287.54516084997954,278.4155782474472,244.98051509916655,278.7563311129975,288.2205420010462
2025-10-28,23,284.68224682246824,276.3789176878864,240.89764286206832,274.9826220990374,285.8507074137227
2025-10-29,0,287.4763779527559,277.0662441707521,240.26302849898204,271.3646272295601,279.48400300632574
2025-10-29,1,296.3625138906038,275.4952016558992,242.2146867524263,271.45047840810884,278.5978047188361
2025-10-29,2,301.110136320691,278.4568495348091,245.9202752168529,274.05440382903447,277.8239846918155
2025-10-29,3,309.2878767934711,286.2139864647116,249.78334356960366,278.64400164263486,279.51276162134536
2025-10-29,4,308.33723810161325,289.44417117560255,254.01223281699578,282.17575369301755,279.6223658251519
2025-10-29,5,307.8309840600712,285.7134714041421,252.70904867963802,280.54212480238743,279.0765622735182
2025-10-29,6,292.2805731422859,282.29048558047816,254.14573370064758,281.0544764728278,276.86133923041444
2025-10-29,7,299.69383951866246,290.3772148042849,262.39479825098323,287.54529210976864,278.82481969650695
2025-10-29,8,273.7716563601983,262.72475927161787,234.44141970663483,260.6269506000848,264.10452039403765
2025-10-29,9,201.0709111554877,186.2454956681745,161.84052864221704,190.63871581649138,184.10996765602698
2025-10-29,10,184.8811837732773,172.9233594820072,157.34484687649092,182.70880022769254,171.2723001094422
2025-10-29,11,181.9113291373565,174.34995083286154,161.68833716141648,185.43693369128067,172.47208201709597
2025-10-29,12,184.7457730760999,169.9386650631389,167.71606463648598,187.02922866982993,173.3059677824115
2025-10-29,13,179.84245283018868,172.26265679310865,168.67405092496867,188.17514817483857,175.15097038720378
2025-10-29,14,169.40258465565188,163.33951587551084,162.94294941956394,181.3445107611055,160.62357185279532
2025-10-29,15,161.80533804271766,159.92641363284275,158.50635057110213,177.0113003167411,156.96103863624876
2025-10-29,16,156.1815128402491,153.81700130562123,149.10344873629796,170.52473739666326,154.05094242707094
2025-10-29,17,183.4026153315182,170.96221936889614,145.06799589575508,177.7110967202895,168.47360552292963
2025-10-29,18,277.4192060869231,267.06837973991486,221.79771247089593,257.4114286094066,257.6793805623209
2025-10-29,19,298.42588216761186,290.0075199873348,247.49148503399442,281.9744222185242,271.83021315691843
2025-10-29,20,299.44428588902025,291.6647070748024,247.46497430898208,283.75679092939504,274.0869666365409
2025-10-29,21,299.4470183193777,290.657153586181,245.99011120035718,282.43028151605023,272.4185316451412
2025-10-29,22,295.90293299274737,287.54516084997954,245.4454324870744,280.45402377066455,270.65043732110036
2025-10-29,23,293.43981085567685,284.68224682246824,241.05371093663,276.36211274530245,268.8719543674008
2025-10-30,0,296.206857973933,287.4763779527559,240.8415662504278,272.80163141886936,288.4254550630592
2025-10-30,1,295.9997623150514,296.3625138906038,244.16250982619076,277.0006708797374,288.3419410475649
2025-10-30,2,297.3250457499842,301.110136320691,249.09745742031663,280.60482402542334,288.33722498639025
2025-10-30,3,299.9422552192398,309.2878767934711,254.04267345105478,285.72061847687877,292.9758790219397
2025-10-30,4,303.6816135200148,308.33723810161325,258.75522443165414,287.7011674344067,291.9032124199922
2025-10-30,5,305.9677318881206,307.8309840600712,258.0647406548445,287.3870753445473,291.38943733485485
2025-10-30,6,301.0988156478048,292.2805731422859,258.05465820126454,283.107355427931,286.5676096228602
2025-10-30,7,301.0180259284128,299.69383951866246,266.8771158136049,289.33164150522083,287.13012310362944
2025-10-30,8,285.6804346732404,273.7716563601983,238.21899698039644,262.7658231295232,272.22245677366703
2025-10-30,9,198.3002969264104,201.0709111554877,164.16235946404439,193.50914651033807,194.7784150256515
2025-10-30,10,180.45684456260943,184.8811837732773,160.91544082880083,184.90021150745383,177.73386418900972
2025-10-30,11,181.69960960314776,181.9113291373565,164.39268276301632,185.19760468297315,175.25129415456703
2025-10-30,12,184.91520641986145,184.7457730760999,169.0540479979155,188.77801383117324,177.47568913021692
2025-10-30,13,180.78121002814012,179.84245283018868,169.55819071766788,186.90986369700465,171.89828659956913
2025-10-30,14,174.2273291114448,169.40258465565188,163.24655980403458,179.1531539502195,162.0522602032955
2025-10-30,15,169.67370252437382,161.80533804271766,157.01624053831077,172.84930318571693,158.95613025986069
2025-10-30,16,164.0627098160333,156.1815128402491,148.38589413194472,166.6988346573097,157.52493041325366
2025-10-30,17,184.04656019180945,183.4026153315182,150.7032788230275,180.86982716013142,176.84557148292902
2025-10-30,18,276.7694175707963,277.4192060869231,232.25897510101933,261.9843600881138,265.79396365603424
2025-10-30,19,294.7758689572513,298.42588216761186,257.2685768015798,285.4008130826423,279.2728363403667
2025-10-30,20,294.677452554444,299.44428588902025,257.82193881031765,287.17745153851376,279.51338459481093
2025-10-30,21,291.8241872112603,299.4470183193777,256.8278375884646,286.353550108951,279.0250098655064
2025-10-30,22,287.0206530201035,295.90293299274737,255.6001410322499,283.7933123261994,278.1693714049696
2025-10-30,23,284.59750191180217,293.43981085567685,251.6892374721042,279.98293767328823,275.79963162972376
2025-10-31,0,287.82356619109873,296.206857973933,252.56596264026652,275.62360342234217,282.59438608157024
2025-10-31,1,291.5802939251502,295.9997623150514,255.77519659027462,276.64631014982433,281.2939845594675
2025-10-31,2,297.86713065485606,297.3250457499842,259.9597829180153,278.7524369234615,282.3736214196697
2025-10-31,3,296.18053777208706,299.9422552192398,264.4262981179462,281.7792113265209,282.58849103333483
2025-10-31,4,299.0121108363452,303.6816135200148,267.06243701111487,284.44537224603016,284.7792846366111
2025-10-31,5,286.97572297848313,305.9677318881206,266.0913592042796,284.986267362414,284.1459909667798
2025-10-31,6,287.69329739002575,301.0988156478048,264.92377859076345,283.660577734002,282.1873537309651
2025-10-31,7,293.862167982771,301.0180259284128,271.062504762579,286.30669036082503,282.0558483170319
2025-10-31,8,276.7818869510401,285.6804346732404,244.03318532799742,264.1254712626549,269.39108937880496
2025-10-31,9,196.61782812115243,198.3002969264104,168.46358811073006,189.1289142028895,187.5104426540864
2025-10-31,10,167.94349494244855,180.45684456260943,164.47688408704408,179.67987271598392,173.7801545744702
2025-10-31,11,170.8290941261967,181.69960960314776,167.8460140682233,181.629649602997,172.32418860736357
2025-10-31,12,177.16830466830467,184.91520641986145,171.90991968174004,185.08834015602042,174.06213736264783
2025-10-31,13,180.17018690168663,180.78121002814012,171.7284773755015,183.19951381222845,172.45944989734795
2025-10-31,14,175.8708322887942,174.2273291114448,164.68077719087347,176.74945276193097,161.26398838922762
2025-10-31,15,169.84150176285615,169.67370252437382,159.07342290560763,171.74605283719487,158.36474231297336
2025-10-31,16,157.5474688880645,164.0627098160333,151.22969985340296,166.19897981710213,155.37481074342088
2025-10-31,17,172.5997748029526,184.04656019180945,157.1927968100596,179.01860644064087,173.05397045798472
2025-10-31,18,263.8492952180213,276.7694175707963,240.79601398229846,260.63783751821984,262.2147933973128
2025-10-31,19,279.6517894155037,294.7758689572513,264.56519626543275,282.4013231587937,278.58481112179373
2025-10-31,20,278.18177409185705,294.677452554444,264.51628011292894,283.63956421195826,277.125373843205
2025-10-31,21,276.23571247142496,291.8241872112603,262.0337313184167,281.3119970700238,276.60546080777925
2025-10-31,22,274.7953618891301,287.0206530201035,258.8979700872914,277.4597622244749,276.7430219616945
2025-10-31,23,276.27965532676814,284.59750191180217,254.47508403896018,273.48200648968725,274.3528531206399
2025-11-01,0,276.27965532676814,287.82356619109873,254.7833327087896,262.35157818920726,280.974562571265
2025-11-01,1,291.5802939251502,291.5802939251502,256.69417334805274,264.1580201048338,281.38876690637096
2025-11-01,2,297.86713065485606,297.86713065485606,260.88552707685045,267.81364411395475,281.5366073194821
2025-11-01,3,296.18053777208706,296.18053777208706,264.47614300886704,268.99717728282087,279.86885100879687
2025-11-01,4,299.0121108363452,299.0121108363452,267.45865826037794,271.5218877218632,280.8614559119049
2025-11-01,5,286.97572297848313,286.97572297848313,264.78552680003787,266.4517490415715,278.22887277004577
2025-11-01,6,287.69329739002575,287.69329739002575,263.6771476418177,267.06696129828526,278.7026060791695
2025-11-01,7,293.862167982771,293.862167982771,269.72751214529336,271.98081636382545,279.2471998623284
2025-11-01,8,276.7818869510401,276.7818869510401,245.1913318549485,250.62230117650572,260.29024725097264
2025-11-01,9,196.61782812115243,196.61782812115243,171.8649338639725,178.67648432917366,173.60503810700249
2025-11-01,10,167.94349494244855,167.94349494244855,165.2055870757047,163.17480196544025,153.66236125674163
2025-11-01,11,170.8290941261967,170.8290941261967,169.07224065944501,166.236607575783,159.7272315717223
2025-11-01,12,177.16830466830467,177.16830466830467,173.30764002077186,171.1081674232331,164.11108311683907
2025-11-01,13,180.17018690168663,180.17018690168663,173.8356826808048,172.33707569684367,163.41186121054074
2025-11-01,14,175.8708322887942,175.8708322887942,166.50918873773085,166.5349501904721,160.71479917509137
2025-11-01,15,169.84150176285615,169.84150176285615,161.3387613282404,161.1073712072307,152.30143375489106
2025-11-01,16,157.5474688880645,157.5474688880645,153.54821898955623,153.007042134088,147.40736898468748
2025-11-01,17,172.5997748029526,172.5997748029526,161.68749315347347,164.89138127812743,154.98358776608583
2025-11-01,18,263.8492952180213,263.8492952180213,246.8713955008209,247.8135112581355,245.19814583273453
2025-11-01,19,279.6517894155037,279.6517894155037,269.10662068080603,268.06694591615934,267.9259741557598
2025-11-01,20,278.18177409185705,278.18177409185705,269.02329536623586,268.6894158571821,266.19450112024595
2025-11-01,21,276.23571247142496,276.23571247142496,267.0339938231268,266.81677547092295,265.061502684854
2025-11-01,22,274.7953618891301,274.7953618891301,263.4103408155624,264.00555323278047,263.12326234716386
2025-11-01,23,276.27965532676814,276.27965532676814,259.7565663813676,261.74321613486734,263.3380518346904
2025-11-02,0,261.3883220844451,276.27965532676814,260.2252592935277,262.9799660580001,282.5468794474685
2025-11-02,1,255.7199291084997,291.5802939251502,263.25340329957714,269.1433769324201,283.7389844887669
2025-11-02,2,253.2494608195543,297.86713065485606,266.4433428961978,272.4961054016659,285.4510079471425
2025-11-02,3,251.623574475494,296.18053777208706,269.5308783891809,273.4657834787984,285.30917740799134
2025-11-02,4,243.6605172565981,299.0121108363452,272.62398463694433,276.0796879890618,284.7640739668375
2025-11-02,5,251.3335736168679,286.97572297848313,267.7666781621785,269.8195409832558,283.2530220061488
2025-11-02,6,254.51985621362547,287.69329739002575,266.0761050803208,270.16795332426085,283.4541098232613
2025-11-02,7,240.2346512375442,293.862167982771,272.9661644722042,275.52883417143494,284.4674063422336
2025-11-02,8,143.18442466277102,276.7818869510401,252.73256904781348,255.99771947741584,264.3619249978178
2025-11-02,9,155.15349138862868,196.61782812115243,178.5848924577256,183.56687746497283,183.45723611881638
2025-11-02,10,168.03506306668004,167.94349494244855,167.4528199134912,165.75516941395227,158.8434710015443
2025-11-02,11,174.1455415997114,170.8290941261967,171.0108544235583,168.62950025309115,164.29791343577898
2025-11-02,12,169.10528769312734,177.16830466830467,175.38545294875092,173.5471737648282,170.0207450193967
2025-11-02,13,155.9432984162168,180.17018690168663,175.72063437849766,174.75721404433887,170.42508699132335
2025-11-02,14,143.7970496540187,175.8708322887942,168.42472638707915,168.97777896089758,165.01225276287545
2025-11-02,15,130.79174563065908,169.84150176285615,163.5779094233369,163.7101261157519,156.4760204584822
2025-11-02,16,156.20989204117498,157.5474688880645,154.68536752421684,155.07219552248125,149.73898274624685
2025-11-02,17,253.2311217276849,172.5997748029526,166.34105659678468,168.694057490205,162.29406665192266
2025-11-02,18,270.5085973724884,263.8492952180213,255.94350143640244,253.88900729258444,253.16514041820926
2025-11-02,19,265.53018278633965,279.6517894155037,276.32228265316616,273.19956588265296,269.7842793868718
2025-11-02,20,259.5362145076026,278.18177409185705,276.3656987844469,273.88774675540185,269.38808743988864
2025-11-02,21,260.95979030728904,276.23571247142496,274.57459144405505,272.13430325604304,268.84648168367335
2025-11-02,22,269.9034466615952,274.7953618891301,272.59550223531744,270.1728750620528,266.9924807408602
2025-11-02,23,270.08632351993816,276.27965532676814,270.53983575936536,268.769794259349,268.5849227742424
2025-11-03,0,280.4301149743732,261.3883220844451,269.4434339140547,276.5699792235469,277.05542931690417
2025-11-03,1,275.19722242107525,255.7199291084997,272.31666823752033,275.87076782282327,278.6702266169312
2025-11-03,2,271.5382322253689,253.2494608195543,275.6947018392637,276.37316368569094,281.71255279707833
2025-11-03,3,278.42721388238533,251.623574475494,279.1467497300119,277.5277579484228,283.5328023082251
2025-11-03,4,276.9179959243904,243.6605172565981,281.53604422245024,276.09931714192896,284.901112634502
2025-11-03,5,271.19332912900285,251.3335736168679,277.50626214130824,276.9389541983849,287.7100769776909
2025-11-03,6,275.2000509683996,254.51985621362547,274.9180791817184,277.6944727104708,287.66941009414563
2025-11-03,7,259.7151675962528,240.2346512375442,279.2194450376016,271.99556252012434,267.30648058205594
2025-11-03,8,192.6456009913259,143.18442466277102,247.4088666028891,211.01607257024966,190.96552160168696
2025-11-03,9,166.2879736644363,155.15349138862868,182.11335831381433,181.4454236863191,179.78570989409783
2025-11-03,10,166.24954042581638,168.03506306668004,171.92420985527573,181.28469627539687,181.96535369075943
2025-11-03,11,170.46019108280254,174.1455415997114,174.57644685811377,185.27460148448262,183.5191017177409
2025-11-03,12,178.1672967863894,169.10528769312734,176.48000403891913,184.54452884734133,183.04463481025866
2025-11-03,13,179.6760589778833,155.9432984162168,174.77387211601834,178.08192299094526,176.7595403808853
2025-11-03,14,166.92089132933214,143.7970496540187,166.7723024398998,168.63707844111048,165.06193469343674
2025-11-03,15,160.66719829877724,130.79174563065908,161.07388369306332,160.47504079558618,161.22851783996992
2025-11-03,16,174.2021557860484,156.20989204117498,157.7771934091814,171.05068383360805,174.81703130800906
2025-11-03,17,253.0818646022072,253.2311217276849,184.68339505068602,227.30543621749294,260.14851951024025
2025-11-03,18,269.5363061536554,270.5085973724884,267.1880506367389,278.44163631410794,281.1424077648969
2025-11-03,19,265.9913941480207,265.53018278633965,283.3917887697511,286.11597347672694,280.8958140827151
2025-11-03,20,263.7071064357573,259.5362145076026,282.9614156506057,284.860939602367,278.889350977655
2025-11-03,21,264.6642477019835,260.95979030728904,281.9113072808704,284.657261073786,278.81265026197855
2025-11-03,22,266.15704154002026,269.9034466615952,281.19692793573324,286.92594238478017,280.61496778476476
2025-11-03,23,264.60857142857145,270.08632351993816,280.24915877875833,285.69641035628626,279.1140342786118
2025-11-04,0,275.79401505415825,280.4301149743732,280.95301981058947,275.8392780190936,268.38307735049654
2025-11-04,1,277.0561710899253,275.19722242107525,283.1336024630614,274.6238262062728,268.85342525067335
2025-11-04,2,277.8904311674378,271.5382322253689,285.3448551371599,273.99502451006686,268.9296195372791
2025-11-04,3,278.9154112045914,278.42721388238533,288.2651403399251,277.6286509963363,270.67180692175896
2025-11-04,4,270.6102166567283,276.9179959243904,288.5808225215585,277.07394881826053,271.29949601581404
2025-11-04,5,267.8409781800986,271.19332912900285,285.1415051507387,274.00965156223805,270.2684294660967
2025-11-04,6,276.1473785358237,275.2000509683996,282.96805376180646,275.4127031343123,270.42513107600905
2025-11-04,7,270.6164599537524,259.7151675962528,282.6804621500999,268.01479158145196,267.51211751380947
2025-11-04,8,172.55857759808876,192.6456009913259,244.5100928373191,214.30080398278616,200.35303325419727
2025-11-04,9,155.8339430681858,166.2879736644363,185.75626072077748,174.52272863314894,167.77825447501164
2025-11-04,10,163.74963543860787,166.24954042581638,172.6332830278982,168.70595831249693,167.232211953646
2025-11-04,11,169.5259769815983,170.46019108280254,174.88925864403902,171.87300364283357,171.63271310945697
2025-11-04,12,169.38295981834338,178.1672967863894,177.31554833931804,176.01248099492548,178.51577146158687
2025-11-04,13,168.15341728347593,179.6760589778833,175.54943583555868,175.07874313274638,176.25084363135613
2025-11-04,14,156.03713842804842,166.92089132933214,167.06129074336383,165.5723126811339,164.34965438825054
2025-11-04,15,148.14541972080002,160.66719829877724,160.36391452215472,159.60463363132078,157.5824176282801
2025-11-04,16,160.9143457698371,174.2021557860484,159.93831565217943,167.20494492518006,165.88270219055966
2025-11-04,17,259.8460267061024,253.0818646022072,198.56056154686016,221.8197613403258,249.96775906200338
2025-11-04,18,280.80356377966245,269.5363061536554,269.8572139085458,266.52404421175197,268.85622256209143
2025-11-04,19,278.72292358803986,265.9913941480207,282.00491812536654,272.32759529729674,270.8373959417287
2025-11-04,20,278.0002746875429,263.7071064357573,280.77047352076295,271.9102610307907,270.37090687847774
2025-11-04,21,272.1217939250726,264.6642477019835,280.00340315270597,271.70636955965244,269.8521426718963
2025-11-04,22,275.66017371640027,266.15704154002026,279.44570840610083,271.6684490133107,269.25078748220983
2025-11-04,23,273.7425513450969,264.60857142857145,278.56768074171333,269.84764492545474,268.60365124230816
2025-11-05,0,270.2346278317152,275.79401505415825,280.7712727939332,277.66895220004454,279.72604952098004
2025-11-05,1,268.120315581854,277.0561710899253,283.3565980964937,278.82079023272877,280.1888045761431
2025-11-05,2,267.1776601520087,277.8904311674378,285.2639382275355,279.49703267262595,281.0558769000439
2025-11-05,3,261.37087758524314,278.9154112045914,287.2224867313365,280.79133334782466,281.68253861675197
2025-11-05,4,260.77313054499365,270.6102166567283,285.89025759029073,277.23758300746005,281.0747892597427
2025-11-05,5,247.69545083083628,267.8409781800986,282.5882918330182,275.0319952455601,281.73975534480576
2025-11-05,6,252.8007294221216,276.1473785358237,282.09046704114155,278.81778213978265,281.6256009202126
2025-11-05,7,245.43292715658384,270.6164599537524,279.8574971714524,273.4965637758031,281.20158170463236
2025-11-05,8,177.71484465974194,172.55857759808876,231.62920974110065,203.92766822860233,202.89418785729788
2025-11-05,9,173.46191708899988,155.8339430681858,181.4117532064934,171.78014518031875,165.43473197345594
2025-11-05,10,172.29768937672597,163.74963543860787,171.32275102169828,170.51584592490528,175.22568324554567
2025-11-05,11,170.44147157190636,169.5259769815983,174.20011952243,174.39197646967355,179.37467374294874
2025-11-05,12,172.16534666320436,169.38295981834338,177.23616187577585,176.0669440813464,178.9494035723565
2025-11-05,13,168.72953020134227,168.15341728347593,174.96240161989687,174.2262922252032,179.18300497409385
2025-11-05,14,167.29401251117068,156.03713842804842,166.01809396515492,164.68627163481634,162.16533531901644
2025-11-05,15,168.27770257203636,148.14541972080002,158.6809153918629,157.7682255519623,158.85477627001976
2025-11-05,16,190.4725652214279,160.9143457698371,160.95222200421026,165.90350400363133,172.7012034216189
2025-11-05,17,241.49778340721977,259.8460267061024,211.25824830931816,233.1795601442335,261.72146017958414
2025-11-05,18,252.9531396021539,280.80356377966245,271.8193830570812,274.54766662768685,275.2516826693835
2025-11-05,19,242.39962564342537,278.72292358803986,280.39283292546725,279.1372002289472,277.35364489442463
2025-11-05,20,242.4291639598221,278.0002746875429,278.81841175115443,279.1550951865676,276.9114810871107
2025-11-05,21,241.18301520873737,272.1217939250726,277.35549462969044,276.23646908297997,275.7000469062649
2025-11-05,22,243.03283831834344,275.66017371640027,277.7478531013038,277.26706464873433,274.8318710270964
2025-11-05,23,236.9480863072491,273.7425513450969,277.00486710208884,275.4306327941516,272.36516925874633
2025-11-06,0,243.7193706474078,270.2346278317152,278.30816563378454,257.982862197586,242.70941305680543
2025-11-06,1,234.7056819730209,268.120315581854,279.32199833810085,257.41415678077317,242.06229312321102
2025-11-06,2,224.9086029305092,267.1776601520087,280.4164416320094,257.1965275183235,242.13047038160687
2025-11-06,3,220.9673313534153,261.37087758524314,280.37720113016115,255.21783036883772,243.61744645066003
2025-11-06,4,217.05857564264645,260.77313054499365,279.09538508220226,254.1565687414021,246.63335848507745
2025-11-06,5,211.8867788287963,247.69545083083628,273.9975013716989,247.5817372398021,250.44077846445612
2025-11-06,6,222.66069651741293,252.8007294221216,276.45048936683236,251.54425891233168,256.5777256546505
2025-11-06,7,223.56363025586472,245.43292715658384,272.10593826258395,244.94384149579216,253.70113235385338
2025-11-06,8,153.32989829293427,177.71484465974194,217.9068080696069,183.55285377718775,178.93916784869566
2025-11-06,9,151.24065374181168,173.46191708899988,177.46761119699514,161.28541348291222,167.4469946263686
2025-11-06,10,161.56583843476173,172.29768937672597,169.5251089650481,157.80358993080532,168.452828341843
2025-11-06,11,161.21797551507913,170.44147157190636,172.5615684416514,159.03669652878693,168.4223799615363
2025-11-06,12,160.28067040483086,172.16534666320436,175.43895810250504,161.2242305468318,169.41463495701993
2025-11-06,13,155.98608915586468,168.72953020134227,173.37484124434738,158.80983243608165,168.17874263576408
2025-11-06,14,154.961551849625,167.29401251117068,165.71686937308615,153.8173062835716,164.7147555411833
2025-11-06,15,147.43497881428917,168.27770257203636,159.60553889605126,151.38484601476353,158.44916923118086
2025-11-06,16,144.97881791634106,190.4725652214279,165.8509437729501,165.8654484636871,172.05482588886585
2025-11-06,17,214.75003399356387,241.49778340721977,219.55755803441843,215.70894890705932,239.06201749945313
2025-11-06,18,235.11158436487867,252.9531396021539,268.32423070211416,247.05695095056558,261.5352039375541
2025-11-06,19,226.2842191966665,242.39962564342537,272.3890819934406,246.597098153612,262.4803927660408
2025-11-06,20,229.08072080967665,242.4291639598221,270.67339433269757,246.873573927241,262.6921272603641
2025-11-06,21,226.4317981203593,241.18301520873737,269.03206561388464,245.46796179678225,262.1156055752206
2025-11-06,22,226.7077329226708,243.03283831834344,270.19498243353183,246.26304231471624,262.66881364814304
2025-11-06,23,226.84456587735275,236.9480863072491,268.9346207380277,242.58004107207353,260.33450421984685
2025-11-07,0,225.5570143766822,243.7193706474078,270.80995315856666,250.34609597396906,238.10729667300615
2025-11-07,1,220.76571829996487,234.7056819730209,270.5657011463822,246.67148165927807,238.2486829598086
2025-11-07,2,223.50369233018932,224.9086029305092,270.0712355149416,242.5290571682106,241.0178676915442
2025-11-07,3,224.114702201281,220.9673313534153,269.09506914932905,240.6452101247338,241.3328934880516
2025-11-07,4,229.3584278592587,217.05857564264645,266.7206653854353,238.10634427238975,243.69410999036228
2025-11-07,5,226.816253628042,211.8867788287963,260.5573652203669,233.74204005337242,246.1646953147623
2025-11-07,6,241.39531736364867,222.66069651741293,265.2450437767764,240.59192525184199,249.71691917426193
2025-11-07,7,241.29852825389133,223.56363025586472,261.04102459507715,237.01144699357118,248.95410999828863
2025-11-07,8,151.1656916308079,153.32989829293427,198.99958858670604,172.11531161366227,172.59216327402513
2025-11-07,9,151.61437456807187,151.24065374181168,170.74480502776674,155.95613968347618,163.1422217590757
2025-11-07,10,161.81672232211662,161.56583843476173,166.826393803927,158.3271262236353,167.58268196985674
2025-11-07,11,159.55284028628537,161.21797551507913,169.63562071478447,159.31141191211222,169.41143604497427
2025-11-07,12,164.20626732864787,160.28067040483086,171.9197386717864,160.0392329989396,169.42742595090672
2025-11-07,13,167.72887940642613,155.98608915586468,169.8326811197366,156.8780322687558,166.0892106678412
2025-11-07,14,163.94915727721389,154.961551849625,162.96461547854048,152.6674147022314,162.87840843888154
2025-11-07,15,155.36169659120478,147.43497881428917,156.42857836603918,146.56270751494384,160.07866699243309
2025-11-07,16,147.42034418129154,144.97881791634106,163.1246735015655,151.16703095812775,160.75164675139388
2025-11-07,17,235.68143679985488,214.75003399356387,223.9437685775262,213.06202678945428,231.485233164586
2025-11-07,18,255.3135936636581,235.11158436487867,262.37311167269735,242.75447882800322,258.76444284682714
2025-11-07,19,253.23499392466584,226.2842191966665,262.60456059907136,241.0209019985703,263.22975042155554
2025-11-07,20,250.8662224500256,229.08072080967665,261.30243265487366,242.56365378007405,262.8738535061024
2025-11-07,21,255.028757966734,226.4317981203593,259.69029574375594,240.66515498437084,262.3808506034135
2025-11-07,22,260.454912082594,226.7077329226708,261.5788509910414,241.16030146937598,262.86015831781543
2025-11-07,23,259.7854863491313,226.84456587735275,260.68420130453495,239.69219124640273,260.5390695955752
2025-11-08,0,260.87546786779166,225.5570143766822,261.91473147079284,249.63804831132128,263.0152640244446
2025-11-08,1,266.661130629192,220.76571829996487,260.44933319992714,246.63062977470162,262.69341453794874
2025-11-08,2,271.7812859949861,223.50369233018932,259.44788718284633,246.48548510909748,260.87171275385293
2025-11-08,3,272.43443839683323,224.114702201281,258.799949782071,246.33718223667117,260.17219624029303
2025-11-08,4,274.46160571178785,229.3584278592587,256.77013924585157,247.12440093135234,259.3217148669303
2025-11-08,5,272.1547722657383,226.816253628042,251.96315531316102,244.3757806803232,259.6824432906768
2025-11-08,6,271.00035075412137,241.39531736364867,258.6310466301511,253.63717012869063,257.8495764598429
2025-11-08,7,264.99199252635793,241.29852825389133,253.53193320523718,249.41075143478957,253.5656730869067
2025-11-08,8,161.68071893774928,151.1656916308079,181.05441782667285,171.35717195413784,149.17202499069003
2025-11-08,9,152.78463033565075,151.61437456807187,164.3157402344695,161.21013452901852,144.16406082962723
2025-11-08,10,162.28557344725598,161.81672232211662,165.95114057245104,166.4595976251605,150.47680487520898
2025-11-08,11,162.4472945630181,159.55284028628537,168.02472730908283,166.599611706135,150.60144977492686
2025-11-08,12,159.0435508092775,164.20626732864787,170.06801905183542,169.38720304238183,152.44708499156187
2025-11-08,13,159.0531008783604,167.72887940642613,168.05535147755654,169.44161932437385,156.33477014109957
2025-11-08,14,158.70987019023272,163.94915727721389,161.26151904831474,164.51029470636266,150.5361845571772
2025-11-08,15,144.64694280078896,155.36169659120478,154.360034770089,157.7839149109679,145.02843740992677
2025-11-08,16,161.0985676676632,147.42034418129154,161.67794140059794,160.20171113859217,135.88751970128297
2025-11-08,17,252.3088023088023,235.68143679985488,232.95543457708365,234.7067392031757,235.12468746893978
2025-11-08,18,267.0636753546684,255.3135936636581,261.1537257363598,258.9303035829318,251.89788987765297
2025-11-08,19,271.7442262993917,253.23499392466584,258.8307326718088,258.27521467880297,255.098360330945
2025-11-08,20,267.2682702619887,250.8662224500256,257.4002109917549,258.0292618462252,253.4881040417024
2025-11-08,21,261.5724855243405,255.028757966734,256.6607308145144,258.9229793192245,255.13114249835533
2025-11-08,22,260.5870110464806,260.454912082594,259.53021530439344,261.5774215949392,256.30596375505945
2025-11-08,23,257.3134150696346,259.7854863491313,258.32789145058683,259.79088077326696,255.2350577996267
2025-11-09,0,248.6150568181818,260.87546786779166,259.7141332623676,256.16220931528784,259.5963196888172
2025-11-09,1,249.8928254488361,266.661130629192,256.88945272907597,256.39164929583086,259.58864726425765
2025-11-09,2,254.95707540420665,271.7812859949861,255.72133794572204,257.2277021602925,260.4707445057978
2025-11-09,3,252.1214376069648,272.43443839683323,255.40764987132047,257.26207070475215,260.2425878979838
2025-11-09,4,251.90472629374813,274.46160571178785,253.26292422805764,257.1497329639159,260.55899285071587
2025-11-09,5,242.5677517032551,272.1547722657383,249.84587663991175,254.89406364595715,260.6634228813789
2025-11-09,6,242.6661240195353,271.00035075412137,256.24633996787907,258.69606924006786,260.5419142195959
2025-11-09,7,233.91156708330325,264.99199252635793,249.4076224257496,251.8939076317393,254.23797577581595
2025-11-09,8,146.87823565955685,161.68071893774928,164.61139382477418,165.05594495266493,155.46949597036217
2025-11-09,9,142.41357306407417,152.78463033565075,158.05385483654072,154.96910434502928,149.54259488128395
2025-11-09,10,153.69037712611922,162.28557344725598,165.1428660731378,161.84893525955096,156.41587499888283
2025-11-09,11,155.19989312314215,162.4472945630181,166.82732737148586,162.66787420313628,155.83923242034757
2025-11-09,12,156.07672892478547,159.0435508092775,167.4787685005458,161.84863509458563,158.73439112093027
2025-11-09,13,155.25994801039792,159.0531008783604,165.03862490279562,160.3194614412771,157.37811916429095
2025-11-09,14,145.68707435959485,158.70987019023272,158.8099530342345,156.64884516082145,156.71739219248536
2025-11-09,15,139.55556379272,144.64694280078896,150.76081206122223,147.0062448581486,146.45689130384324
2025-11-09,16,167.3062239190269,161.0985676676632,162.18524122625487,160.15139801846925,152.42390861544078
2025-11-09,17,256.7140863458335,252.3088023088023,244.34243850649074,241.78827242280843,245.655585299508
2025-11-09,18,270.4017491117792,267.0636753546684,261.6129228987379,258.96333340863464,257.8116577520535
2025-11-09,19,272.4115054511714,271.7442262993917,257.7010807980785,260.17391974659927,259.9760897899597
2025-11-09,20,268.771186440678,267.2682702619887,255.84113901605937,259.00392584438407,257.7280467136777
2025-11-09,21,268.33401097784105,261.5724855243405,254.56598410778807,256.347293975811,257.1071694044126
2025-11-09,22,266.17094296453666,260.5870110464806,257.50045089830064,256.81475158332387,257.4345272830531
2025-11-09,23,263.7028720009455,257.3134150696346,255.61842855671063,253.83413774271875,255.05316342672398
2025-11-10,0,259.7466918714556,248.6150568181818,257.8893810814729,272.30712503239835,268.96330404891205
2025-11-10,1,266.99366235167207,249.8928254488361,256.0570093491241,271.667482521705,270.11174370486157
2025-11-10,2,272.8392366734737,254.95707540420665,255.96528288638666,273.0972515830249,271.8520908542147
2025-11-10,3,276.28987129266926,252.1214376069648,255.4787731758163,271.7753905680588,273.52576551152987
2025-11-10,4,275.01544799176105,251.90472629374813,254.44066837622194,271.38332723081226,273.63136479834833
2025-11-10,5,267.88147550897,242.5677517032551,248.5936163665385,265.6876475552023,270.19086351836165
2025-11-10,6,269.36327036234127,242.6661240195353,254.55294965443758,269.45630060449446,274.0225838621813
2025-11-10,7,263.6753326281802,233.91156708330325,248.50432468942947,261.9696371840898,264.5554269728761
2025-11-10,8,190.088976550515,146.87823565955685,165.13908111002928,180.5863806270072,170.16101118650238
2025-11-10,9,178.16194099031424,142.41357306407417,156.2338665044615,170.68341036424516,160.12793652866355
2025-11-10,10,180.80925544920527,153.69037712611922,163.09362522448626,178.40972693583726,166.40435373951843
2025-11-10,11,183.75318183212192,155.19989312314215,164.1208061605474,179.55961663573225,167.39863261144347
2025-11-10,12,180.18722044728435,156.07672892478547,165.61754581935412,180.68986111102438,167.28421673636538
2025-11-10,13,174.08089063354677,155.25994801039792,164.9410034162501,179.7177709063963,167.0495449049688
2025-11-10,14,157.5405341366821,145.68707435959485,159.07995656360254,172.665249370531,165.62443635596634
2025-11-10,15,159.08485437592253,139.55556379272,152.0127860843738,166.26335453760686,151.31072511122989
2025-11-10,16,198.7317284582956,167.3062239190269,163.77043149451944,184.2447399638511,172.49452213864365
2025-11-10,17,272.26867998851094,256.7140863458335,244.84000488051197,264.8024612916846,263.199957707168
2025-11-10,18,277.6992148346141,270.4017491117792,261.5976588614937,281.18963397187986,272.54489124047086
2025-11-10,19,274.7553442069241,272.4115054511714,258.6841268930545,282.0234868146428,274.9555349506406
2025-11-10,20,273.73863691020154,268.771186440678,257.16042072078443,281.2256486378247,272.74913231620326
2025-11-10,21,274.168740793417,268.33401097784105,255.6194442035812,280.0809854565402,271.3191557163499
2025-11-10,22,274.69709807244226,266.17094296453666,256.9672360844351,279.39585224678723,268.2923893758551
2025-11-10,23,272.242941791565,263.7028720009455,254.70650691114022,276.51016328814694,266.1977010391537
2025-11-11,0,272.28082453238324,259.7466918714556,254.93460635248465,269.8888965404889,282.1049907535406
2025-11-11,1,276.612786171406,266.99366235167207,254.88507219635216,271.92194413002744,282.26080787802863
2025-11-11,2,274.015262899951,272.8392366734737,256.1511406646874,274.1599353499937,283.80771483324713
2025-11-11,3,273.9386726407169,276.28987129266926,255.1734385201426,274.7739055653409,283.97442566161243
2025-11-11,4,278.96946564885496,275.01544799176105,254.16887581441773,274.07097939990604,284.8518393616815
2025-11-11,5,282.36452870781227,267.88147550897,248.12049442081954,268.9170971656943,282.6959853240836
2025-11-11,6,285.46333853354133,269.36327036234127,253.71912385357214,272.99178460848617,282.9991994025438
2025-11-11,7,275.62733129874533,263.6753326281802,249.0700625511334,267.56812948002374,277.1963668655268
2025-11-11,8,222.12018787586143,190.088976550515,164.7738490470563,192.1421354652009,189.5538590196436
2025-11-11,9,207.8078654429982,178.16194099031424,157.9301475510155,180.73349805150946,175.3502284231906
2025-11-11,10,206.9786892375632,180.80925544920527,165.1735845135418,185.29921542094058,182.77658090591768
2025-11-11,11,208.1260419050109,183.75318183212192,166.01980483902162,186.78997999690094,183.14425255944002
2025-11-11,12,202.0163147161371,180.18722044728435,165.90610634233911,185.5195884970012,180.62281036610352
2025-11-11,13,198.0448952687857,174.08089063354677,164.14169365277345,182.0455897138764,173.5335053467257
2025-11-11,14,199.6029974489796,157.5405341366821,157.7399055360811,171.95597704639775,157.2539726703841
2025-11-11,15,216.6969965036438,159.08485437592253,151.7867369525374,169.41221281393908,154.5546304734434
2025-11-11,16,244.8369730386836,198.7317284582956,167.27465616198333,194.02252757564506,193.28879091570036
2025-11-11,17,275.4221285563751,272.26867998851094,247.5809785071268,267.03532454734534,275.1610362897863
2025-11-11,18,279.00139550155967,277.6992148346141,262.76378867305925,279.35414254359733,278.10012696194315
2025-11-11,19,278.32805655549294,274.7553442069241,259.9361197586121,278.50434904256053,277.62881803973175
2025-11-11,20,272.0979595563062,273.73863691020154,258.59349650284787,278.6703084641459,277.54550049591353
2025-11-11,21,268.389220712035,274.168740793417,256.97722893092885,277.8687527159343,277.3976100080752
2025-11-11,22,265.0597451534533,274.69709807244226,258.1872441604954,278.0113986464585,276.68844718931877
2025-11-11,23,267.7135860188123,272.242941791565,255.79713124871074,275.0857944947432,276.5804932548825
2025-11-12,0,273.16954483413446,272.28082453238324,254.43272199223108,269.4850165270007,267.49500300047214
2025-11-12,1,272.0429772656493,276.612786171406,254.82173149370655,270.8412625095546,268.2917870435188
2025-11-12,2,275.7777502016504,274.015262899951,255.59754519790354,270.053664392547,268.0249006802369
2025-11-12,3,279.0779702970297,273.9386726407169,254.4624758681605,269.5634578193577,268.95135448990294
2025-11-12,4,276.997050510016,278.96946564885496,255.36305424186438,271.7288029924506,268.8667468868623
2025-11-12,5,270.8524910452621,282.36452870781227,250.19528735335004,270.62210554827965,266.24559622533275
2025-11-12,6,268.917623932674,285.46333853354133,255.0499752818175,274.9350995075577,265.6210599414957
2025-11-12,7,268.55429676706274,275.62733129874533,249.78590131470378,267.93976530320356,261.634169606124
2025-11-12,8,252.4225855348636,222.12018787586143,171.8540790867381,203.20801959876218,188.56975116405442
2025-11-12,9,239.8568145660244,207.8078654429982,165.35499360456012,191.597111114613,178.6567273262532
2025-11-12,10,222.8449462957863,206.9786892375632,171.34916362767828,194.25898267822916,177.6849637588105
2025-11-12,11,220.94377955082743,208.1260419050109,171.53409982808057,194.86382734956595,177.1208737776199
2025-11-12,12,218.17594617325483,202.0163147161371,170.56801418488106,192.1610031759489,176.2715446415217
2025-11-12,13,223.4011432414257,198.0448952687857,168.41190479353196,189.68095369748195,174.23173039413132
2025-11-12,14,225.5594498838051,199.6029974489796,163.9635996819284,187.67123180565648,173.6801755617226
2025-11-12,15,242.4121480598032,216.6969965036438,161.57981935008652,192.99906663108447,177.8490045998002
2025-11-12,16,258.3288547664747,244.8369730386836,179.2636029146757,214.7231726598013,207.3107074813004
2025-11-12,17,273.70391403110256,275.4221285563751,249.80613591430864,265.36188391383877,256.95371586263235
2025-11-12,18,273.8600765750087,279.00139550155967,262.5063360619018,275.4428912456505,260.8070650129176
2025-11-12,19,270.3818326098119,278.32805655549294,259.879710182534,275.46914653411704,259.1179607352204
2025-11-12,20,278.2865032458095,272.0979595563062,257.75030862695695,273.5761335354453,258.4723433482189
2025-11-12,21,274.208140287949,268.389220712035,256.44400418620916,271.509745572645,258.1945142453672
2025-11-12,22,270.2898243006529,265.0597451534533,256.67289722293157,269.93802587907464,257.4767932016172
2025-11-12,23,264.0452790452791,267.7135860188123,254.93585048781293,269.0457344756893,256.43140834515475
2025-11-13,0,264.0298962782184,273.16954483413446,254.85199584971951,266.51406366115384,263.79520186057596
2025-11-13,1,262.9956594323873,272.0429772656493,255.38211173424875,266.1145335619471,262.71754661813696
2025-11-13,2,261.37064456972087,275.7777502016504,256.8261294907095,267.7469534715124,262.6635524031374
2025-11-13,3,252.60764559757104,279.0779702970297,256.9920605412729,268.9244432578045,261.57453088745837
2025-11-13,4,247.117499651956,276.997050510016,257.6807570940104,268.7236179042493,262.0726240682859
2025-11-13,5,239.7975766215253,270.8524910452621,253.50343595541088,264.9233523838074,258.4955810970903
2025-11-13,6,243.24752341802008,268.917623932674,257.35238878332495,267.0533846261073,263.93176825190335
2025-11-13,7,234.0808670279283,268.55429676706274,253.0889541162008,264.2647795398877,251.631484744887
2025-11-13,8,188.0239171649409,252.4225855348636,182.52661349746975,218.68856266288677,203.61832355882095
2025-11-13,9,175.0462249614792,239.8568145660244,174.83997895842074,206.2616904693425,185.35343959402732
2025-11-13,10,179.58031652463637,222.8449462957863,178.57020033040118,200.92651295354176,180.11476406900235
2025-11-13,11,183.04835430169013,220.94377955082743,178.7487152536407,199.80985413249286,178.00917665881877
2025-11-13,12,181.03320206192168,218.17594617325483,177.14095697203112,198.00410234864458,176.35665695157985
2025-11-13,13,174.63777212513628,223.4011432414257,176.2221352278296,199.5270850987856,173.75581072683636
2025-11-13,14,158.68928216889742,225.5594498838051,172.28723359230474,198.2817281269775,175.44517293811674
2025-11-13,15,159.35102241372795,242.4121480598032,172.1704544197675,204.9021200990204,182.7261767756986
2025-11-13,16,191.256279303416,258.3288547664747,188.95735856396809,221.23278254107257,200.4555896108773
2025-11-13,17,252.83508585119128,273.70391403110256,254.40701171772045,263.379131402569,241.82151825785795
2025-11-13,18,256.1531659002476,273.8600765750087,265.4930413437381,271.42207266884327,256.3725572586669
2025-11-13,19,249.537561162813,270.3818326098119,263.8771683205892,271.0807318316219,256.4258816587205
2025-11-13,20,237.57627458851863,278.2865032458095,262.8727856678123,274.3567347765092,254.75197343196962
2025-11-13,21,237.57809267687216,274.208140287949,261.16187919752514,271.95422350295087,254.31100341994215
2025-11-13,22,241.47948279546912,270.2898243006529,260.5667523632615,269.75353098197706,254.49589145011362
2025-11-13,23,239.5947944395149,264.0452790452791,258.8068780218172,265.93852996342935,253.40788983840037
2025-11-14,0,232.95282169944724,264.0298962782184,257.7534995112639,252.30525341113213,241.96363359201308
2025-11-14,1,249.45650801666457,262.9956594323873,259.4235370855868,252.4776451176624,242.11298246919242
2025-11-14,2,266.8588584710744,261.37064456972087,262.03499258202544,252.97172202105395,242.40764549426459
2025-11-14,3,279.0228716645489,252.60764559757104,261.5121054332952,249.79102116346724,242.48074795184112
2025-11-14,4,277.5792395584533,247.117499651956,261.97488909534036,248.21538395049507,243.62876486694086
2025-11-14,5,268.63311798707923,239.7975766215253,257.4906927829436,243.7148040303326,243.36123055148255
2025-11-14,6,258.3834808259587,243.24752341802008,260.2933640548403,246.9713539609462,247.67926365160096
2025-11-14,7,251.05152601013225,234.0808670279283,254.59141651220986,240.3635597324502,240.4011184661506
2025-11-14,8,236.1680105221021,188.0239171649409,187.48290190775643,183.9826775824095,171.37663703433026
2025-11-14,9,225.45234118217576,175.0462249614792,178.2407748469447,170.72478366786314,156.76787920395856
2025-11-14,10,218.47468157812983,179.58031652463637,181.14369720038326,173.74106444525611,161.62202027584433
2025-11-14,11,212.99536845966887,183.04835430169013,181.86734079458515,175.16337355805487,163.19687209400814
2025-11-14,12,211.06004578270824,181.03320206192168,180.1056043516155,173.81039695319498,161.92096882592483
2025-11-14,13,208.21224524601348,174.63777212513628,178.88666136629698,170.81520973268726,156.6187513129011
2025-11-14,14,216.7409287871493,158.68928216889742,172.81976649505796,161.2060760297206,148.23716135706297
2025-11-14,15,232.33378759855933,159.35102241372795,173.87274636254443,161.96156847213345,145.23091228594203
2025-11-14,16,256.49183477425555,191.256279303416,195.5684244764074,186.59023643926525,173.25795830884945
2025-11-14,17,272.4497372354274,252.83508585119128,259.8477334116672,246.28885784317185,245.90532903500224
2025-11-14,18,278.0854635269292,256.1531659002476,268.49898156307654,254.29557360967436,251.44911609465484
2025-11-14,19,279.5751889497003,249.537561162813,267.19907431575297,252.99129130039836,250.99957341413335
2025-11-14,20,278.6658770324109,237.57627458851863,264.0864362076469,248.53932827225546,250.22355930775385
2025-11-14,21,279.37669229936097,237.57809267687216,262.7542069913126,247.68663855985162,249.68802111729377
2025-11-14,22,275.6399258057037,241.47948279546912,262.6770023450899,248.42198545705497,250.4535839128265
2025-11-14,23,267.0077695660413,239.5947944395149,260.62833924498324,245.80606783711875,248.83503183249528
2025-11-15,0,267.74399574213294,232.95282169944724,258.8100434145161,246.5766886823655,251.50888223030273
2025-11-15,1,274.7100550964187,249.45650801666457,263.5222213308296,254.3150051761123,265.0533004927103
2025-11-15,2,276.0424460921026,266.8588584710744,268.22858774500907,262.24478360214937,267.05862714473517
2025-11-15,3,278.3310849874735,279.0228716645489,269.3561296423334,266.60380811547475,267.7731949201442
2025-11-15,4,274.99509383049184,277.5792395584533,268.86357648093957,265.80971164372403,267.2894117896124
2025-11-15,5,269.16283976666256,268.63311798707923,263.4645305485204,260.2529918697055,264.5858837777496
2025-11-15,6,256.52111480973826,258.3834808259587,262.720244549456,257.2356240904854,260.5339110054505
2025-11-15,7,254.0932435136397,251.05152601013225,255.98470190595853,250.81481783614416,248.77579493233108
2025-11-15,8,233.7696900406504,236.1680105221021,199.62609032079845,213.2570836676685,200.8341603075348
2025-11-15,9,224.4255493221132,225.45234118217576,188.7890557918167,201.16688048582202,179.59124230716913
2025-11-15,10,214.31884057971016,218.47468157812983,189.23769137981375,198.74136263729298,175.3387573521238
2025-11-15,11,212.98617771509169,212.99536845966887,189.50198767649707,196.33948273736038,172.11135123578177
2025-11-15,12,237.24322497042087,211.06004578270824,186.79900127362416,193.80659992784007,169.61665737920933
2025-11-15,13,251.64619850396332,208.21224524601348,184.66999934338088,191.09982574351025,165.15286649278914
2025-11-15,14,250.13836408090688,216.7409287871493,180.36144813933444,191.18459216898202,167.09918003406858
2025-11-15,15,237.04589172849683,232.33378759855933,184.8687593635951,199.4233789465361,171.15740786144903
2025-11-15,16,243.2973949211909,256.49183477425555,211.15006598968793,223.4672149668534,211.49379200226247
2025-11-15,17,260.1362192429871,272.4497372354274,265.10034775960617,260.0287017328839,248.90661696762567
2025-11-15,18,262.0641335152724,278.0854635269292,271.75210582925814,267.45960252697023,255.68009698674754
2025-11-15,19,256.22691438337284,279.5751889497003,270.96195931932937,269.0114479722287,255.6841390059853
2025-11-15,20,254.11232187761945,278.6658770324109,268.05781543370193,268.08575983634825,253.09621498038936
2025-11-15,21,263.20318680076844,279.37669229936097,266.2324833245451,267.33126225071436,252.51345631167948
2025-11-15,22,260.4921739130435,275.6399258057037,264.8462900198198,264.9663362829397,252.8894968962197
2025-11-15,23,252.0047281323877,267.0077695660413,261.6600939902561,259.68570503104974,249.1699165786805
2025-11-16,0,249.99419953596288,267.74399574213294,259.79126168227907,251.68797237705368,238.19798533219458
2025-11-16,1,247.45555779164152,274.7100550964187,264.6720676832906,256.54074088999505,237.92376521095315
2025-11-16,2,241.9486206393228,276.0424460921026,268.83732490174,259.055892541087,241.6058856064724
2025-11-16,3,239.8018691588785,278.3310849874735,270.1985077267106,260.49510888310834,241.77632214395504
2025-11-16,4,242.6061437609574,274.99509383049184,268.9397890693259,258.7816063108006,242.00797848082652
2025-11-16,5,248.4743295019157,269.16283976666256,263.03711162008096,254.08116658362897,236.22215284452795
2025-11-16,6,249.3172428788867,256.52111480973826,260.651782271687,249.294092231489,234.48913572615734
2025-11-16,7,252.0064611278882,254.0932435136397,254.42773776128453,245.07088111944114,230.48430221981297
2025-11-16,8,215.59837227942532,233.7696900406504,209.92451476407,213.1013336012206,177.28570383120237
2025-11-16,9,195.59030338791365,224.4255493221132,199.02347278988273,202.15666350006003,166.7418346608947
2025-11-16,10,192.70489510489512,214.31884057971016,196.6710152558786,196.57428089594038,162.16385725026709
2025-11-16,11,205.4721056277762,212.98617771509169,196.7218281267933,196.0508191114202,160.37801422888475
2025-11-16,12,197.64422335338577,237.24322497042087,197.97038329664466,205.07856457733033,168.70823900701748
2025-11-16,13,198.1285685765622,251.64619850396332,197.89758471846702,209.25450083320953,175.99582056876955
2025-11-16,14,200.8962284436417,250.13836408090688,193.4226615522879,205.57908739770568,172.84431636454357
2025-11-16,15,190.7020698123136,237.04589172849683,198.06860921041053,202.68305260766635,162.59494678828878
2025-11-16,16,186.62660944206007,243.2973949211909,222.89275559733477,219.78806611343958,183.29991635024749
2025-11-16,17,238.0912034538586,260.1362192429871,266.21855017877544,250.0131056201768,236.04565385363225
2025-11-16,18,244.4670552721973,262.0641335152724,271.03788556648726,255.09667818671622,239.78227030675072
2025-11-16,19,241.54116332286733,256.22691438337284,268.74520047418383,253.5500995421234,240.79460989810298
2025-11-16,20,232.64670062001773,254.11232187761945,266.1783942359349,252.5945285300481,239.7986344267294
2025-11-16,21,233.56972789115648,263.20318680076844,266.46544064974904,255.67585159334388,239.60120471694918
2025-11-16,22,233.1588773789448,260.4921739130435,264.8327418579002,253.46755077412135,237.0380873307074
2025-11-16,23,230.6078945598817,252.0047281323877,260.90171014207795,247.76297330986426,234.7390163737993
2025-11-17,0,243.6715009367844,249.99419953596288,259.98828207053356,251.03432853176756,225.89305626209867
2025-11-17,1,258.9533194365485,247.45555779164152,264.3238865894057,252.26539880763403,227.14401846365917
2025-11-17,2,267.46706437981607,241.9486206393228,266.9789742210422,251.34576740660623,228.9959614227987
2025-11-17,3,265.51724137931035,239.8018691588785,268.438569376984,251.20822601113272,231.16737680907113
2025-11-17,4,261.6016881028939,242.6061437609574,267.6114201360701,251.81143252392658,233.1758700316485
2025-11-17,5,253.0642573083095,248.4743295019157,263.880908448461,252.2730674515518,233.69138556788496
2025-11-17,6,248.17375886524823,249.3172428788867,261.6019421087372,252.02995871372107,239.40390497142567
2025-11-17,7,243.21380755573665,252.0064611278882,257.0127226247967,250.1340331559647,237.19161885517852
2025-11-17,8,211.19494801023464,215.59837227942532,219.74167713833694,213.83563727432056,208.02393857690538
2025-11-17,9,212.03135379301185,195.59030338791365,206.62014855043122,195.69029616173418,183.407553269841
2025-11-17,10,199.4646790434236,192.70489510489512,202.2445178242752,192.26873384966558,183.20039959909002
2025-11-17,11,200.3903133903134,205.4721056277762,203.90357277031242,197.65343494344003,191.73939371857892
2025-11-17,12,204.1240920342491,197.64422335338577,203.9085967864447,195.0417308060781,183.72705187797547
2025-11-17,13,198.259845302132,198.1285685765622,204.0216733707762,195.2761534454864,183.4351860633728
2025-11-17,14,199.04152939136463,200.8962284436417,201.30968356429457,194.66334463682318,182.8302815539525
2025-11-17,15,215.31467859031684,190.7020698123136,205.3752529274953,192.20307035368907,180.0222822859875
2025-11-17,16,250.39246314556283,186.62660944206007,225.6528106720538,202.5966715973952,193.11169925009375
2025-11-17,17,270.31834210907687,238.0912034538586,263.5581383370647,245.40974255355607,240.5012015193018
2025-11-17,18,265.0201828051779,244.4670552721973,267.33292930368987,251.91215766813875,246.47562456442284
2025-11-17,19,259.0149050832646,241.54116332286733,264.3351515987118,251.04059992964284,247.92408833849993
2025-11-17,20,256.6384078573275,232.64670062001773,261.017753404412,247.38302419968952,244.9477126292119
2025-11-17,21,270.82503556187766,233.56972789115648,261.49911449450843,247.87404199670013,247.13482911400467
2025-11-17,22,275.93652445369406,233.1588773789448,260.1167324885299,246.5142422583001,245.61634945257543
2025-11-17,23,265.5523085914669,230.6078945598817,256.173856221926,242.75013738795252,241.39443109254148
2025-11-18,0,262.0117982099268,243.6715009367844,257.69182622272336,257.82520571612247,257.4472399258325
2025-11-18,1,275.22361359570664,258.9533194365485,263.1752661729594,265.5283949096503,258.00528044530347
2025-11-18,2,273.8129175946548,267.46706437981607,266.21152103623405,269.5453484132296,258.8506659673418
2025-11-18,3,286.34857988582706,265.51724137931035,266.8996222465041,269.0754422969637,258.97020460615835
2025-11-18,4,286.817895400126,261.6016881028939,265.6951687233748,267.2525115611508,259.7640747765353
2025-11-18,5,276.276695866213,253.0642573083095,261.76416299122377,262.79942983119565,257.8120662267039
2025-11-18,6,272.250032761106,248.17375886524823,258.57486903772394,260.3335520865939,257.2883487082473
2025-11-18,7,273.88262707272133,243.21380755573665,254.08964761444759,256.0832629658907,246.87249803283626
2025-11-18,8,238.9176240276132,211.19494801023464,222.75681591829692,223.79547709743767,202.15096735132698
2025-11-18,9,206.5262351589429,212.03135379301185,211.45863609367373,214.64212254613187,192.0672128364088
2025-11-18,10,195.26651550670613,199.4646790434236,204.90957833773496,206.38101910794245,179.91494527765025
2025-11-18,11,196.54211757823924,200.3903133903134,206.28030585005408,207.70275876165437,179.48904151781707
2025-11-18,12,197.22232114240947,204.1240920342491,207.3281498702968,209.4676421120409,180.52235057591076
2025-11-18,13,189.72535991140643,198.259845302132,207.47580975200268,206.46900298317678,174.15723646481118
2025-11-18,14,189.0109016579605,199.04152939136463,207.23839717210635,206.1040511681142,176.86380122588363
2025-11-18,15,176.4424065468602,215.31467859031684,213.40808495812306,215.35958955850734,191.5690188769235
2025-11-18,16,197.36687093249728,250.39246314556283,233.03291562737766,240.02552784604993,218.43042863581488
2025-11-18,17,271.16150036683786,270.31834210907687,263.2795186400027,266.4838635914755,245.74801405331692
2025-11-18,18,279.4991055456172,265.0201828051779,265.52163901377037,268.1147897629735,250.58989190429273
2025-11-18,19,275.6477622757746,259.0149050832646,262.086517438189,265.9850953485652,249.53374638980475
2025-11-18,20,272.9959100204499,256.6384078573275,258.5748635397157,264.37545193663976,249.7851259346026
2025-11-18,21,278.5294257125243,270.82503556187766,261.02144231857426,270.2052412551901,250.5273464146857
2025-11-18,22,275.34061261957675,275.93652445369406,260.29379340013736,271.07497783938953,253.0996122921304
2025-11-18,23,277.2605561277034,265.5523085914669,255.21805147905485,264.2084582523334,248.77086904536552
2025-11-19,0,282.2338848366245,262.0117982099268,256.2248224623724,263.07189502686805,275.9749599969601
2025-11-19,1,286.348867841686,275.22361359570664,262.9768129478595,270.917766297468,279.00007222959243
2025-11-19,2,290.4458224543081,273.8129175946548,266.18261456404883,271.78355480393554,278.56294807860195
2025-11-19,3,299.1448302568736,286.34857988582706,268.67246613866274,276.9508585817645,278.9854555227326
2025-11-19,4,301.05551211884284,286.817895400126,266.8163729735564,276.27337818878055,279.62866421174795
2025-11-19,5,297.52035146659773,276.276695866213,260.89447258528105,270.22699234636946,278.68646356012835
2025-11-19,6,299.1078154425612,272.250032761106,256.687253927376,267.69843468021895,275.78586705500345
2025-11-19,7,290.14882141430286,273.88262707272133,253.84040415358703,266.4521426973927,274.9774015296333
2025-11-19,8,234.24463478915663,238.9176240276132,225.15644965426145,234.9433075159113,233.1615947299956
2025-11-19,9,186.51086754597807,206.5262351589429,211.2755460530944,212.04608186429437,197.91296828224364
2025-11-19,10,182.7897041169409,195.26651550670613,203.23641066189822,202.5126737145429,192.09732736675568
2025-11-19,11,192.59980302035456,196.54211757823924,204.62545951765813,203.82391507688965,191.0298691282567
2025-11-19,12,194.47236510172652,197.22232114240947,206.64329364547854,205.00536092367972,190.8340598711327
2025-11-19,13,198.27769730858623,189.72535991140643,206.28730470094848,201.1058618966279,186.22569063623646
2025-11-19,14,206.87555001466703,189.0109016579605,205.7252406305322,199.54053242591618,185.90313570322195
2025-11-19,15,195.0970354523228,176.4424065468602,207.65742925001112,195.05785026815013,180.14036173955776
2025-11-19,16,207.620577343506,197.36687093249728,226.25147246935103,214.44609066263712,202.3768678185344
2025-11-19,17,276.65066403445803,271.16150036683786,262.6708574700688,266.1459175155018,269.2779488729605
2025-11-19,18,283.2552162739034,279.4991055456172,265.5927404486357,273.16380041080316,272.3993737411189
2025-11-19,19,280.3079906204906,275.6477622757746,261.7036182553721,271.558014139816,270.56679468242197
2025-11-19,20,277.3595681077946,272.9959100204499,258.7031421774505,270.0326400361198,268.9665552954264
2025-11-19,21,279.30030070463624,278.5294257125243,262.4700430329298,273.730019345165,272.9965269560649
2025-11-19,22,284.76779309042854,275.34061261957675,261.7624887524407,271.9065719469147,273.55267797573475
2025-11-19,23,281.4087172831495,277.2605561277034,256.58190435175356,269.0831008382625,269.8538074767416
2025-11-20,0,287.9024246008279,282.2338848366245,257.5197281770139,268.3936088637013,285.5283733598291
2025-11-20,1,288.5522190062711,286.348867841686,265.020511601579,273.4622071551945,284.2287897003253
2025-11-20,2,285.2099405589984,290.4458224543081,268.2780534572857,276.1183213949318,285.7313583483329
2025-11-20,3,279.6519807478712,299.1448302568736,271.5391604186404,280.62703718845034,286.72115487143276
2025-11-20,4,269.8765662988592,301.05551211884284,270.2532960605316,280.74843976180097,288.0648672304302
2025-11-20,5,270.1807154350786,297.52035146659773,264.70416693118614,277.1452763687975,285.2271863840293
2025-11-20,6,281.9395811877789,299.1078154425612,261.0001384287885,276.5866363919177,285.1027710768766
2025-11-20,7,283.1524029296679,290.14882141430286,256.9253362460499,271.31359685745423,281.883571994286
2025-11-20,8,225.25407608695653,234.24463478915663,222.5595995477319,228.66258238866538,221.08304054987073
2025-11-20,9,209.0918109051105,186.51086754597807,203.65469647880212,196.44279002108294,185.50918878216416
2025-11-20,10,198.8401213030293,182.7897041169409,197.51423320777744,191.7342813902443,182.02515289266225
2025-11-20,11,203.48431476804467,192.59980302035456,200.57632001330487,197.27505902308144,183.92340133283642
2025-11-20,12,212.75267379679144,194.47236510172652,203.25706777811737,199.06953575606582,185.46711093892202
2025-11-20,13,213.9234894529853,198.27769730858623,202.6982409962571,199.61767883409223,189.4483424121725
2025-11-20,14,213.14392944267212,206.87555001466703,203.05611207779822,202.89983049116415,191.92916613942373
2025-11-20,15,222.35083016257352,195.0970354523228,200.8981274489425,197.16811564526807,182.6556321608415
2025-11-20,16,248.65558986423565,207.620577343506,219.00743283749836,212.5567646007728,195.57062632608904
2025-11-20,17,275.7678720832946,276.65066403445803,263.09182175626245,265.99785315342234,272.5698587015673
2025-11-20,18,274.97002556642866,283.2552162739034,266.93490326276356,272.99708386860846,275.1941420001457
2025-11-20,19,270.8526674233825,280.3079906204906,263.1216408283262,271.74556324260584,274.49219404084306
2025-11-20,20,277.37177087233243,277.3595681077946,258.5707228720198,269.65237022878546,273.2505927370152
2025-11-20,21,276.7098358287998,279.30030070463624,263.19749452102803,272.39646673967246,274.42224587805924
2025-11-20,22,280.82424423527067,284.76779309042854,263.8307700081229,273.9095830250917,275.38758892333624
2025-11-20,23,280.54750580687977,281.4087172831495,259.0623955285922,269.5582091268664,273.9266532461761
2025-11-21,0,283.6553945249597,287.9024246008279,260.93008936595805,275.6264747577393,281.4208753140692
2025-11-21,1,278.5409054313495,288.5522190062711,268.67144868356246,279.45539457873383,281.2516084215764
2025-11-21,2,273.2678117442797,285.2099405589984,271.6836671700396,279.5019521738901,280.9052428786586
2025-11-21,3,273.5130825113697,279.6519807478712,275.4026368686833,279.3374749143777,282.3210868180599
2025-11-21,4,267.2691792392381,269.8765662988592,273.5045912958035,275.26072262469796,281.81953030533435
2025-11-21,5,257.76670817766706,270.1807154350786,269.0446153331223,273.61347456655534,280.57131842245036
2025-11-21,6,249.6154948140508,281.9395811877789,266.52757525303974,277.09841918491276,280.5940894106008
2025-11-21,7,260.29186651699155,283.1524029296679,263.93555566058416,275.60782581924263,273.45261194438757
2025-11-21,8,259.0490504819162,225.25407608695653,227.87819367944843,231.1913740708604,208.2758203849721
2025-11-21,9,245.71338597936148,209.0918109051105,208.51835161360654,211.4279406657372,186.53510334394713
2025-11-21,10,234.6763519801468,198.8401213030293,200.265633890405,203.49030801164827,182.324804257288
2025-11-21,11,241.2654032860344,203.48431476804467,203.4957429370698,207.446273984622,185.4580194838417
2025-11-21,12,239.4843462246777,212.75267379679144,207.78842088309878,213.32318285013037,189.4598119626123
2025-11-21,13,241.38315194104035,213.9234894529853,208.310486328807,213.67058590578387,189.91677472178986
2025-11-21,14,239.72346533817444,213.14392944267212,210.83534740262317,214.19671027943835,191.23017254176796
2025-11-21,15,234.83592644978785,222.35083016257352,209.8980999844919,217.12174587998973,194.88748832951626
2025-11-21,16,255.90831647321903,248.65558986423565,227.20733434618688,237.85538000711475,226.13036124779012
2025-11-21,17,268.4360003917344,275.7678720832946,266.3679340751343,271.27078519683766,267.3513473994877
2025-11-21,18,273.3569385170942,274.97002556642866,269.623026072218,274.78085136425057,270.01968399314603
2025-11-21,19,273.1073364305072,270.8526674233825,266.16665600840753,273.2883957243376,265.15265027799927
2025-11-21,20,273.4675925925926,277.37177087233243,264.2557937697075,275.5332169031736,266.9490963483897
2025-11-21,21,276.8002341421882,276.7098358287998,268.787743542732,277.35327044036666,268.18445753748404
2025-11-21,22,277.82541776605103,280.82424423527067,269.45145021380887,278.55396627874836,268.66066322108543
2025-11-21,23,277.1977666764619,280.54750580687977,264.91278286678715,275.31457701899575,267.8769275530327
2025-11-22,0,283.0049799587028,283.6553945249597,268.173314055317,271.20072493351756,269.7167692862784
2025-11-22,1,284.20173425146646,278.5409054313495,272.82636259994604,271.6108221198817,268.51865612898985
2025-11-22,2,276.46114409066377,273.2678117442797,272.59923192335464,269.3733435187649,265.49762504883796
2025-11-22,3,272.849668643181,273.5130825113697,274.61552413251485,270.2433734486502,266.337393668526
2025-11-22,4,265.89806349434883,267.2691792392381,272.0317255359156,266.89158006214177,262.9377340318362
2025-11-22,5,257.12239398666856,257.76670817766706,267.49227107463486,261.9061733425562,259.66587958014173
2025-11-22,6,256.47750475251706,249.6154948140508,265.2750058227672,258.9282198040544,252.4292377198518
2025-11-22,7,261.36790028270366,260.29186651699155,265.2556043044212,262.5144850819569,256.7012183017501
2025-11-22,8,240.45002246902484,259.0490504819162,231.14691367370756,242.62958208100304,228.8485863229485
2025-11-22,9,198.57726130653268,245.71338597936148,211.41278658463307,224.90407867527162,206.71175812332038
2025-11-22,10,188.9392277314612,234.6763519801468,202.58015823355026,215.33660786735322,186.00467904170404
2025-11-22,11,207.90468482193867,241.2654032860344,207.53431934083633,219.39335219556295,183.1991634432337
2025-11-22,12,215.4816112084063,239.4843462246777,211.84903523195155,220.10250330398782,182.84595606474298
2025-11-22,13,216.4992986219985,241.38315194104035,213.0491872852394,220.36788750165238,183.57737156212954
2025-11-22,14,214.4162777987977,239.72346533817444,214.1185669099125,219.86170512685905,183.58761888616613
2025-11-22,15,203.8593466001771,234.83592644978785,210.25554839181024,216.44472521864756,179.68633607489582
2025-11-22,16,206.47841086133985,255.90831647321903,227.12397458889595,233.84833409069256,208.23927574202915
2025-11-22,17,255.60979627697543,268.4360003917344,265.79454309746393,261.98464675963396,238.64830533565882
2025-11-22,18,258.2076059850374,273.3569385170942,268.94752249938443,267.5247542574227,249.7369161658667
2025-11-22,19,248.21918578497525,273.1073364305072,265.24267707709424,267.28720102459795,248.02045141464515
2025-11-22,20,247.276673118658,273.4675925925926,263.5131817068763,267.664302030287,248.8402461040082
2025-11-22,21,247.06043287937743,276.8002341421882,268.41967809170734,270.88647304903753,251.46591150627225
2025-11-22,22,245.87814277849148,277.82541776605103,269.76366335100136,271.30975147205294,253.7881306808285
2025-11-22,23,235.79130548988704,277.1977666764619,266.3684967397044,268.54327503169117,254.11735328181715
2025-11-23,0,241.12433672737703,283.0049799587028,270.35345465768415,246.4269051151672,226.96193780554734
2025-11-23,1,244.708327462308,284.20173425146646,274.1823167649528,248.5827928068105,224.26936307948992
2025-11-23,2,237.7613557223555,276.46114409066377,272.6590459231491,244.9544934315446,224.37116625863985
2025-11-23,3,239.25536220153785,272.849668643181,273.8324646547588,244.23382730768492,222.49277099445786
2025-11-23,4,243.63458560834488,265.89806349434883,270.7321497736095,240.37571136284976,223.043481893815
2025-11-23,5,240.4652093842581,257.12239398666856,265.7722073917786,235.19325033452293,220.95446561821757
2025-11-23,6,236.1515268650947,256.47750475251706,265.2687758145927,235.21498035478453,223.17195830709863
2025-11-23,7,238.7421064092328,261.36790028270366,266.294840985716,237.43412392351487,225.5630799653493
2025-11-23,8,161.8294612901184,240.45002246902484,232.10124687776104,210.46576107096482,208.774375743717
2025-11-23,9,133.23979124702436,198.57726130653268,207.72017401097875,178.92862556795038,176.50500631687328
2025-11-23,10,150.7804897663758,188.9392277314612,198.954499255229,169.04140135826196,167.27530437925574
2025-11-23,11,155.89852827265685,207.90468482193867,206.80839178467158,179.7232901490777,178.09963720817782
2025-11-23,12,167.38267878832494,215.4816112084063,208.74023326594946,183.70931671997695,182.68685412224306
2025-11-23,13,159.47105788423153,216.4992986219985,208.02820158781586,182.79758623083717,184.03225198967004
2025-11-23,14,162.63427913307507,214.4162777987977,209.01541172675402,181.99367393755705,180.4248656386976
2025-11-23,15,150.14622047827052,203.8593466001771,205.51461337347885,176.3373251275165,174.00883117158227
2025-11-23,16,137.66505717916138,206.47841086133985,221.86411972320295,186.8628294767293,182.44747158172493
2025-11-23,17,219.87441732931177,255.60979627697543,265.14791124517654,231.60799873454636,218.9204922419023
2025-11-23,18,230.19919094679707,258.2076059850374,268.39658999506514,236.6693831783757,227.81295055780046
2025-11-23,19,223.68421052631572,248.21918578497525,264.09871584875174,232.85364915251503,233.473963498198
2025-11-23,20,222.2101800927424,247.276673118658,262.53666045559606,232.84800375437632,231.79476494671712
2025-11-23,21,222.6945868945869,247.06043287937743,266.11357038865145,234.2908799771942,232.56237416686625
2025-11-23,22,217.27529643054612,245.87814277849148,267.6759446174939,234.02076745455403,232.22581437649762
2025-11-23,23,217.28653780942693,235.79130548988704,264.05229350506147,227.88540947426026,230.31125134892162
2025-11-24,0,219.14410163339383,241.12433672737703,269.0863313993147,241.59179479005553,223.99785360552247
2025-11-24,1,230.83492621760072,244.708327462308,273.78985528933373,244.95833499609424,223.48342567374732
2025-11-24,2,231.58186278388857,237.7613557223555,272.0608652207252,241.30254989816183,226.28699360100018
2025-11-24,3,237.7748383303939,239.25536220153785,273.75439223228153,242.56815775592895,227.46182794265573
2025-11-24,4,228.6622689269004,243.63458560834488,270.87907003752196,242.684064170839,229.27737883087082
2025-11-24,5,229.1453185218772,240.4652093842581,264.6280473749704,238.80652726527825,233.73152652907527
2025-11-24,6,228.60621982391365,236.1515268650947,263.38795924119387,237.361671634951,245.06142379250238
2025-11-24,7,234.10786848910232,238.7421064092328,264.39993316876524,238.47726617996474,247.77129035587433
2025-11-24,8,173.85418933623504,161.8294612901184,224.41997387928862,183.49891278162698,188.5591411347999
2025-11-24,9,156.86985446985446,133.23979124702436,198.8129579908517,153.85048448766932,176.6700005786969
2025-11-24,10,156.51153460381144,150.7804897663758,192.96529849258337,157.27025535439319,181.0857227689781
2025-11-24,11,165.59490847561915,155.89852827265685,199.72645216251172,163.03024281842445,182.40053036641282
2025-11-24,12,169.4977360070013,167.38267878832494,204.41715547094077,169.89508346614156,186.30570825666985
2025-11-24,13,171.13983907256988,159.47105788423153,202.50570006034005,165.56787460121808,183.65973434103648
2025-11-24,14,180.8235994345659,162.63427913307507,203.54941896810166,166.7690578756991,183.91701686750997
2025-11-24,15,176.48263684520305,150.14622047827052,199.72092061147268,159.84870070517286,181.52178699807908
2025-11-24,16,183.09131813068825,137.66505717916138,214.86961225707455,164.78454349184423,179.14253833175923
2025-11-24,17,258.84634914187063,219.87441732931177,262.54551322738416,227.18370943514137,250.64358364913963
2025-11-24,18,262.2402411021814,230.19919094679707,266.35832366286513,235.63761352470044,257.4243722478359
2025-11-24,19,255.7763823987539,223.68421052631572,261.5477225921015,232.62932608877313,258.1194065817248
2025-11-24,20,257.6017226017226,222.2101800927424,261.04572895169963,233.01718894836463,258.6641399701772
2025-11-24,21,260.2094768115212,222.6945868945869,264.55997881771293,234.4763164364473,260.83947806679043
2025-11-24,22,267.5444289908824,217.27529643054612,265.4068616248655,232.23647908079778,258.15323689299817
2025-11-24,23,269.8751560549313,217.28653780942693,262.14924254071076,229.67472079001732,253.79444715499278
2025-11-25,0,269.9840439111565,219.14410163339383,265.58241721311606,258.07406446842566,277.8174778607296
2025-11-25,1,283.64778658418714,230.83492621760072,269.77294197234124,263.9290149130626,279.25415098716786
2025-11-25,2,276.7958003854077,231.58186278388857,266.93440784987837,262.4431429098851,280.5404784513561
2025-11-25,3,272.5737995692386,237.7748383303939,269.79119179672205,265.84816020837144,281.49790410930814
2025-11-25,4,275.2451600026612,228.6622689269004,266.1734387266658,261.1070298068864,283.68017914245235
2025-11-25,5,273.92090241913564,229.1453185218772,261.2110561197658,259.25238385414116,282.8009216798862
2025-11-25,6,274.5540457072267,228.60621982391365,260.5925965210032,259.4113848848343,283.1996440698648
2025-11-25,7,276.4848844101956,234.10786848910232,263.09908473067463,262.19996276072675,282.6331067871588
2025-11-25,8,210.88279983792543,173.85418933623504,219.08557978300297,211.08576314386,207.60718578550706
2025-11-25,9,163.5980884897421,156.86985446985446,190.93274380182922,185.78793663429843,178.5044152683447
2025-11-25,10,168.49246796072848,156.51153460381144,186.82913500121023,183.5230984271303,178.19520355345682
2025-11-25,11,179.53398548893622,165.59490847561915,194.7556800318411,190.65478744076773,188.72535589312818
2025-11-25,12,185.6502853860789,169.4977360070013,199.47053318133393,194.75439870198488,190.2189816860073
2025-11-25,13,185.7016814319292,171.13983907256988,198.6314134561169,194.48568051760037,191.18782951261986
2025-11-25,14,187.15109039809315,180.8235994345659,200.94685754570182,198.90138069623546,199.26828510488016
2025-11-25,15,184.05811773528308,176.48263684520305,194.17348607645644,193.61199803620775,191.69567142722028
2025-11-25,16,208.95875810936053,183.09131813068825,205.25516296923539,203.32561752402538,205.29304379514193
2025-11-25,17,275.72366930917326,258.84634914187063,260.9066570892118,265.844601304523,283.4278442475958
2025-11-25,18,279.190212129214,262.2402411021814,265.9611891338656,272.22436422803935,287.09657855550387
2025-11-25,19,279.13000045407074,255.7763823987539,261.08507649431425,269.22282512896464,285.26792495860394
2025-11-25,20,279.4078978040934,257.6017226017226,261.18334534375606,271.0186048354743,285.1085832755029
2025-11-25,21,277.9059361165326,260.2094768115212,263.04347042480487,272.5058715374962,286.88724722556856
2025-11-25,22,279.8391342497806,267.5444289908824,264.20799084446384,274.78381365384143,287.36342378422387
2025-11-25,23,278.6455138571349,269.8751560549313,262.76679217834857,273.84606623506386,287.00131583271894
2025-11-26,0,296.1363909232801,269.9840439111565,266.7213094561489,271.5726097931167,284.06886867184585
2025-11-26,1,297.55710698756815,283.64778658418714,270.97639525640983,278.27251573336787,284.5896224078957
2025-11-26,2,295.9278831209201,276.7958003854077,267.3605339628431,273.92429534944324,284.4011542401447
2025-11-26,3,298.8576373864128,272.5737995692386,267.82336603720944,272.82123068282175,282.0695698440155
2025-11-26,4,294.43585282556865,275.2451600026612,264.5201908127422,272.024782885525,283.169185038132
2025-11-26,5,294.5153514336463,273.92090241913564,260.8745141987547,270.1348473158615,282.88632582708954
2025-11-26,6,285.36876552936184,274.5540457072267,260.9217412275919,270.98690545458663,282.4225409534439
2025-11-26,7,274.9287049399199,276.4848844101956,263.47083577888526,272.7409000625795,282.1431386082233
2025-11-26,8,203.0752569010679,210.88279983792543,215.08060489876183,218.63375345302234,211.95881209357339
2025-11-26,9,176.40707497360086,163.5980884897421,184.8001514205148,182.028915176003,170.29322279872127
2025-11-26,10,177.9993837937763,168.49246796072848,183.00427106607054,182.70061174715715,172.42875926605365
2025-11-26,11,184.30657414411155,179.53398548893622,192.32594687622637,191.28379199699762,180.74343155602418
2025-11-26,12,184.63081656197923,185.6502853860789,197.8173852161439,196.41074895161222,186.99784644072693
2025-11-26,13,185.66977899336663,185.7016814319292,198.056602244763,195.9489990452699,187.6857611455413
2025-11-26,14,173.5100792968377,187.15109039809315,200.68117022286364,197.43460806317526,191.75727650851746
2025-11-26,15,162.4170780891454,184.05811773528308,195.26144481765974,193.41209345866838,183.87774830855852
2025-11-26,16,185.3607393521949,208.95875810936053,206.9111468516444,210.2944249727097,203.5752205927758
2025-11-26,17,260.4510978043912,275.72366930917326,261.55839550954545,268.56155441856015,274.531127964999
2025-11-26,18,266.88080562548834,279.190212129214,265.9170615029509,274.5426882858406,277.46001813781226
2025-11-26,19,266.55841799709725,279.13000045407074,261.5825390912137,273.9243747396684,276.1021359299599
2025-11-26,20,264.7844208771361,279.4078978040934,262.0993435985623,275.4471551488469,276.169885256779
2025-11-26,21,262.05235037498164,277.9059361165326,262.9544004825203,275.1729446333048,275.56764212829137
2025-11-26,22,263.1228651798272,279.8391342497806,264.85063679163585,276.0358512612477,277.8164866295133
2025-11-26,23,274.9534204288628,278.6455138571349,262.9646432825531,273.7521739453831,277.1939872654659
2025-11-27,0,276.6618066946115,296.1363909232801,268.70738175424253,276.3151571639159,274.9240863745649
2025-11-27,1,281.23786705983537,297.55710698756815,272.57757227725017,278.79218617202315,275.6637676803148
2025-11-27,2,276.8076948502677,295.9278831209201,268.1436854866448,275.8080593214062,275.0217864812731
2025-11-27,3,278.84075186919154,298.8576373864128,267.7823384842864,276.7578082027932,274.3129504311634
2025-11-27,4,278.4423456442064,294.43585282556865,263.57452519941734,273.4612617673198,275.4541861501679
2025-11-27,5,280.4904306220096,294.5153514336463,260.4452284797616,272.1959371453422,275.35174379869756
2025-11-27,6,287.803334467506,285.36876552936184,258.95901981142055,269.0170272193045,274.1822209705729
2025-11-27,7,282.8055751814503,274.9287049399199,261.29653342540195,266.38278858187806,269.77903803074105
2025-11-27,8,238.68649692289128,203.0752569010679,210.62783662903487,208.84146262370638,194.4287599278669
2025-11-27,9,218.0276125366244,176.40707497360086,183.35675248160376,180.59670343114502,169.26352873675827
2025-11-27,10,205.75763500567004,177.9993837937763,182.31993959133277,180.71472391776297,169.7848640799244
2025-11-27,11,206.89685102246293,184.30657414411155,191.1411998939059,187.38322032152155,175.2095514349561
2025-11-27,12,205.48688066287176,184.63081656197923,196.41144971046566,190.32585294174243,174.23561982378925
2025-11-27,13,199.6392070786748,185.66977899336663,196.25547105687448,189.9310197653505,175.82145639211967
2025-11-27,14,198.38296006722445,173.5100792968377,195.91467440603085,184.67513492311824,169.83125248049433
2025-11-27,15,200.73222353372137,162.4170780891454,190.59287948006295,177.28449890972962,160.04020801425156
2025-11-27,16,215.62509494151604,185.3607393521949,203.73116999574282,194.58494288464664,176.66778964629611
2025-11-27,17,262.28213620368456,260.4510978043912,259.244171762393,257.0994050252425,260.9511674508596
2025-11-27,18,266.834152269245,266.88080562548834,263.5778599817487,264.20400691165764,265.25544744392033
2025-11-27,19,265.42850634929675,266.55841799709725,259.61831443072896,263.74543997361684,264.5429743337127
2025-11-27,20,265.0892590602424,264.7844208771361,260.3028939941825,264.5236888101517,264.32040083223524
2025-11-27,21,264.0029041626331,262.05235037498164,260.49040757828396,263.4753165228237,263.69737644114383
2025-11-27,22,264.5610963535378,263.1228651798272,261.7585042329785,263.7292899407636,264.84966339950716
2025-11-27,23,265.6501468897688,274.9534204288628,262.04245801765495,266.80023481034334,266.6995345182477
2025-11-28,0,272.083444950442,276.6618066946115,267.1015791962117,269.7774352122101,264.7746192664219
2025-11-28,1,268.25190311418686,281.23786705983537,271.53266485633077,273.49052856930393,264.4661268775616
2025-11-28,2,264.1748477248298,276.8076948502677,266.94336467111185,269.5276507382983,265.2875770784806
2025-11-28,3,259.1733674006162,278.84075186919154,267.66644864447505,270.6942936070078,265.7779952057917
2025-11-28,4,258.13846382409747,278.4423456442064,264.79820796303835,269.23429937148904,266.5433157217192
2025-11-28,5,253.14344142565,280.4904306220096,261.91804493503747,268.8288846404771,265.8953752369914
2025-11-28,6,247.5057898799916,287.803334467506,259.79669885138156,270.9228329858363,265.1119828418647
2025-11-28,7,246.2306201550388,282.8055751814503,261.246986604228,269.62288906543046,261.47724431428526
2025-11-28,8,177.39361702127658,238.68649692289128,212.54675389131128,223.35577519705205,213.65457837995098
2025-11-28,9,157.89983131175194,218.0276125366244,184.63329557182007,197.44316706489576,185.59503718705045
2025-11-28,10,165.6326100388907,205.75763500567004,183.30815583456715,191.95295362329983,179.28656464017268
2025-11-28,11,177.46583763656164,206.89685102246293,191.6287050731085,195.97196081433768,182.10727745627452
2025-11-28,12,179.3366795635958,205.48688066287176,195.37347926276288,197.42835623710195,180.23198826838623
2025-11-28,13,177.09705282797222,199.6392070786748,194.21485928911582,194.07944200715514,178.7963338114247
2025-11-28,14,178.90687400600814,198.38296006722445,193.8059644952526,192.96589917208865,177.14978389501732
2025-11-28,15,172.55156256536836,200.73222353372137,187.5045071045126,190.59646418561306,174.96601395371687
2025-11-28,16,170.00411522633746,215.62509494151604,199.0125278639257,204.16072280560843,186.84202508980923
2025-11-28,17,236.20903318312168,262.28213620368456,257.31763806530586,256.8918853378838,253.3186865437503
2025-11-28,18,245.59608056614044,266.834152269245,262.4155923678653,263.79351612483697,257.4916390702953
2025-11-28,19,242.931629656345,265.42850634929675,258.8434342772881,263.1234786264318,256.3229739448839
2025-11-28,20,234.23919263382408,265.0892590602424,258.54824944959825,263.9730554011794,256.2265194221427
2025-11-28,21,223.342117746271,264.0029041626331,258.6751316259744,263.4147784974116,256.2265194221427
2025-11-28,22,228.69645300494685,264.5610963535378,259.4351973927309,263.29341102298935,256.5006450815398
2025-11-28,23,235.0485493006589,265.6501468897688,259.9142638866391,263.0239479603673,257.60065172393206
2025-11-29,0,241.9238720661559,272.083444950442,265.4484435427091,245.0413337586489,229.9922249684397
2025-11-29,1,256.27353556485355,268.25190311418686,270.0628073824504,245.933175540047,229.559785452284
2025-11-29,2,260.27797375476223,264.1748477248298,265.6443698111904,242.17626481584824,226.07128089443515
2025-11-29,3,263.36117681845064,259.1733674006162,265.6179179143674,240.5835723192073,226.7292711872089
2025-11-29,4,268.44911864908903,258.13846382409747,263.4938200465897,239.3352424040266,226.91773598106468
2025-11-29,5,267.6235038084875,253.14344142565,261.2575782561779,236.89331218978148,227.53236599078556
2025-11-29,6,269.89158529580703,247.5057898799916,259.4953124322302,234.96595817122954,233.68720094688098
2025-11-29,7,271.4584562922159,246.2306201550388,259.23823712394903,234.00272172943644,230.60085623267736
2025-11-29,8,209.76659935859365,177.39361702127658,200.8816919683628,173.2216496891284,167.97133681397662
2025-11-29,9,170.97619047619048,157.89983131175194,172.08850204787583,147.5262090565455,140.5778375040528
2025-11-29,10,177.1000077405372,165.6326100388907,173.44476412867343,150.8693272790219,148.50680517136334
2025-11-29,11,187.7779792558207,177.46583763656164,182.51448140889812,159.48442162670796,155.53930972390992
2025-11-29,12,187.76235564163252,179.3366795635958,186.7809554540369,162.50664884713007,159.4909377829859
2025-11-29,13,191.4053685004851,177.09705282797222,185.0311308443918,160.44491488731728,155.80063969402318
2025-11-29,14,189.75374339401057,178.90687400600814,185.11788001922883,160.63045432800638,156.5137393285131
2025-11-29,15,185.1485729945582,172.55156256536836,178.60674083530984,155.08425795429818,149.31444783370995
2025-11-29,16,196.9773388148,170.00411522633746,186.7404991143712,160.65841238508352,152.76650523501362
2025-11-29,17,266.70835785756327,236.20903318312168,252.71378560693265,223.78776773623912,226.2724401265834
2025-11-29,18,268.9416006451919,245.59608056614044,258.4497555177291,232.61590161189565,232.4460649532914
2025-11-29,19,267.62789575289577,242.931629656345,254.53261902383636,231.50871559226425,231.5081359125657
2025-11-29,20,269.1203658176812,234.23919263382408,252.9441923126313,228.86968878879276,231.74825894683855
2025-11-29,21,268.17494278037617,223.342117746271,251.0382578551291,223.95850932858022,229.77596504046707
2025-11-29,22,268.33665593211674,228.69645300494685,252.41677385543036,225.84906640344417,230.63510501121598
2025-11-29,23,262.4322004806042,235.0485493006589,253.89294711866722,227.840148293589,231.32914095870476
2025-11-30,0,269.63017934446503,241.9238720661559,259.57971384377385,251.968548189026,262.3998451530081
2025-11-30,1,277.5792562352491,256.27353556485355,266.07306471293424,259.7379711597873,263.7025821242388
2025-11-30,2,276.322786492954,260.27797375476223,263.33248833463307,259.4992876976898,261.1916261524286
2025-11-30,3,272.117967814869,263.36117681845064,264.2624190822631,260.9767083745114,260.605817735509
2025-11-30,4,261.34474994883,268.44911864908903,263.85825649726684,262.49497928422375,261.92573171933043
2025-11-30,5,249.38181818181812,267.6235038084875,262.757736802152,261.8965650188574,260.70117771701615
2025-11-30,6,252.1235341151386,269.89158529580703,261.4116096527002,262.6700450412199,260.6562078605712
2025-11-30,7,255.63409961685824,271.4584562922159,260.67974512530793,262.4960743049376,259.02252199729895
2025-11-30,8,196.39869965287343,209.76659935859365,196.49834580972976,202.56356710048152,191.35136992425475
2025-11-30,9,161.12099187687045,170.97619047619048,168.1454919292555,170.04106946917062,156.9083938148657
2025-11-30,10,165.22164403928167,177.1000077405372,171.75344698711288,173.66344417232608,163.3551173164464
2025-11-30,11,170.5507806904455,187.7779792558207,179.63923775659558,181.47590652554945,172.9715400679139
2025-11-30,12,179.2558502869952,187.76235564163252,182.8210618016406,183.07170723996947,174.06702397674948
2025-11-30,13,182.7867971185894,191.4053685004851,181.4462836841756,183.51784313760578,174.8792231053202
2025-11-30,14,178.8713004673094,189.75374339401057,181.59466081854498,182.54546836056582,173.65446595534644
2025-11-30,15,178.3264136022143,185.1485729945582,175.93377317736426,177.68887412029602,169.18741849106132
2025-11-30,16,208.76425175111203,196.9773388148,185.38320310772266,189.17634677818802,175.18736397254247
2025-11-30,17,232.1093788422761,266.70835785756327,254.2992944041595,254.52295079671447,254.73754823532357
2025-11-30,18,235.62231349699115,268.9416006451919,259.9831833263226,260.73189720513227,255.9193369162765
2025-11-30,19,239.08335394509027,267.62789575289577,257.30529187639644,260.6342198395171,255.12239768807254
2025-11-30,20,254.8875245072748,269.1203658176812,256.0647198410632,261.49509289392006,255.86010690468143
2025-11-30,21,263.04824561403507,268.17494278037617,254.05461641241462,259.809067315259,255.89708708710805
2025-11-30,22,266.3914304842669,268.33665593211674,255.62513287737684,260.101065355048,256.75743695810735
2025-11-30,23,266.42598827784013,262.4322004806042,257.6987892601982,258.2519493644599,254.66510591457637
2025-12-01,0,264.171638366223,269.63017934446503,263.65197707478643,279.52717726012816,277.3635403020754
2025-12-01,1,282.7803873624606,277.5792562352491,270.7689116804973,285.67701078718557,280.5181486774436
2025-12-01,2,287.0633768746976,276.322786492954,268.8412641590043,284.14877211983566,283.5239691073243
2025-12-01,3,278.2252037003002,272.117967814869,268.95707702702464,282.85718079593096,284.0828843414128
2025-12-01,4,275.73336571151043,261.34474994883,266.388279974479,278.14088448239835,285.2782904407475
2025-12-01,5,269.20420055845574,249.38181818181812,264.03153805894635,273.1380276831171,283.90365351408667
2025-12-01,6,271.0987017404615,252.1235341151386,263.69332497413507,274.6704297980114,284.476755223878
2025-12-01,7,271.9137125048695,255.63409961685824,263.0928870121116,275.20389432733293,282.6958756432107
2025-12-01,8,223.810924559895,196.39869965287343,201.43680843298048,217.78446898363228,218.5005636169045
2025-12-01,9,180.37922965494187,161.12099187687045,172.12852059066213,185.98096482237233,197.71949485200807
2025-12-01,10,173.97038708794966,165.22164403928167,173.81646902609938,188.1469730537869,198.50987560651765
2025-12-01,11,185.6539228937376,170.5507806904455,181.7324166734225,194.18903285192613,202.6795136963196
2025-12-01,12,189.06173311661408,179.2558502869952,184.51722915859355,198.80934350137784,205.4424196727473
2025-12-01,13,189.50802676635985,182.7867971185894,184.7771035747982,200.33794160370323,204.70253464806117
2025-12-01,14,187.53360990673443,178.8713004673094,183.9142352948642,198.44168367831904,202.05297468046024
2025-12-01,15,175.07076672436617,178.3264136022143,179.9595150522134,197.03047066643393,205.37140526063425
2025-12-01,16,200.2829251436223,208.76425175111203,195.5402309037156,219.22146730142362,230.1791749565158
2025-12-01,17,269.7016278768513,232.1093788422761,256.0471460488687,261.0829202233002,275.7966345651801
2025-12-01,18,277.1745073238402,235.62231349699115,260.75791511920744,266.55832798090415,281.74371581049974
2025-12-01,19,278.1366459627329,239.08335394509027,259.50516950764995,268.77982293461,280.8710864971597
2025-12-01,20,275.64009054325953,254.8875245072748,260.7329119002821,275.8204372106777,283.23405100310214
2025-12-01,21,277.8875624050358,263.04824561403507,259.81942480090726,277.6680088219241,282.21027917820425
2025-12-01,22,275.8390815029951,266.3914304842669,262.6417234564798,279.5250205127411,282.1294539957986
2025-12-01,23,283.15709433770974,266.42598827784013,264.7187107556859,279.60635865303306,279.901069515144
2025-12-02,0,284.8747217624565,264.171638366223,270.08448232233343,279.0572041220318,291.0106060930088
2025-12-02,1,285.6783225563438,282.7803873624606,278.1896918440487,289.13487581920816,291.4300211399325
2025-12-02,2,286.2006059434023,287.0633768746976,276.7671947434056,289.71264930017566,292.08228088191123
2025-12-02,3,293.588498879761,278.2252037003002,274.735700651297,285.76545756621573,291.94296580294116
2025-12-02,4,294.0372593148287,275.73336571151043,273.1127223722805,284.07545447193166,291.2184671838952
2025-12-02,5,285.6313478802176,269.20420055845574,269.75423549274325,280.164364369483,290.9747311900125
2025-12-02,6,282.1060461794811,271.0987017404615,269.7636795336419,281.6862780341928,290.8316130689823
2025-12-02,7,287.0023288780883,271.9137125048695,268.49372187150686,281.29034510538185,287.79295430592657
2025-12-02,8,225.5509648568512,223.810924559895,208.57348489350332,228.86578752440985,232.0323467077086
2025-12-02,9,186.633216071098,180.37922965494187,175.4870027599603,192.00274098946423,194.57851135091738
2025-12-02,10,188.8624014022787,173.97038708794966,176.3105908095477,189.61926803252612,192.0726047318478
2025-12-02,11,191.7932527512177,185.6539228937376,184.59799016172516,198.17268942138043,200.52293426390264
2025-12-02,12,199.4469510045823,189.06173311661408,187.3120858885382,200.92791597762906,203.09012395922483
2025-12-02,13,201.22156609245607,189.50802676635985,187.40113038819672,200.7622809347469,203.74861389780799
2025-12-02,14,194.0436123965783,187.53360990673443,184.8728082194597,197.9491856413792,200.25417733407443
2025-12-02,15,181.3877072662557,175.07076672436617,179.75781932066525,190.24834577454425,188.92755007593067
2025-12-02,16,237.2352627367298,200.2829251436223,197.99617476270618,210.88810561615094,205.87024199831586
2025-12-02,17,239.5281275516782,269.7016278768513,257.5979001538659,271.35256514973065,276.9107778013757
2025-12-02,18,236.5063454506345,277.1745073238402,262.89138172230156,278.9370769616743,279.6849642759485
2025-12-02,19,233.2853602330536,278.1366459627329,262.6994928739327,280.8495083732554,280.17432948747813
2025-12-02,20,236.7516179424236,275.64009054325953,263.3098216062159,281.64770316167653,279.53324127077474
2025-12-02,21,245.7564759787688,277.8875624050358,262.3448655999808,281.6887934603318,278.9477504752237
2025-12-02,22,252.58972627642444,275.8390815029951,263.82667381535305,281.24599807827616,279.45079348434894
2025-12-02,23,265.53124116482894,283.15709433770974,266.61613051036846,284.1578180894878,280.6310576805963
2025-12-03,0,272.22144967842866,284.8747217624565,272.21172201537627,274.26274135161543,275.6705354203375
2025-12-03,1,277.74892259472773,285.6783225563438,278.4797684114996,277.80359583966526,276.48680112921664
2025-12-03,2,273.8357000221877,286.2006059434023,278.1107383945477,277.6023513599617,275.8550071548485
2025-12-03,3,277.6067402937493,293.588498879761,277.7378005528002,279.7005107781155,274.7737189270513
2025-12-03,4,281.0996288895233,294.0372593148287,275.7973079883044,278.99484627907606,274.38979168883714
2025-12-03,5,281.7715569018645,285.6313478802176,271.42715627289783,274.10310634014525,273.81367192158723
2025-12-03,6,283.57008033009964,282.1060461794811,270.84253674396393,273.5987175704577,272.9135818957981
2025-12-03,7,236.23793118114924,287.0023288780883,269.99621393834866,274.79889750265295,271.42679565680777
2025-12-03,8,190.13695636337147,225.5509648568512,210.66893703906413,217.9297909238465,214.992368889019
2025-12-03,9,188.03062302006336,186.633216071098,178.77773527158257,183.43866374205,190.22276190980477
2025-12-03,10,195.29228078940795,188.8624014022787,179.22058130119777,183.9443978751793,189.78645842121256
2025-12-03,11,195.57236680579425,191.7932527512177,186.3493140563368,188.84153345119336,193.28444114518302
2025-12-03,12,191.1035600723237,199.4469510045823,189.283038119753,193.45332904420604,195.59015861173626
2025-12-03,13,192.17521247781823,201.22156609245607,189.618256768272,194.2873054748714,197.16323925846388
2025-12-03,14,194.2309488856266,194.0436123965783,185.85745421924327,189.53643848204587,193.49241877288222
2025-12-03,15,218.934252834659,181.3877072662557,179.3763321108042,184.11107009056653,183.47936144656197
2025-12-03,16,280.9313058886554,237.2352627367298,202.03567542375893,220.03614725565993,240.79190211080785
2025-12-03,17,283.88494403658683,239.5281275516782,252.4271084742238,247.7536778350761,262.155502541591
2025-12-03,18,287.4230325979585,236.5063454506345,256.79368648250454,250.52485350270507,259.2792463539194
2025-12-03,19,291.36686714051393,233.2853602330536,256.1502585566445,250.67462689905622,255.19503680611575
2025-12-03,20,291.2816895387115,236.7516179424236,257.2160673402631,253.53517087370682,262.18839454494895
2025-12-03,21,291.3484391628237,245.7564759787688,257.7520855803002,256.6152939848668,261.0818309468291
2025-12-03,22,290.1115409737225,252.58972627642444,259.9339012477307,259.3149769573049,262.36249450386487
2025-12-03,23,289.21525793984205,265.53124116482894,264.7426629828962,265.1045068812971,267.9874736796507
2025-12-04,0,285.99877937137626,272.22144967842866,268.7953018375404,280.66172015633197,290.19174629930546
2025-12-04,1,291.9984592668678,277.74892259472773,275.650027783951,285.7499808350312,291.2141760441579
2025-12-04,2,295.71292048929666,273.8357000221877,274.9547122375859,283.89819422471294,290.0530875842584
2025-12-04,3,297.86510521042084,277.6067402937493,274.70195811099114,285.1148772881064,292.08054564154753
2025-12-04,4,293.6178861788618,281.0996288895233,273.8921331402979,285.94346661553556,291.5937342603567
2025-12-04,5,290.3593208178883,281.7715569018645,269.606614196929,284.26027727588325,289.5720046500635
2025-12-04,6,291.204476293315,283.57008033009964,270.58558171549794,286.0078318467049,288.0592874592687
2025-12-04,7,238.207194524006,236.23793118114924,264.4689605442386,262.7071009272324,246.66684408691754
2025-12-04,8,188.11126402268653,190.13695636337147,208.82060839082183,212.9806016658797,199.72819271958474
2025-12-04,9,188.7216277845992,188.03062302006336,180.43824213536294,196.1623655520825,193.868429338595
2025-12-04,10,191.7948804311216,195.29228078940795,181.69099515771654,199.81428575283678,199.89148152857152
2025-12-04,11,195.7769927713996,195.57236680579425,187.95871300800576,203.1396553916159,199.49619142373007
2025-12-04,12,194.35717578871103,191.1035600723237,190.20771576408788,202.7939813720434,196.34043054843696
2025-12-04,13,198.1339021039693,192.17521247781823,190.54760440890797,203.07198598246453,195.8304542455267
2025-12-04,14,187.89230328573183,194.2309488856266,188.8175784462131,202.61945687376004,199.14658811800734
2025-12-04,15,191.93516800659657,218.934252834659,187.45021421730615,212.16526850206714,210.28578025943384
2025-12-04,16,262.24722502522707,280.9313058886554,215.68861350039612,252.59962730283914,270.19433096371597
2025-12-04,17,263.93535022641873,283.88494403658683,255.77480079310882,275.21696290860984,276.6740368700258
2025-12-04,18,266.10016910375015,287.4230325979585,259.7282903357145,279.8851835074016,277.3486045372616
2025-12-04,19,268.5578518630261,291.36686714051393,259.69432271998977,282.68754539565606,277.41997658891387
2025-12-04,20,266.18446801936346,291.2816895387115,261.00139143477384,284.49349422455987,276.77444849182257
2025-12-04,21,266.6171277997365,291.3484391628237,261.9372411214205,284.82683740459436,276.93486830013694
2025-12-04,22,267.02076206205027,290.1115409737225,263.7894263611443,284.882358538319,276.6465237875365
2025-12-04,23,262.13001207345746,289.21525793984205,266.78006834160755,285.34437774867854,277.49812391221417
2025-12-05,0,261.8720645630747,285.99877937137626,270.1291550770782,269.077064329674,266.524877469153
2025-12-05,1,257.638034641216,291.9984592668678,277.1872552420985,274.5310089629722,268.6058045880223
2025-12-05,2,258.52297592997814,295.71292048929666,277.6554587574472,275.6511603702554,268.68409682467154
2025-12-05,3,258.02236609770455,297.86510521042084,277.4197228740239,276.3252174785316,266.50741180332614
2025-12-05,4,254.72437522636727,293.6178861788618,276.0600675023915,274.3696743163281,266.67069165653686
2025-12-05,5,254.8842953718149,290.3593208178883,271.01645565348315,271.16386001420636,264.13480393221994
2025-12-05,6,259.6996238581408,291.204476293315,271.0714591191849,272.45547806224107,262.91367627550164
2025-12-05,7,210.9933041333132,238.207194524006,258.09776330746087,242.85178803869684,232.49230860621884
2025-12-05,8,168.70797680360113,188.11126402268653,201.59557511936399,191.8651774403231,194.34522813211248
2025-12-05,9,177.2072391767211,188.7216277845992,176.2516728850736,178.1263394353479,186.37003310898038
2025-12-05,10,183.5161744022504,191.7948804311216,179.69631593278106,180.79387517530006,189.11121899667654
2025-12-05,11,187.8964310706788,195.7769927713996,186.3701618292824,185.57270956377857,193.10986331934237
2025-12-05,12,185.8263324610935,194.35717578871103,188.61775792492207,186.25151935781628,194.6303332074318
2025-12-05,13,184.28390454343136,198.1339021039693,190.33256084109289,187.8267437698999,195.33800647052868
2025-12-05,14,169.75919076017212,187.89230328573183,187.31891319171422,182.53204126343888,186.67914574168896
2025-12-05,15,174.61912811843655,191.93516800659657,186.19349199914546,185.45230955404162,190.9717598521901
2025-12-05,16,249.88905439416507,262.24722502522707,222.34891779806915,233.46162513134072,246.1735824175535
2025-12-05,17,254.49232874034985,263.93535022641873,256.010974224928,252.88536474611445,251.2421264128871
2025-12-05,18,251.71504361577308,266.10016910375015,259.6234355977867,256.94404482149844,253.68960890258717
2025-12-05,19,253.56045320502872,268.5578518630261,260.1413720790939,259.51617485230264,257.66996066294416
2025-12-05,20,257.2007629947544,266.18446801936346,261.1578498575055,260.5441209193244,256.43782021788786
2025-12-05,21,258.22159338267306,266.6171277997365,262.3107016410067,261.10508791208395,256.8564007082541
2025-12-05,22,251.7659641396665,267.02076206205027,264.1408071766461,261.59550243325623,256.9467169696976
2025-12-05,23,254.96012541749027,262.13001207345746,266.2771919392773,260.1330785092808,255.17016111406883
2025-12-06,0,246.70770154631435,261.8720645630747,268.67038645031147,254.31137626000228,265.16297602486645
2025-12-06,1,237.8227283586844,257.638034641216,275.6709883173884,256.03896839851365,265.3563540007235
2025-12-06,2,231.7293295624688,258.52297592997814,276.84804850103984,256.6014390977245,264.7892505238108
2025-12-06,3,221.65987599645703,258.02236609770455,277.2552941164651,256.64403099488356,264.1993274976155
2025-12-06,4,215.1652856519843,254.72437522636727,275.5723405598586,254.6605463672472,263.4798075520986
2025-12-06,5,215.72944995175013,254.8842953718149,271.2651490743638,252.9922071557096,263.7377154538393
2025-12-06,6,216.7659038732133,259.6996238581408,272.81343540177767,256.2774050500175,262.99697727030275
2025-12-06,7,155.8365174672489,210.9933041333132,253.0638610186429,223.80518546152013,221.69077370792064
2025-12-06,8,123.0410524160524,168.70797680360113,200.35476937398175,177.11484256095403,179.44725954145358
2025-12-06,9,141.45419086785094,177.2072391767211,179.00987400864065,168.72040135896157,178.9905171279298
2025-12-06,10,149.8479621309371,183.5161744022504,182.25111084183246,172.47647736418702,179.18590340830798
2025-12-06,11,153.06725180880085,187.8964310706788,187.8602466055849,176.96943628662245,183.44272260223613
2025-12-06,12,158.47181983234827,185.8263324610935,189.5448511959932,177.0504064083299,183.46300673801142
2025-12-06,13,161.81916121585226,184.28390454343136,191.35925394330135,176.9145718007852,181.0938408609302
2025-12-06,14,155.60899954505976,169.75919076017212,186.01210129945187,168.2188697896058,173.92184593447982
2025-12-06,15,141.3541921290638,174.61912811843655,186.48885850672664,171.87585526512606,177.56004898000725
2025-12-06,16,219.421937645862,249.88905439416507,233.76105196490167,228.15758819137903,252.35613571654167
2025-12-06,17,235.09158732809976,254.49232874034985,258.62287359024634,244.1868036687689,259.2267057002583
2025-12-06,18,221.7618852698673,251.71504361577308,260.49757317630565,245.65145328354953,259.69021007663304
2025-12-06,19,220.1172763871871,253.56045320502872,261.6597754431916,248.37681548107116,261.3728777043158
2025-12-06,20,229.0989429908161,257.2007629947544,264.4380741947812,252.2080079689555,262.96461788578813
2025-12-06,21,245.06752373651,258.22159338267306,267.2934838747784,253.88588970848002,264.86952773772566
2025-12-06,22,247.04537677092603,251.7659641396665,267.4364516244632,251.1599148592249,262.87053945652764
2025-12-06,23,249.6967416660396,254.96012541749027,269.1217028131104,252.15033523596156,262.3118853893528
2025-12-07,0,255.21124596712244,246.70770154631435,269.3537906617626,254.25622404836835,256.87445675031825
2025-12-07,1,259.05671201442385,237.8227283586844,273.03515871650706,252.4182442723162,257.87961179904084
2025-12-07,2,260.63502960611004,231.7293295624688,272.76967075928366,249.87408039071104,259.051848094517
2025-12-07,3,252.6727668845316,221.65987599645703,271.29796542760886,245.6615060416556,258.72834743563413
2025-12-07,4,251.75073162334309,215.1652856519843,267.96036441741506,241.89234467546973,260.0355648649942
2025-12-07,5,248.7431600547196,215.72944995175013,263.8517128091156,240.5982869212475,260.73182905261507
2025-12-07,6,252.0700611645087,216.7659038732133,265.2240523414071,242.34187161308623,261.83087257398444
2025-12-07,7,197.3805407648157,155.8365174672489,236.54644118650478,200.1778635840795,184.97832162208763
2025-12-07,8,145.65554535251505,123.0410524160524,187.96540552504732,158.3793817003757,153.5714716584397
2025-12-07,9,150.5465596025021,141.45419086785094,174.79244549316354,158.153853533839,156.7336155808464
2025-12-07,10,150.88795665093514,149.8479621309371,178.35796146903243,163.08643359181613,160.80481044454476
2025-12-07,11,160.0795270902441,153.06725180880085,182.9015712560106,166.51008128701096,165.9073690001999
2025-12-07,12,169.15186822016875,158.47181983234827,185.360488937524,169.6906316280942,168.86025348143272
2025-12-07,13,164.98662126003404,161.81916121585226,187.13265290263948,171.41595523567753,171.0400471264702
2025-12-07,14,162.01025375899357,155.60899954505976,181.1342807496018,165.79341002381847,162.2948022052649
2025-12-07,15,169.19635906341696,141.3541921290638,180.2325183830846,162.04060726220268,160.01479689009977
2025-12-07,16,227.89642059515904,219.421937645862,236.96742322648194,224.60721117101247,260.98742063905644
2025-12-07,17,236.85026978417267,235.09158732809976,254.10619208603725,240.95303232602777,265.36924379763985
2025-12-07,18,237.0231870879745,221.7618852698673,253.75761383697355,237.60195273224383,263.075779799825
2025-12-07,19,235.95362353220256,220.1172763871871,254.8725441052332,239.07591197142034,264.49459496982263
2025-12-07,20,238.29510931077616,229.0989429908161,258.7207280766576,245.29889038105568,265.38168265571926
2025-12-07,21,239.79636318346,245.06752373651,263.992424011369,253.30100157456235,269.1546303151338
2025-12-07,22,242.9148196139944,247.04537677092603,264.39484031572164,253.41366019601244,267.5551690292426
2025-12-07,23,240.0374414976599,249.6967416660396,267.3023515538869,254.7485264817068,265.96064883071836
2025-12-08,0,253.0415823080517,255.21124596712244,267.293943036428,261.95562375077475,254.01651576384046
2025-12-08,1,259.6376360808709,259.05671201442385,270.38908097067485,263.87952265929584,253.95389802126613
2025-12-08,2,261.4544602405874,260.63502960611004,270.5285626325916,263.8884472364564,255.36266680602643
2025-12-08,3,263.893527384144,252.6727668845316,268.52007958041776,260.00273551840957,255.9747213241005
2025-12-08,4,257.73020938740564,251.75073162334309,266.589790370917,258.6738898243408,256.61515887065985
2025-12-08,5,262.55523336095,248.7431600547196,263.7604759338158,256.74469731406526,258.547699113318
2025-12-08,6,269.364406779661,252.0700611645087,265.21641334846,259.27929177453126,260.31809923845873
2025-12-08,7,217.1379291758745,197.3805407648157,228.22450420764153,214.96134001194548,211.26549929654243
2025-12-08,8,172.30772513871105,145.65554535251505,180.71638348213898,167.39025668546822,168.71886691779935
2025-12-08,9,171.57660935166393,150.5465596025021,173.28181231111094,165.0258207153835,168.0206228924486
2025-12-08,10,184.2003483056382,150.88795665093514,176.3102918421258,166.79667598813361,169.19320880677856
2025-12-08,11,189.2193242230706,160.0795270902441,181.40567788455328,172.84777023759423,178.17469644781394
2025-12-08,12,196.62631905648664,169.15186822016875,183.91706292797738,177.88467628398138,182.3004939507907
2025-12-08,13,192.2992955290507,164.98662126003404,184.58977063713158,176.2988776784748,182.30951681971362
2025-12-08,14,180.64896417534624,162.01025375899357,178.7255597912709,171.99694416725342,177.31156189235494
2025-12-08,15,193.6683891483653,169.19635906341696,178.9282248775421,176.47120880394607,177.1636827683165
2025-12-08,16,259.7028657616893,227.89642059515904,239.70059020420294,234.40529892509096,248.26032716078947
2025-12-08,17,263.8542873696408,236.85026978417267,254.78346222059392,247.09220902979666,266.5476159613714
2025-12-08,18,258.2565706502548,237.0231870879745,253.95773863568547,247.902213591578,264.3542272429986
2025-12-08,19,257.987986446247,235.95362353220256,254.42543976053497,249.1390599469516,265.2258995357874
2025-12-08,20,258.7271412335985,238.29510931077616,256.3503830485864,252.33335881259146,265.6598858701431
2025-12-08,21,256.21078979602703,239.79636318346,260.67072652128684,255.0408453670034,268.8859865794824
2025-12-08,22,247.33395233673787,242.9148196139944,261.0410387628256,255.75930458588888,268.2816914552155
2025-12-08,23,247.72951365756165,240.0374414976599,263.53255915671826,254.89019819166225,266.1515836584113
2025-12-09,0,250.3816905527932,253.0415823080517,265.70393502811777,256.7999282724705,262.9002864830105
2025-12-09,1,258.70589109278654,259.6376360808709,267.0829736447335,259.39927115011733,262.62592968129985
2025-12-09,2,262.5933719095213,261.4544602405874,266.87014597057583,259.5675009746014,262.51585289717076
2025-12-09,3,263.395211395666,263.893527384144,266.4726972495383,259.7921243889872,261.80370003494784
2025-12-09,4,256.96854072574365,257.73020938740564,264.01791089604484,256.5014258220206,261.7681050659326
2025-12-09,5,259.0613013459795,262.55523336095,262.8106234770293,257.9993567179014,259.61674495392066
2025-12-09,6,268.5972515253464,269.364406779661,264.9686569254885,262.4380782862638,263.42425960686336
2025-12-09,7,217.1372109170539,217.1379291758745,220.3993923034994,216.80801143537954,217.30083842971467
2025-12-09,8,178.84805484693877,172.30772513871105,173.35878356482698,172.10777894012315,169.93937376469114
2025-12-09,9,184.8258502003493,171.57660935166393,172.02429512492836,169.99122493661574,172.1866522960307
2025-12-09,10,187.8065578176443,184.2003483056382,177.77171487322417,177.3957250027292,180.36259288507827
2025-12-09,11,192.29830463750903,189.2193242230706,181.91502093160082,181.5753980328484,184.02092416316935
2025-12-09,12,189.20168892380204,196.62631905648664,184.9977180622449,186.11192826103814,189.99682688324424
2025-12-09,13,189.2792214049401,192.2992955290507,184.988523317516,183.99415200754515,185.61958399023118
2025-12-09,14,191.11620635747784,180.64896417534624,177.74203897250118,175.67350238621503,181.26372456725983
2025-12-09,15,198.0308787456111,193.6683891483653,181.58502808097055,184.0634394576536,187.23281621404874
2025-12-09,16,262.9730919765166,259.7028657616893,248.18915314964107,245.91538272969595,250.45108427745274
2025-12-09,17,264.8080779814374,263.8542873696408,253.948127862421,252.72320040119502,257.4613491492571
2025-12-09,18,262.352182018068,258.2565706502548,251.25517625374468,251.0959063668753,256.53024230707314
2025-12-09,19,262.7184229739596,257.987986446247,251.5470598296084,252.55802524479964,255.76080116928105
2025-12-09,20,264.7085246063478,258.7271412335985,253.93424743292053,255.2411078142045,257.0387044838375
2025-12-09,21,262.8544228889004,256.21078979602703,257.5740447199999,256.08526044358393,260.78038248657003
2025-12-09,22,261.54321361516566,247.33395233673787,256.9688774533603,252.11229223336116,255.71771447282745
2025-12-09,23,251.0051993067591,247.72951365756165,258.4714762024114,251.8457317566953,255.15282479267583
2025-12-10,0,246.38609400810927,250.3816905527932,260.7763591410231,254.87822806434775,258.2085300681917
2025-12-10,1,239.7946421678376,258.70589109278654,263.2297691499396,258.57329149647967,261.01469543424565
2025-12-10,2,241.3004200015849,262.5933719095213,263.49768396573575,259.7111880973429,261.0012734706861
2025-12-10,3,244.42837521208693,263.395211395666,262.1593704660962,259.17412088225615,261.1659649801735
2025-12-10,4,237.57133377571333,256.96854072574365,258.7223796690327,255.24437232918396,260.028580805182
2025-12-10,5,241.26657284645583,259.0613013459795,259.01490254356673,256.5847560824274,260.7955576365666
2025-12-10,6,262.2495412844037,268.5972515253464,263.038829117755,262.67534140878513,260.80020465792893
2025-12-10,7,215.7247487651167,217.1372109170539,210.41866116620878,214.47304764519671,214.00024447997453
2025-12-10,8,186.53881915388192,178.84805484693877,166.68693927769664,173.455087980773,180.71540943030567
2025-12-10,9,183.95350441501105,184.8258502003493,171.76610000053572,176.13348754547462,181.98300467338822
2025-12-10,10,189.41076032006427,187.8065578176443,177.62088007541925,180.06879922483648,185.99537952941384
2025-12-10,11,182.77622572985047,192.29830463750903,181.98717120107105,184.10464317614046,187.56815921159114
2025-12-10,12,188.3842531950296,189.20168892380204,183.53410919356202,184.17417011249242,189.16387966480923
2025-12-10,13,189.08129235844652,189.2792214049401,183.28247407644227,183.80357881715764,188.8050034267163
2025-12-10,14,178.5001417635384,191.11620635747784,177.32383810977257,180.83826358230738,187.14161270924956
2025-12-10,15,187.64287920914427,198.0308787456111,183.96262400659273,187.91322055789206,188.9535431896726
2025-12-10,16,256.4028893321115,262.9730919765166,251.86598589818206,250.11890919136533,252.84174463198514
2025-12-10,17,261.6804563441081,264.8080779814374,257.5595493523866,256.03595912298186,258.6083245566243
2025-12-10,18,258.20956475013435,262.352182018068,254.9474386205209,255.27204674259178,256.6095439521537
2025-12-10,19,256.93642564802184,262.7184229739596,255.75178307830927,257.2018477836243,256.93284243428036
2025-12-10,20,257.7322479511578,264.7085246063478,257.9280912420526,260.18971699919086,257.47656639279234
2025-12-10,21,257.77000641137727,262.8544228889004,260.0166085643044,260.5196938037697,258.2796937667572
2025-12-10,22,252.95614722004697,261.54321361516566,258.24794707318046,258.36943998516983,255.23026329275865
2025-12-10,23,246.4396790456579,251.0051993067591,256.3963273655443,253.05010299884106,251.65536580352705
2025-12-11,0,249.6553804388809,246.38609400810927,257.0855940452631,251.16306307191573,255.54913609977643
2025-12-11,1,246.76692913385827,239.7946421678376,257.80772908895534,248.97543995413022,253.49545170797114
2025-12-11,2,244.9565706932604,241.3004200015849,258.84978681993533,249.63038095139348,255.62645441583902
2025-12-11,3,244.29501084598692,244.42837521208693,257.41960402585875,249.88584771929695,254.91142328196744
2025-12-11,4,243.30802968960865,237.57133377571333,252.50405179563128,245.20942972922643,251.98762227275424
2025-12-11,5,247.12487679126545,241.26657284645583,253.22847624993688,247.28301866331486,252.7322870878443
2025-12-11,6,260.31942392909895,262.2495412844037,259.9930378255127,258.60190412677093,259.85521009019726
2025-12-11,7,215.90233666061707,215.7247487651167,207.48820653534696,211.8929011805675,211.2970490592279
2025-12-11,8,188.7348306815117,186.53881915388192,166.17291967634097,175.48238647852133,181.71842782739077
2025-12-11,9,182.50986554915315,183.95350441501105,171.18365448552822,174.96400702130094,179.9038723503334
2025-12-11,10,180.5455739064336,189.41076032006427,176.78066286551302,179.6208242136778,185.16708269081275
2025-12-11,11,184.42575966850828,182.77622572985047,180.1591510473648,178.9320121926259,182.07373149675948
2025-12-11,12,178.45589010294066,188.3842531950296,183.14563678251997,182.74841555812853,185.66455658183648
2025-12-11,13,171.00513573000734,189.08129235844652,182.84048548796062,182.75717438859272,185.50695123107704
2025-12-11,14,164.2566806181584,178.5001417635384,175.07657994947425,175.05956298518913,178.74546480114006
2025-12-11,15,188.06499111449605,187.64287920914427,179.49242777437635,182.14352938077846,184.7802021103518
2025-12-11,16,253.2822572123005,256.4028893321115,248.36192639010434,245.95804784646845,252.8730623053557
2025-12-11,17,262.4978125482526,261.6804563441081,254.3874796820325,253.32142935723817,257.9860318447811
2025-12-11,18,263.8710696792542,258.20956475013435,250.77408607083174,251.90868677021635,258.83738781767596
2025-12-11,19,263.0060985482217,256.93642564802184,250.83314857938186,252.99763241850704,259.00292006124073
2025-12-11,20,261.1375230652339,257.7322479511578,253.13531387240204,255.66656538482323,260.0860826238558
2025-12-11,21,260.133978833596,257.77000641137727,255.21968959981203,256.647409852391,259.29276305670066
2025-12-11,22,259.36266499057194,252.95614722004697,252.94003367979823,253.30048936450223,257.2535282750736
2025-12-11,23,263.4505041897458,246.4396790456579,250.28553038066084,248.92055127160978,253.49379629815792
2025-12-12,0,256.8502400960384,249.6553804388809,251.89367991204952,262.6257256354245,266.8982426088332
2025-12-12,1,259.0455032940095,246.76692913385827,251.34608192709678,260.9342090134883,267.4017572402462
2025-12-12,2,265.30300729040096,244.9565706932604,251.59887970621585,260.0774095734876,267.5037614813163
2025-12-12,3,264.6545595054096,244.29501084598692,249.76673340236817,258.9438198190951,266.67083985744716
2025-12-12,4,257.9988680465718,243.30802968960865,245.31692944002367,256.45368839898964,265.64813230385994
2025-12-12,5,261.1466426193119,247.12487679126545,247.05212710327646,259.01814652204337,267.109445414021
2025-12-12,6,270.24288964732654,260.31942392909895,255.58088748776754,268.57959989444015,269.0113875057888
2025-12-12,7,235.99821840285057,215.90233666061707,204.30179826914855,223.3636189296096,217.50138880572877
2025-12-12,8,198.19878489457173,188.7348306815117,166.2620006276017,189.18820461997632,187.5143496832592
2025-12-12,9,193.120606669206,182.50986554915315,170.2962598804645,186.63451309484043,185.17096960608205
2025-12-12,10,192.13345799570607,180.5455739064336,175.17361907627188,188.15794435963704,185.143548370589
2025-12-12,11,195.8446164864773,184.42575966850828,178.53754631838032,191.1721684159914,187.15388402210417
2025-12-12,12,199.38695536663124,178.45589010294066,180.87402454169563,190.4231746580269,182.9711571837589
2025-12-12,13,197.9595476879585,171.00513573000734,178.96494743453746,186.3976276249536,178.56002266114157
2025-12-12,14,191.3955127016503,164.2566806181584,171.70006242553518,180.0586420398989,173.9848458096703
2025-12-12,15,207.38044501709692,188.06499111449605,178.93954536121916,194.14875120022913,189.38019170907853
2025-12-12,16,268.41717145114563,253.2822572123005,247.0812167025434,256.74756995500195,263.6175574776572
2025-12-12,17,274.1360106274269,262.4978125482526,254.18211715658018,265.8560487392711,265.6267373028525
2025-12-12,18,268.9107349384923,263.8710696792542,250.45564329590374,266.0154038483327,264.44278718437613
2025-12-12,19,268.2636690454472,263.0060985482217,250.0400409629812,266.9660987271057,264.5570919720566
2025-12-12,20,266.4596135747107,261.1375230652339,252.41432173609778,268.7866457506217,265.4073548125923
2025-12-12,21,262.796889191644,260.133978833596,254.29352546179197,269.39455841439525,264.6104765367909
2025-12-12,22,257.5003098277358,259.36266499057194,251.8460198124442,267.38585331202023,263.3667442694093
2025-12-12,23,248.56833851561444,263.4505041897458,250.4741721115592,266.9775026588524,261.2120339890646
2025-12-13,0,248.34500318268616,256.8502400960384,251.1762764167586,243.9969882295277,246.001182630848
2025-12-13,1,247.74069609763447,259.0455032940095,251.54714887749586,244.47542177638326,243.4036560013997
2025-12-13,2,238.84649583703825,265.30300729040096,252.56745561484766,246.66812993863576,243.73562528444924
2025-12-13,3,233.43580319104504,264.6545595054096,250.71418960346887,245.55959900882186,244.00261478500917
2025-12-13,4,234.16702282246345,257.9988680465718,245.78471412862433,241.07346330921513,242.26654663065688
2025-12-13,5,232.3200064355241,261.1466426193119,247.9467481386332,243.6706231734301,243.60768404859485
2025-12-13,6,238.4470941025275,270.24288964732654,257.08706831479407,252.04926537330877,245.18311848213074
2025-12-13,7,195.0282377101784,235.99821840285057,207.87392887908248,211.89491203925857,222.66802033717266
2025-12-13,8,172.0946791524619,198.19878489457173,170.4749732120261,173.95475891320783,180.4864036236573
2025-12-13,9,177.21173016275782,193.120606669206,172.56959809367663,170.7400489690864,180.48989016508784
2025-12-13,10,179.64602708723788,192.13345799570607,176.40465958962267,171.92816581217096,179.87008843372934
2025-12-13,11,182.18509539369663,195.8446164864773,179.6730013777801,175.09937631600422,181.3584841280591
2025-12-13,12,189.99627535299496,199.38695536663124,182.8112563853439,178.06318745286416,187.93867308626224
2025-12-13,13,187.1299273133911,197.9595476879585,180.91861074089852,176.18509192128295,184.29464625481683
2025-12-13,14,172.01413140583122,191.3955127016503,174.79096556003205,170.4880442397931,176.42844796890964
2025-12-13,15,181.9792820740084,207.38044501709692,183.6197334895992,182.62538224916165,187.30604493525902
2025-12-13,16,250.34830837493067,268.41717145114563,249.7280905678264,242.29755590104952,237.40920544460894
2025-12-13,17,254.5036950396087,274.1360106274269,256.9883574261626,250.15049822650923,242.14355514227532
2025-12-13,18,256.3674842630779,268.9107349384923,252.91217062772077,248.28204699502334,241.60960946148808
2025-12-13,19,258.6959147814628,268.2636690454472,252.14050036875528,249.24887345297216,241.28730769525833
2025-12-13,20,260.42677121254553,266.4596135747107,253.73701467609158,250.53987592970677,240.4813121404337
2025-12-13,21,262.0857322008778,262.796889191644,254.9471391487878,249.833812447341,241.84215890383638
2025-12-13,22,260.7319455466699,257.5003098277358,252.66521205359695,246.3846963376011,240.20217140163075
2025-12-13,23,258.3580995535417,248.56833851561444,249.5610596970055,240.9499761042076,240.10079280754607
2025-12-14,0,258.1433905899925,248.34500318268616,251.410176650526,253.0220043366504,266.4137937153205
2025-12-14,1,250.2150273894204,247.74069609763447,252.96400141163159,253.05272706588593,266.90970173416525
2025-12-14,2,250.65439142461963,238.84649583703825,253.5841936540719,250.02165930489724,265.4921328313058
2025-12-14,3,246.01413171482923,233.43580319104504,252.39646491698144,247.7003054087312,266.2253466538956
2025-12-14,4,248.6549858283948,234.16702282246345,248.4992480101214,246.16428637215617,262.8920064141369
2025-12-14,5,246.43354860639025,232.3200064355241,250.31682763631517,246.7112257307656,262.93303116701037
2025-12-14,6,252.67066057070787,238.4470941025275,260.1843812046961,254.50445968993085,267.78865785917844
2025-12-14,7,210.6076210092688,195.0282377101784,213.47274605664384,212.0333474061758,200.59658030946915
2025-12-14,8,184.490879313266,172.0946791524619,177.4826341743703,179.7657775932393,176.6562609790034
2025-12-14,9,182.5040402226612,177.21173016275782,177.67781799294906,179.42400973606965,177.28585162219252
2025-12-14,10,195.3795562599049,179.64602708723788,180.66152601195134,181.47774712269933,176.94426859279292
2025-12-14,11,195.22328999434708,182.18509539369663,183.8326933184795,184.0940539184874,179.54207990126164
2025-12-14,12,198.9249222567748,189.99627535299496,187.31475003115057,188.97432187244732,181.20392594557865
2025-12-14,13,201.6894909748625,187.1299273133911,184.53443446911834,186.1502441204758,179.3193451952898
2025-12-14,14,186.487152971124,172.01413140583122,177.13455582585655,176.50596699905537,174.28214514745136
2025-12-14,15,176.523410992988,181.9792820740084,189.42331776744842,188.45125809792577,180.52309846330533
2025-12-14,16,242.0720498426994,250.34830837493067,254.1461435291219,250.53349976929925,258.6539565252357
2025-12-14,17,254.13268679744328,254.5036950396087,259.7615156706639,256.9961102587925,263.7072306073715
2025-12-14,18,252.9633428710252,256.3674842630779,257.8558276267509,258.2913066173212,263.62426648931046
2025-12-14,19,249.6206373292868,258.6959147814628,257.6517344250804,260.45994807672986,263.4756637098651
2025-12-14,20,249.2352668750724,260.42677121254553,258.2124187077672,262.45739967430416,264.03178472343143
2025-12-14,21,251.95752872526012,262.0857322008778,257.37831178655466,262.44010236067646,262.052302694508
2025-12-14,22,249.4360851294564,260.7319455466699,254.62043616441753,260.0505299003981,260.8382412572724
2025-12-14,23,241.67013969283013,258.3580995535417,250.7983965380772,256.4295136432351,257.27817495665664
2025-12-15,0,241.28745132321387,258.1433905899925,251.82905445379316,258.90735082513214,254.94536427184894
2025-12-15,1,239.91194865042792,250.2150273894204,251.70090360805966,255.68544412868846,255.29313062636845
2025-12-15,2,245.6731227178917,250.65439142461963,252.15838819957324,255.39650376084978,258.54894052652094
2025-12-15,3,239.69081564986732,246.01413171482923,251.44523132130968,253.3539685366112,256.2352829173728
2025-12-15,4,238.68705334884493,248.6549858283948,248.05699861084304,252.97311194852284,257.45547040254877
2025-12-15,5,237.4503562225254,246.43354860639025,249.98688314369673,253.25165934852683,256.5569941676538
2025-12-15,6,253.389635549098,252.67066057070787,260.2701811198674,261.10629573111225,264.4879276963616
2025-12-15,7,211.5736556710348,210.6076210092688,215.36232894870858,221.19808913961032,218.2958360433599
2025-12-15,8,172.39539923320552,184.490879313266,183.03053902590617,190.16601622621627,188.86899925393254
2025-12-15,9,171.35592591217846,182.5040402226612,182.2431723672575,186.25630334037777,189.12983283886936
2025-12-15,10,183.61051331804552,195.3795562599049,187.01746881323274,192.86826912517677,187.85468822458805
2025-12-15,11,185.84212197100632,195.22328999434708,188.85323087620847,193.58221685889987,188.07300048170174
2025-12-15,12,196.40960129092988,198.9249222567748,191.56804346495142,196.42914079545093,189.4573698215531
2025-12-15,13,186.97539696388063,201.6894909748625,189.7777015712367,196.28199485384758,189.3696463070886
2025-12-15,14,182.60630849731004,186.487152971124,180.63125571330377,185.45412243912378,187.3115170560016
2025-12-15,15,172.98887039733722,176.523410992988,190.47003947167286,188.0813913869494,186.7088809223313
2025-12-15,16,246.67370755663515,242.0720498426994,256.1712334216276,250.37999737765628,255.32761403875105
2025-12-15,17,252.6673223251721,254.13268679744328,262.2304323868454,260.2705580691487,264.9608358533773
2025-12-15,18,252.2023839975444,252.9633428710252,260.13299273861526,260.7767617338261,267.708749382846
2025-12-15,19,249.9197235513025,249.6206373292868,259.604164967521,260.88737785264595,268.05667801306606
2025-12-15,20,257.82012777808114,249.2352668750724,259.7752983598095,261.9007858508047,268.20703703367616
2025-12-15,21,259.5379537953796,251.95752872526012,259.115621149669,262.3255127150151,268.42732576615776
2025-12-15,22,248.6345009914078,249.4360851294564,255.55204552376924,258.9588133377664,262.34764333248717
2025-12-15,23,236.2669666291713,241.67013969283013,251.03163913738723,253.17612594058642,255.01337596155923
2025-12-16,0,203.59461213891595,241.28745132321387,250.14989288453063,242.44285204362376,247.0832827356603
2025-12-16,1,216.6162200658773,239.91194865042792,248.8829482608535,240.82407737792616,245.25105075035978
2025-12-16,2,220.22776267691444,245.6731227178917,249.90391141061676,242.83708132149764,248.33018574603352
2025-12-16,3,213.59810371517028,239.69081564986732,247.98770107355585,239.81229367523724,244.31370772553052
2025-12-16,4,209.96732026143792,238.68705334884493,245.33654774819155,238.4791887907571,243.90693462470773
2025-12-16,5,217.1237671014954,237.4503562225254,246.4004721239218,238.81052750258073,243.72261222309638
2025-12-16,6,234.2549795709908,253.389635549098,257.9880709440727,250.77496061733297,253.91427515700502
2025-12-16,7,180.68580441640376,211.5736556710348,214.56743273373144,210.78075137918435,213.7323807513322
2025-12-16,8,115.72338676531032,172.39539923320552,183.0430638965482,174.83131691235607,179.74347448499165
2025-12-16,9,90.9248698239524,171.35592591217846,182.2116461616167,171.6726196272764,180.41927873140136
2025-12-16,10,87.74303127185533,183.61051331804552,186.93320667214806,178.5582224133231,183.60466476560748
2025-12-16,11,88.4590243902439,185.84212197100632,188.37077341162788,180.08777000326774,183.13104180881788
2025-12-16,12,85.90193944191569,196.40960129092988,191.5370837841576,185.81308258664342,187.66200345210933
2025-12-16,13,89.247475516314,186.97539696388063,189.01714463335523,180.5460821866024,185.54056799910126
2025-12-16,14,96.44579283681468,182.60630849731004,180.91087633072718,174.48108606747252,182.62859100982405
2025-12-16,15,145.5825124650371,172.98887039733722,187.51582250724027,175.8584689530752,179.349331179204
2025-12-16,16,232.7138967734461,246.67370755663515,254.30992510661991,241.17022126141927,250.04453093066937
2025-12-16,17,245.89942607269745,252.6673223251721,260.6322945233499,248.89440910476765,256.49239863710966
2025-12-16,18,239.86315789473684,252.2023839975444,259.2681089310852,249.84546101553576,256.07746962665084
2025-12-16,19,227.0760528673835,249.9197235513025,258.45155598252893,250.06610471464748,255.3064654470106
2025-12-16,20,221.981605822942,257.82012777808114,259.6457250090213,254.47251059014104,256.3476011483358
2025-12-16,21,219.8517288417057,259.5379537953796,259.5909302924336,254.93324058487678,256.8469544428156
2025-12-16,22,217.1805926230069,248.6345009914078,255.73783818872207,248.68773701210162,253.22287611171032
2025-12-16,23,209.66409477047776,236.2669666291713,249.39413241904575,240.20168538072937,245.52268573243708
2025-12-17,0,222.07799671592767,203.59461213891595,243.466024539691,211.84717234324324,213.54358705247182
2025-12-17,1,208.0557826837467,216.6162200658773,242.8701381141522,216.07962160784,212.95273910108637
2025-12-17,2,190.046823356592,220.22776267691444,243.8516815202443,217.5650907028544,212.83318896568778
2025-12-17,3,191.3116218630716,213.59810371517028,240.87382854777076,213.75531014425917,212.9704542304675
2025-12-17,4,190.34959541205123,209.96732026143792,238.6220876818621,211.58873803749444,214.28629113558134
2025-12-17,5,197.47827357043744,217.1237671014954,240.40939580328117,215.23191067039875,215.4680541710665
2025-12-17,6,219.26764723983013,234.2549795709908,253.08203209345047,228.27850008717746,222.88893161394728
2025-12-17,7,177.96953031165054,180.68580441640376,209.3600889479243,183.54537219837394,195.11160637424803
2025-12-17,8,109.3990142561874,115.72338676531032,174.0252541706013,134.5778949153932,149.33085441865853
2025-12-17,9,88.38338658146965,90.9248698239524,168.79722039356002,119.62735670027962,137.90883250916758
2025-12-17,10,77.45146715654634,87.74303127185533,172.6384171656068,119.77739750820632,137.5868370212951
2025-12-17,11,69.45581950104364,88.4590243902439,173.53659051916142,121.03564870079217,140.23431974162833
2025-12-17,12,68.64904914793776,85.90193944191569,176.77997671531668,121.70142567714419,139.81077820626234
2025-12-17,13,70.87256748273697,89.247475516314,174.72689522069436,121.57412104710858,140.11304709426707
2025-12-17,14,79.65405904059041,96.44579283681468,167.386531542061,120.81331457069751,138.1227056315378
2025-12-17,15,115.93402402593276,145.5825124650371,180.02319875287256,148.47924876104733,167.00444335586596
2025-12-17,16,201.6891603053435,232.7138967734461,249.98718293475272,220.65995052834313,230.85372150504168
2025-12-17,17,219.070485336992,245.89942607269745,257.931058536387,231.54049688892204,231.4131502131948
2025-12-17,18,216.79527326440177,239.86315789473684,256.05539119918075,230.26959521463317,232.20961377291104
2025-12-17,19,212.9518322741581,227.0760528673835,253.35978882444664,225.914685581868,231.80696284630497
2025-12-17,20,197.18104495747264,221.981605822942,253.54187946853477,225.42588337984543,232.3056223920811
2025-12-17,21,197.3110929955477,219.8517288417057,253.4476882856915,224.42720241098587,231.96023713710227
2025-12-17,22,188.19189796362056,217.1805926230069,249.40032090412797,220.78762337467143,228.94516569253335
2025-12-17,23,183.8862715926936,209.66409477047776,243.48826034243413,214.24376640601244,228.0166922552578
2025-12-18,0,195.6318935758188,222.07799671592767,239.99343921223652,206.7773490302457,185.66922533545502
2025-12-18,1,201.90870622130188,208.0557826837467,238.33601533071064,201.29842901964412,186.84470332270368
2025-12-18,2,207.65177548682703,190.046823356592,236.52973914238822,193.8815042940867,187.34536529886694
2025-12-18,3,193.2591522157996,191.3116218630716,233.28572092648284,192.75877690737752,186.92515664172376
2025-12-18,4,188.9409099490277,190.34959541205123,231.87612505848185,191.8257251358925,186.93932048364616
2025-12-18,5,198.6895896054508,197.47827357043744,234.1539244781357,195.84303082972735,188.30768928024935
2025-12-18,6,220.6972605351808,219.26764723983013,246.94176151565424,210.65646598534366,199.32939735079765
2025-12-18,7,196.80838937649608,177.96953031165054,203.96648631171485,170.98472197641598,181.97180202700116
2025-12-18,8,143.73809796948493,109.3990142561874,163.0052820423592,117.40174528838173,130.1938822448231
2025-12-18,9,117.60284061020516,88.38338658146965,155.14434641733982,102.1859279670931,117.21005520426658
2025-12-18,10,104.0768005273856,77.45146715654634,156.64423242796138,98.69311595694359,110.76276467372932
2025-12-18,11,100.69349000681947,69.45581950104364,157.34796105790332,95.89551688727397,110.79791421359451
2025-12-18,12,103.08056628056627,68.64904914793776,159.67494756573214,96.17128310530427,110.15169337900812
2025-12-18,13,102.90883134783893,70.87256748273697,157.83993452416442,95.54250770657005,111.17623983740683
2025-12-18,14,118.78919774458404,79.65405904059041,153.26566258163984,96.49851417228349,111.39959424307317
2025-12-18,15,152.6086458631549,115.93402402593276,169.77907658384237,121.91570594577476,135.68182389351168
2025-12-18,16,226.02704940656915,201.6891603053435,242.1709359309287,196.35375415575965,212.39985533747245
2025-12-18,17,238.07621453760723,219.070485336992,251.8439198210847,209.89912090798066,214.80902608141224
2025-12-18,18,237.1062839410396,216.79527326440177,250.1390638440761,209.86919942304212,216.42446836123554
2025-12-18,19,233.6995153473344,212.9518322741581,247.07627548532324,208.34945480424483,217.21726544712868
2025-12-18,20,230.92441964020665,197.18104495747264,244.89170761229406,202.74446690457785,218.03197153032795
2025-12-18,21,225.0815466373465,197.3110929955477,244.81070065485872,202.55258280686346,217.6234240263928
2025-12-18,22,214.7289926120279,188.19189796362056,240.14828529606706,196.45728717202573,215.1457410122748
2025-12-18,23,197.29519885913484,183.8862715926936,234.55205927772496,191.12561504685533,211.16598463655708
2025-12-19,0,189.6853286478716,195.6318935758188,232.2757982317991,204.96712756668606,201.1890810300892
2025-12-19,1,181.036866359447,201.90870622130188,231.92769777177404,206.64616618789626,200.0601367327164
2025-12-19,2,172.981151651392,207.65177548682703,231.2004826843263,207.4671254625646,197.0846020742375
2025-12-19,3,162.08840656431974,193.2591522157996,225.99488397931322,200.1561642033061,199.0522344998763
2025-12-19,4,162.61488892657283,188.9409099490277,224.10939366697025,197.91639926079213,200.15467018357197
2025-12-19,5,168.39949886461514,198.6895896054508,227.23459773730502,203.42126816647834,201.4297500364462
2025-12-19,6,190.08880308880308,220.6972605351808,241.28145245938023,219.10417769536105,211.7633740390644
2025-12-19,7,155.84794967944842,196.80838937649608,201.23877955684043,188.04105819328169,189.00915779270167
2025-12-19,8,88.5006728081979,143.73809796948493,156.57717736921254,139.4012933952978,141.2009800734527
2025-12-19,9,77.95213020584012,117.60284061020516,145.87191428320438,120.19843474978865,121.24300928309242
2025-12-19,10,76.63100098549909,104.0768005273856,145.72012194524024,113.41355481112356,107.15758283885219
2025-12-19,11,72.55374982735601,100.69349000681947,145.38620824909063,111.49698281063607,106.6729589549939
2025-12-19,12,70.36615024319943,103.08056628056627,148.9070441625358,114.08172214284627,106.1550444370279
2025-12-19,13,63.26015816743932,102.90883134783893,148.1118910409975,113.13560703250792,107.39224219533583
2025-12-19,14,64.01620789568997,118.78919774458404,146.77030788541495,119.52473262518843,122.76229664686653
2025-12-19,15,84.59574922567553,152.6086458631549,164.71388440507934,144.822241820224,149.8312959811288
2025-12-19,16,167.44667467261394,226.02704940656915,238.27733481582422,213.04729603711854,214.41059207658873
2025-12-19,17,191.5286796536797,238.07621453760723,248.35512010527825,225.12542596575994,220.54704471415008
2025-12-19,18,191.1672080603425,237.1062839410396,246.31552302433116,225.47205008539675,221.01030655905365
2025-12-19,19,182.69314199899884,233.6995153473344,242.88962074233933,223.97317612734372,220.39691221413142
2025-12-19,20,180.86219560427145,230.92441964020665,240.5755499801473,222.42305789715905,215.60229113179042
2025-12-19,21,186.158059914408,225.0815466373465,239.80321034110878,219.86198895946677,214.55636738163423
2025-12-19,22,172.7097469719069,214.7289926120279,233.7720463848465,212.76004847853275,213.25976192060574
2025-12-19,23,166.12704199677486,197.29519885913484,225.10130137335196,201.75325844712575,211.4890320462558
2025-12-20,0,145.3758631512869,189.6853286478716,222.68081088206097,186.49171634051152,171.69899977850335
2025-12-20,1,124.82144386400616,181.036866359447,220.78360678112224,182.68283533334161,171.52018319788326
2025-12-20,2,98.9995423340961,172.981151651392,218.01164616446786,178.39017976893234,171.91031481536965
2025-12-20,3,92.44328260666605,162.08840656431974,211.34257641630043,171.36247746278033,174.44994368858232
2025-12-20,4,96.79112652912178,162.61488892657283,210.48311093554184,171.07769858305232,174.8062377641205
2025-12-20,5,107.5025562372188,168.39949886461514,213.98500577234836,175.3159508331947,175.54518892901075
2025-12-20,6,122.80669571199266,190.08880308880308,229.83086866530545,191.7514222032465,188.80737188643354
2025-12-20,7,84.45135035146134,155.84794967944842,189.78874116778297,156.7572371810186,170.5170827771595
2025-12-20,8,56.873743016759775,88.5006728081979,140.90601849973058,100.13476697407725,119.70698975258534
2025-12-20,9,47.24970725995316,77.95213020584012,129.41927478843783,86.79251984768665,109.12140708828238
2025-12-20,10,46.41444114737883,76.63100098549909,129.2197709437821,84.92348311904743,106.30131668485646
2025-12-20,11,50.284282595753126,72.55374982735601,127.77322729778757,82.66899818124273,105.26288190659079
2025-12-20,12,49.66574491825547,70.36615024319943,130.4755005734741,82.8249662286075,102.27699163165815
2025-12-20,13,47.68058826356515,63.26015816743932,128.86912110949478,78.9432708630631,94.38052805236903
2025-12-20,14,53.422855440826055,64.01620789568997,128.57326434170633,80.0573933616886,95.4021287083956
2025-12-20,15,88.40486712270719,84.59574922567553,147.1732135777334,100.69424976840038,116.51673541972632
2025-12-20,16,187.6621638067421,167.44667467261394,223.8529781331768,175.00459752840808,201.76376368268842
2025-12-20,17,204.12068574023613,191.5286796536797,236.55407282331436,192.49500176628572,205.8514573134211
2025-12-20,18,201.11279687226468,191.1672080603425,235.2093048988812,193.32969959753518,207.30209284266093
2025-12-20,19,200.11286958655376,182.69314199899884,230.66525973570384,189.5436755338396,208.19371047587953
2025-12-20,20,195.2682896534592,180.86219560427145,228.34734741294167,188.62842578074358,207.72446268190117
2025-12-20,21,191.02331272539928,186.158059914408,228.85480615864645,190.4539581177842,208.3918793450394
2025-12-20,22,183.94606455266137,172.7097469719069,221.65910883401375,181.5125919551276,202.82005758499753
2025-12-20,23,175.88296096048342,166.12704199677486,213.323973299232,174.22025937951648,201.11953852678508
2025-12-21,0,186.56294763647932,145.3758631512869,207.97093373471822,182.98942449763246,188.10850271189324
2025-12-21,1,173.3018377253814,124.82144386400616,203.2237136048896,173.28789733780482,192.756029017772
2025-12-21,2,170.50797993616052,98.9995423340961,198.03350994976182,161.24654391157793,182.5613698535974
2025-12-21,3,167.50208545741032,92.44328260666605,191.2007877613891,155.67713428517865,174.39356934129043
2025-12-21,4,167.2229987885565,96.79112652912178,190.85798289363586,157.0877761483539,180.78722205279382
2025-12-21,5,167.70475227502527,107.5025562372188,196.15394145830473,163.83495967100873,191.58845144021265
2025-12-21,6,175.1747453459782,122.80669571199266,213.3108117523719,178.40663011009434,204.47118315900752
2025-12-21,7,121.96784616597051,84.45135035146134,173.99204297368053,141.4546834096048,140.48600355938487
2025-12-21,8,75.56978376860432,56.873743016759775,124.44588476605884,98.58304988729321,89.49547707368657
2025-12-21,9,67.48781782216433,47.24970725995316,110.8532715166086,84.56138474166866,80.38319085449979
2025-12-21,10,65.53840234694368,46.41444114737883,110.18668723808794,82.84144039122882,81.49367094642197
2025-12-21,11,67.68558121851535,50.284282595753126,108.93025404093851,83.66721432211052,84.39228718056745
2025-12-21,12,66.47001485332343,49.66574491825547,110.42828193993991,83.36852905278079,84.30015350039929
2025-12-21,13,65.81443492989555,47.68058826356515,108.94778695951963,81.5140664276501,83.06820997054061
2025-12-21,14,69.44314970000495,53.422855440826055,111.63165348956274,85.44713683021604,83.23280246733864
2025-12-21,15,95.4263614639668,88.40486712270719,133.80544001326183,113.38090829375639,110.02029101035033
2025-12-21,16,179.12070934372272,187.6621638067421,214.8978146234356,196.11296152614284,210.9397701567419
2025-12-21,17,200.1730803544876,204.12068574023613,229.3565000662611,211.7484822231968,217.79890800208028
2025-12-21,18,192.40738423028785,201.11279687226468,227.315778128765,211.43424445033264,218.8262913192586
2025-12-21,19,193.9772226766501,200.11286958655376,222.2962532792883,210.08615781076355,214.64849316317412
2025-12-21,20,188.87220510130484,195.2682896534592,219.03899290450076,207.7264553147046,213.9652982399997
2025-12-21,21,182.78204330082312,191.02331272539928,218.70303194786385,205.92675717229406,213.79550562976237
2025-12-21,22,168.1542699724518,183.94606455266137,210.6896972634411,198.85585545380343,211.47075100692368
2025-12-21,23,159.68154528843644,175.88296096048342,201.54181064308088,190.8341390829563,206.0424428565646
2025-12-22,0,168.56125356125355,186.56294763647932,197.7451561699306,197.810582003381,167.56193225598938
2025-12-22,1,168.45578292616966,173.3018377253814,192.23611508145547,189.73512194349837,167.2359327073041
2025-12-22,2,175.5975016074217,170.50797993616052,186.5840225942677,184.83505307313723,168.27903062579776
2025-12-22,3,176.21025977679827,167.50208545741032,179.98478115318645,180.66145250530008,166.73946341365053
2025-12-22,4,179.91417523342452,167.2229987885565,179.2248418879447,180.4534376709924,166.5307070249874
2025-12-22,5,185.1622288837948,167.70475227502527,184.90697055382404,183.89354867519765,171.82227454357155
2025-12-22,6,201.98720809162572,175.1747453459782,202.23996672026766,195.46130593830554,177.70143296094403
2025-12-22,7,172.83789415196554,121.96784616597051,161.3292179960665,152.05417510394793,141.80341172308368
2025-12-22,8,104.24151983010962,75.56978376860432,108.8857282596786,102.47339946462677,102.6815475803611
2025-12-22,9,84.22512802664943,67.48781782216433,94.4223826022519,89.45784008769778,91.64278033907523
2025-12-22,10,81.82099063435358,65.53840234694368,91.63795096480779,87.0396005594125,85.90218617495687
2025-12-22,11,80.62623726522138,67.68558121851535,90.71058135867682,87.61510805485335,88.53030243571646
2025-12-22,12,82.43293793375007,66.47001485332343,91.50615231087542,87.31567244625691,88.19750360732567
2025-12-22,13,91.10063897763578,65.81443492989555,89.53706466738151,85.67466330478565,88.16285929738345
2025-12-22,14,107.93284365162644,69.44314970000495,94.91108159368859,89.51767892127657,96.70005497471935
2025-12-22,15,161.04017440049827,95.4263614639668,122.22014722340164,116.31831480073426,122.75040428019707
2025-12-22,16,216.57117331745087,179.12070934372272,205.90476598072468,194.77098021758812,195.64346428514605
2025-12-22,17,225.7193376368229,200.1730803544876,221.64798486012458,212.67632287339637,204.23467127600344
2025-12-22,18,227.00408163265303,192.40738423028785,218.66492689437396,210.20090966799995,204.44346619606836
2025-12-22,19,227.7962515114873,193.9772226766501,214.3471940431973,210.27414258652996,204.49373581374738
2025-12-22,20,229.425386996904,188.87220510130484,210.41569836539114,207.38272578585213,204.60565439768797
2025-12-22,21,221.08116758417617,182.78204330082312,208.8208197443728,204.20661978106358,200.98142637666402
2025-12-22,22,214.58471059849492,168.1542699724518,199.07800938386904,193.85805924598833,193.95134770099864
2025-12-22,23,210.4667554232908,159.68154528843644,189.82915429959604,185.689197461658,187.68022133353085
2025-12-23,0,209.3888082567328,168.56125356125355,187.35569934679341,210.09230356083864,213.27093195471286
2025-12-23,1,205.74151280524123,168.45578292616966,182.02809140656146,206.72175357170522,212.78654013418867
2025-12-23,2,212.4632924512005,175.5975016074217,176.57321957848626,205.78132348753942,211.29740515467105
2025-12-23,3,209.01574106827024,176.21025977679827,170.91613031417654,203.35221789613308,211.3424236383566
2025-12-23,4,214.88216642385808,179.91417523342452,170.82871644288463,204.77147446128723,211.75776385046962
2025-12-23,5,215.784904750422,185.1622288837948,177.4372380768625,209.93371762684848,212.28384915612347
2025-12-23,6,220.99617433050784,201.98720809162572,194.8967627977716,224.7782744873417,220.31734514200508
2025-12-23,7,223.9905446797177,172.83789415196554,155.7955377790566,192.25348243477202,193.63346208626552
2025-12-23,8,202.56930603370176,104.24151983010962,99.14945977352204,133.21744614959115,124.64394799242993
2025-12-23,9,179.43486155242852,84.22512802664943,81.97512576146202,114.2102406777787,107.05576112688749
2025-12-23,10,151.8824408734184,81.82099063435358,77.09659058142321,110.263361226607,107.1906606661318
2025-12-23,11,143.94649001181122,80.62623726522138,75.67974068642184,109.31371066860837,107.55923309084136
2025-12-23,12,149.55647955647956,82.43293793375007,75.2237718312783,109.9047662764273,106.9217292034629
2025-12-23,13,167.25713285489235,91.10063897763578,75.84067066934654,113.86237754284888,107.76224637738227
2025-12-23,14,173.83661173134857,107.93284365162644,84.24344375859093,124.55429722153225,119.37654356475358
2025-12-23,15,211.1187322611164,161.04017440049827,120.51319065242465,164.1100663811859,171.18139121846315
2025-12-23,16,236.76100628930817,216.57117331745087,201.6044039465555,228.34744656963275,220.3999417364276
2025-12-23,17,238.63255917077768,225.7193376368229,217.79827276178898,241.79144433323393,230.6244241242299
2025-12-23,18,225.4002628421233,227.00408163265303,215.0651694136752,242.53573560164062,229.25575738179793
2025-12-23,19,209.78538456927043,227.7962515114873,211.18669803750942,242.66433601355902,225.84169307770364
2025-12-23,20,206.28406838453915,229.425386996904,206.35930682522297,241.9321583354416,224.65454041024032
2025-12-23,21,201.5504799735187,221.08116758417617,203.32699314277235,237.45803779041182,220.3751385590814
2025-12-23,22,181.4614050303556,214.58471059849492,194.2137536134529,229.90517915397214,214.63875673858843
2025-12-23,23,171.97250172824334,210.4667554232908,186.14340984161313,223.6556440747815,210.845349847101
2025-12-24,0,165.3886682956628,209.3888082567328,188.18344164933868,194.94166122673863,181.79762150299493
2025-12-24,1,158.34966029388528,205.74151280524123,180.47456179789916,189.79822281148452,176.02723902095596
2025-12-24,2,150.41214930067036,212.4632924512005,175.4640095462414,189.23908729755632,173.24771232875685
2025-12-24,3,145.19537275064266,209.01574106827024,170.2615070789051,185.62134029662323,168.60296768256478
2025-12-24,4,156.06292966684293,214.88216642385808,171.53083732323037,188.36114058694824,166.92610325141186
2025-12-24,5,156.53399236906,215.784904750422,177.24597202670915,191.72989761621008,172.9956703928948
2025-12-24,6,150.59601540264524,220.99617433050784,193.00264776341692,201.80141939870157,178.70969274739508
2025-12-24,7,144.83219919579338,223.9905446797177,161.98192924524432,186.23876604798863,161.24095449298346
2025-12-24,8,144.5716521986623,202.56930603370176,111.55601966900653,149.95506244803516,138.24170415472258
2025-12-24,9,143.32120967198762,179.43486155242852,94.61941029410148,130.64411794262858,134.15591741440085
2025-12-24,10,144.50410739330795,151.8824408734184,86.25936338164651,115.22085771666619,129.05211318239736
2025-12-24,11,132.5479507369271,143.94649001181122,83.6065214895029,110.78663104822776,125.30433136776456
2025-12-24,12,126.33306538049304,149.55647955647956,84.31727756193028,113.8004219595746,127.9621545462604
2025-12-24,13,121.54153354632588,167.25713285489235,86.98490743200058,122.69481953933837,132.40407548183072
2025-12-24,14,134.7204124006587,173.83661173134857,95.29927502923864,128.83584831613928,132.23856492917443
2025-12-24,15,150.4325051320167,211.1187322611164,129.87550776615026,160.7192606846579,148.51599565737277
2025-12-24,16,159.07856119036242,236.76100628930817,202.1825624488215,207.34385638936075,175.80272144536332
2025-12-24,17,158.90922209104028,238.63255917077768,216.76014891865756,217.1837536868485,188.3690410321863
2025-12-24,18,140.48911526653643,225.4002628421233,212.99904154901608,212.87110062270457,196.0879240926516
2025-12-24,19,129.72044263249853,209.78538456927043,208.71660256635042,207.10586085815228,198.58857541187737
2025-12-24,20,131.43438531828303,206.28406838453915,204.11680147687971,204.8986881964538,193.3241427847722
2025-12-24,21,134.3068493150685,201.5504799735187,200.71252901874567,201.44251635374576,187.87650072525125
2025-12-24,22,131.1509940044178,181.4614050303556,189.11101252878842,188.40864034835852,187.16926612924175
2025-12-24,23,125.74761827870176,171.97250172824334,180.75889654986534,180.46338347862311,183.7402389617107
2025-12-25,0,113.86369394476816,165.3886682956628,180.08496616072938,169.2645759545347,123.4244207062124
2025-12-25,1,109.05321836076996,158.34966029388528,173.3736871707761,163.129300764344,123.48384741192383
2025-12-25,2,100.81680789726566,150.41214930067036,169.8019132525383,158.01404539462482,123.71465071110624
2025-12-25,3,98.3605348086676,145.19537275064266,163.67347149141526,153.47105273384796,124.40599858463948
2025-12-25,4,100.42125550660792,156.06292966684293,166.63274221677207,158.77861915191664,123.50587545849773
2025-12-25,5,102.30026012634708,156.53399236906,171.39678899794097,161.45644462666914,123.43611903128392
2025-12-25,6,106.18095408895266,150.59601540264524,183.1924146438191,165.57195349805158,129.64558973872724
2025-12-25,7,88.322880182455,144.83219919579338,157.24802480012184,150.3227892735262,119.0744344967878
2025-12-25,8,57.410336239103366,144.5716521986623,116.58068223221723,127.37700981260278,94.78250519476944
2025-12-25,9,50.12231903485255,143.32120967198762,102.46767073560406,117.29782344739274,86.45300164133269
2025-12-25,10,51.791884519208914,144.50410739330795,95.83831198689816,113.41975018244703,79.44777121573648
2025-12-25,11,53.35082502477989,132.5479507369271,92.6196830946291,107.0355591661133,76.998978436168
2025-12-25,12,55.07130017974836,126.33306538049304,92.55785130943819,104.83382199963182,80.79602768413639
2025-12-25,13,58.959522740393865,121.54153354632588,94.22333115537042,103.3573909967117,80.41482186263787
2025-12-25,14,61.38190112027906,134.7204124006587,103.16589693781982,112.93958095090552,82.56939690419404
2025-12-25,15,69.79456193353474,150.4325051320167,134.80386220987654,134.85911753202203,105.35803643455944
2025-12-25,16,133.79179272360562,159.07856119036242,196.0953340038242,169.8947522396613,131.60409294996674
2025-12-25,17,152.2369342861146,158.90922209104028,208.16568274066452,177.77642657596886,140.9628994476561
2025-12-25,18,148.4389489953632,140.48911526653643,202.09816183503534,169.88717137777442,151.25055827429549
2025-12-25,19,144.3056655388381,129.72044263249853,196.82640404611334,164.93469150595635,154.86857305846064
2025-12-25,20,138.14046822742475,131.43438531828303,194.72442152842405,165.6242334714358,154.04757668736508
2025-12-25,21,135.02787896810645,134.3068493150685,191.71192277867718,165.15746116515297,151.84559020757777
2025-12-25,22,109.22187260821498,131.1509940044178,180.96231196318806,158.33331678314707,150.1978709780526
2025-12-25,23,109.4974295337706,125.74761827870176,172.4533746478665,151.7642055863296,145.40984984792092
2025-12-26,0,113.496129745669,113.86369394476816,168.40379478486506,143.32819079448765,116.57393440876584
2025-12-26,1,108.20969626168224,109.05321836076996,160.1086174764144,137.4371103595881,116.15397864328435
2025-12-26,2,107.57994396676648,100.81680789726566,154.5397750254581,131.28492732464315,119.65635618370094
2025-12-26,3,110.10904559144252,98.3605348086676,150.11652614753925,128.38260681653912,119.45460832839156
2025-12-26,4,107.76494634644864,100.42125550660792,153.98707729642638,131.1297165828945,120.89345539155792
2025-12-26,5,108.32,102.30026012634708,157.62688478664043,133.765077148913,120.41541659036558
2025-12-26,6,119.63388029972494,106.18095408895266,166.8329422943579,139.83417688118521,134.28641436958443
2025-12-26,7,119.00412087912088,88.322880182455,141.75009491525884,117.77345807306573,112.24530997455174
2025-12-26,8,83.6489680163857,57.410336239103366,104.24814484216272,80.69091853039278,76.73921635403677
2025-12-26,9,72.19296455058856,50.12231903485255,92.82759622483938,69.9296827975468,73.7992306573353
2025-12-26,10,68.24217252396166,51.791884519208914,88.36903827144435,67.96059248506401,75.80212492189551
2025-12-26,11,66.95074570748214,53.35082502477989,85.85644524005203,67.42234246433719,76.04620760396041
2025-12-26,12,68.86280074824228,55.07130017974836,85.69938472360705,68.57174718993461,75.77813121770704
2025-12-26,13,68.26827083066684,58.959522740393865,87.94485849716398,70.70488552535566,78.27636972846351
2025-12-26,14,74.88519885198852,61.38190112027906,94.9648545629191,75.04458847995427,82.72955034200552
2025-12-26,15,97.10130809908156,69.79456193353474,122.97327879135938,93.66679303261063,88.75123902686265
2025-12-26,16,146.56840259039396,133.79179272360562,182.91886876340087,152.01190219576793,153.5722383582433
2025-12-26,17,171.86166530303984,152.2369342861146,195.9029284190227,167.09999133842308,161.1210523414686
2025-12-26,18,165.27286801703005,148.4389489953632,189.4313996999387,163.9737539249208,165.04833383738656
2025-12-26,19,157.73119690586367,144.3056655388381,184.055854073471,161.35008552054973,162.64301185185627
2025-12-26,20,150.46248000556366,138.14046822742475,181.46957132659807,159.12893668903288,161.18020032233278
2025-12-26,21,128.259317116715,135.02787896810645,178.84711311164287,156.78505340322783,160.70531946799622
2025-12-26,22,115.45682203732127,109.22187260821498,165.8898662483576,141.1117376099604,146.574430806443
2025-12-26,23,109.87760097919217,109.4974295337706,159.91083617281447,137.60501313329829,143.92835790097865
2025-12-27,0,98.1999149298171,113.496129745669,157.5196235131218,127.92550422583457,117.43030401540061
2025-12-27,1,85.35971223021583,108.20969626168224,149.70473603387657,122.31913583948305,116.92281978953613
2025-12-27,2,77.82714205712152,107.57994396676648,145.1967453562259,119.43155887794877,112.5505651165322
2025-12-27,3,79.37303477846594,110.10904559144252,142.69090315141395,119.14451584288962,112.68058390153872
2025-12-27,4,89.43915444677204,107.76494634644864,146.15137121355147,120.0020339545891,113.746574596168
2025-12-27,5,101.53112976565232,108.32,149.04409923455256,121.79139895288272,115.94317545432432
2025-12-27,6,115.79907214845625,119.63388029972494,156.7679533244896,130.0462449721705,123.98792866427326
2025-12-27,7,100.9542831779849,119.00412087912088,136.48669080092634,117.31383490183985,110.3112207151133
2025-12-27,8,35.09103520027744,83.6489680163857,103.55504415761811,81.38394796998072,80.89803632298953
2025-12-27,9,28.2485675168602,72.19296455058856,92.00485827408917,67.88667619384074,76.59901990320009
2025-12-27,10,26.32815164952975,68.24217252396166,87.17063420551044,63.08251226743667,81.13331835027586
2025-12-27,11,26.38431680833292,66.95074570748214,85.05601608007002,62.01809183433151,77.75811225322909
2025-12-27,12,26.754622688655672,68.86280074824228,85.48462051004174,63.82482660887732,79.28403139334755
2025-12-27,13,29.262613857332923,68.26827083066684,88.66030316333935,65.44827912951186,79.18416833600973
2025-12-27,14,33.37792458023672,74.88519885198852,96.51756755667603,73.27002086849058,83.25181020841345
2025-12-27,15,45.71609391810645,97.10130809908156,124.75978720184595,96.70886214235314,98.36660843897602
2025-12-27,16,124.77277457850552,146.56840259039396,179.93625846594082,145.12378509737394,144.16828379640674
2025-12-27,17,164.3024583759091,171.86166530303984,193.09335494035986,162.76619781960417,155.38665231993488
2025-12-27,18,172.33776068973552,165.27286801703005,185.73220826517982,158.6286676259242,158.0675150647114
2025-12-27,19,180.28291686689093,157.73119690586367,180.48986191730884,154.87568980923962,164.4318295162755
2025-12-27,20,181.6985151306309,150.46248000556366,177.12675481249696,151.83273257413748,161.38273032901498
2025-12-27,21,182.9509245633118,128.259317116715,170.5758641405439,140.87703833698595,155.75431828940185
2025-12-27,22,172.79909226296007,115.45682203732127,157.71087697198826,129.35254418855448,144.97303942774178
2025-12-27,23,162.26034308779012,109.87760097919217,151.87520174173122,123.99017011795377,143.64786375401843
2025-12-28,0,158.02120141342755,98.1999149298171,150.7802023386261,153.54425056651553,167.94319686551157
2025-12-28,1,142.01522886562256,85.35971223021583,144.06734580047794,145.7390921616818,163.38119085637254
2025-12-28,2,137.4645598194131,77.82714205712152,142.17211674522952,141.72631854314264,152.61716841044162
2025-12-28,3,137.69861227530967,79.37303477846594,140.82372489024252,141.78142332285793,149.63561551309894
2025-12-28,4,145.96198054818746,89.43915444677204,145.10108948750153,147.3346914578006,161.75087859824686
2025-12-28,5,152.15209125475286,101.53112976565232,148.19103831004307,153.36646135331176,167.0012571382074
2025-12-28,6,158.4048930654569,115.79907214845625,155.7668642439844,162.72935825923344,173.00698937714319
2025-12-28,7,117.82898681055156,100.9542831779849,138.84425263328686,146.53599160831303,136.91274025434436
2025-12-28,8,49.36865767501606,35.09103520027744,100.44322875526349,93.61882513734393,69.5425328014906
2025-12-28,9,38.53522867737948,28.2485675168602,89.2904097393616,81.71428641971174,61.001490394777925
2025-12-28,10,36.90743338008415,26.32815164952975,84.30116427724627,78.64237170699948,61.597210614838936
2025-12-28,11,35.988381474907214,26.38431680833292,81.6417352532957,77.85294658713121,61.21717101550622
2025-12-28,12,36.44942961628732,26.754622688655672,82.21160304867034,78.41286140426561,61.72040214226411
2025-12-28,13,37.34416890080429,29.262613857332923,86.02916396244903,80.31388197425915,61.84175796964655
2025-12-28,14,38.45413331840824,33.37792458023672,93.65400600516327,84.9545275306329,66.97753716367907
2025-12-28,15,57.83278605708512,45.71609391810645,118.66139102976013,103.53001159426067,78.02727156978293
2025-12-28,16,164.97148475909538,124.77277457850552,170.95206000476418,166.93571209323812,180.91931688864042
2025-12-28,17,191.52543323425496,164.3024583759091,187.40503674545602,192.25001559062588,191.25600256394773
2025-12-28,18,194.3031636863824,172.33776068973552,181.62148881053275,193.94306459668877,197.2568434078948
2025-12-28,19,192.8286208242708,180.28291686689093,177.6570115287856,196.16430463377287,197.1650504565286
2025-12-28,20,191.92719363516684,181.6985151306309,175.18821559495004,196.44186984403592,195.89413797154674
2025-12-28,21,189.34067249012804,182.9509245633118,169.42266583167424,193.65292775800964,194.12593166517416
2025-12-28,22,182.67371900826447,172.79909226296007,156.11845235917377,183.04134834133322,181.86129188294444
2025-12-28,23,180.7383674361028,162.26034308779012,149.9291134742036,175.62628119737764,169.82645503093684
2025-12-29,0,172.49672295473823,158.02120141342755,146.7028100210473,191.81315691219737,182.1907735779468
2025-12-29,1,162.21626887481733,142.01522886562256,139.59783024908384,182.3967681836274,178.54105508535335
2025-12-29,2,161.757225433526,137.4645598194131,137.45162815712277,179.11226381349366,173.5788653472915
2025-12-29,3,156.993555849306,137.69861227530967,136.56608586422814,178.8766144406976,174.60979536525497
2025-12-29,4,164.84022631285362,145.96198054818746,142.06380116744882,184.56367290505693,178.36648494090232
2025-12-29,5,177.76289541179824,152.15209125475286,145.9692295928613,189.02923548916453,182.83088279413948
2025-12-29,6,190.5413993278338,158.4048930654569,153.3711710610528,195.45887892896872,187.49319516898845
2025-12-29,7,161.27730996813838,117.82898681055156,138.25298701108414,169.3510498962256,155.06559377775682
2025-12-29,8,83.4113002714039,49.36865767501606,96.70021074189374,115.5395551748016,87.868356132649
2025-12-29,9,57.506644670516,38.53522867737948,85.15432557582089,102.64825738657616,76.52314253414622
2025-12-29,10,56.694439413149794,36.90743338008415,80.2110258534092,99.09604879080854,75.11640643760373
2025-12-29,11,54.591134800236894,35.988381474907214,77.11356386135171,97.47271306549615,75.61805786366821
2025-12-29,12,51.15627574842076,36.44942961628732,77.92294801480804,98.27213391467123,76.15551034877763
2025-12-29,13,47.59637188208617,37.34416890080429,81.96198310115028,99.94314386327238,75.41415654470796
2025-12-29,14,52.87163570667531,38.45413331840824,89.22700366493517,102.99776142502449,77.48476525807627
2025-12-29,15,77.36024498886414,57.83278605708512,113.29088025734848,123.16605441776171,102.62507001509888
2025-12-29,16,179.4695779074989,164.97148475909538,168.93074220696028,198.9110101492481,200.6529498018491
2025-12-29,17,203.5383908515417,191.52543323425496,186.16965858542275,220.5948855186765,214.351418697788
2025-12-29,18,201.32620209782948,194.3031636863824,181.8923144471177,221.24607467889984,216.80780710532989
2025-12-29,19,199.64193548387092,192.8286208242708,177.4929255498743,220.20782324931062,214.54538549750117
2025-12-29,20,201.1376558058168,191.92719363516684,175.6246425283589,220.01344713277942,207.94532050183042
2025-12-29,21,203.00338600451468,189.34067249012804,170.3596128587178,216.4221518525847,205.38863289812656
2025-12-29,22,189.1338041372414,182.67371900826447,158.19265936428988,207.38998571626024,197.59019703443948
2025-12-29,23,180.54865069010503,180.7383674361028,152.93723092387023,203.29308265640475,193.59900169889974
2025-12-30,0,177.0982972136223,172.49672295473823,147.26501993440223,186.94029022126045,186.19938466307207
2025-12-30,1,178.1662215748159,162.21626887481733,138.70647109889063,178.9361632229904,185.04327749381721
2025-12-30,2,177.1959242618742,161.757225433526,135.47444584656623,176.6362201085006,186.01692149514923
2025-12-30,3,180.95689092096669,156.993555849306,133.82084244601495,174.42374404563202,183.4027998358714
2025-12-30,4,177.5030273674013,164.84022631285362,139.9103798930815,180.060240689132,184.98841658272755
2025-12-30,5,176.03209613629448,177.76289541179824,144.91218195400464,187.26611883110405,186.5367983128167
2025-12-30,6,185.5431259136846,190.5413993278338,151.73605552336826,195.7080571141065,189.43520653962617
2025-12-30,7,182.3456863326416,161.27730996813838,136.6014749848231,174.08676497863829,172.46207644364938
2025-12-30,8,177.99093655589124,83.4113002714039,93.72446509065006,115.44563976165853,102.6005577704984
2025-12-30,9,145.0474114441417,57.506644670516,81.33739938208757,96.27597943953893,82.3399499447068
2025-12-30,10,137.55743909590063,56.694439413149794,76.62151853609438,93.93822078712515,82.32562149359961
2025-12-30,11,137.4326862867877,54.591134800236894,73.39426350921106,91.91364496965866,80.66447285085184
2025-12-30,12,141.31322793000618,51.15627574842076,73.45485341690384,90.51822115750824,80.98944992947526
2025-12-30,13,151.25764140305063,47.59637188208617,75.74708780178605,89.40351359019954,78.45233422031046
2025-12-30,14,154.92688821752265,52.87163570667531,81.36111681565644,93.6708369566582,79.2437260582843
2025-12-30,15,162.5640408899579,77.36024498886414,101.33660462711501,114.42382571940837,97.64138304491422
2025-12-30,16,201.09560604313228,179.4695779074989,163.63051429125284,191.62128893790657,188.82946539672295
2025-12-30,17,210.5883599004396,203.5383908515417,183.00095190181113,213.07905362370394,205.9987593230693
2025-12-30,18,203.78956804302763,201.32620209782948,178.22404594214294,211.9058846409685,203.54011086338664
2025-12-30,19,200.65335753176043,199.64193548387092,173.47088040307193,210.66473463077676,197.39739772840628
2025-12-30,20,203.20042783290748,201.1376558058168,171.58353807248932,211.3086285691549,196.80677289647232
2025-12-30,21,202.0599181243022,203.00338600451468,167.7770726330519,209.76578428144492,195.5145019493965
2025-12-30,22,199.5087907663401,189.1338041372414,154.5568155841108,198.16077004913427,187.2878679557071
2025-12-30,23,201.48671277757555,180.54865069010503,148.66321596198654,191.6757643684411,181.66849505029043
2025-12-31,0,208.8320347617621,177.0982972136223,142.65208978538644,204.59677048857995,200.57337828324253
2025-12-31,1,206.3682485170153,178.1662215748159,134.76714378025844,200.86810744808793,199.56622466374242
2025-12-31,2,205.09069020866767,177.1959242618742,130.4362503909482,198.18912838291345,198.20957970659015
2025-12-31,3,207.13000557280472,180.95689092096669,129.81243528211445,199.19853401429296,197.98412300903902
2025-12-31,4,209.4235588972431,177.5030273674013,134.57050288501628,200.43504878587459,199.0451420225249
2025-12-31,5,208.7858598526415,176.03209613629448,139.23320929484356,202.7084405639809,199.85532963342968
2025-12-31,6,207.5190895741557,185.5431259136846,146.67133432096492,210.62316587233596,200.92278712410493
2025-12-31,7,217.1487095452684,182.3456863326416,130.65220950666938,200.02805728673857,188.92379458130412
2025-12-31,8,213.6693496040504,177.99093655589124,90.21326945096284,172.80053346885464,155.88682046582292
2025-12-31,9,200.05272407732863,145.0474114441417,76.42490650947515,149.4459853214432,133.77228620054723
2025-12-31,10,186.5304039858335,137.55743909590063,74.5750897107347,145.09270979312603,130.8151067338309
2025-12-31,11,182.53735682307112,137.4326862867877,72.46372011992199,143.6577215077345,128.8768514322054
2025-12-31,12,181.10017074558908,141.31322793000618,72.27724604169337,145.59365358727996,127.96667527687976
2025-12-31,13,183.78271719575184,151.25764140305063,73.46144616580865,150.01256674410988,128.0357514721407
2025-12-31,14,189.78270840499945,154.92688821752265,78.65972774225273,154.01777520870408,128.7530219052411
2025-12-31,15,,162.5640408899579,94.40022014552095,165.38347013500686,138.9634168544166
2025-12-31,16,,201.09560604313228,158.53545711322772,216.19897491269904,198.4856272220399
2025-12-31,17,,210.5883599004396,178.99463772033428,231.98957387954655,208.78079403962363
2025-12-31,18,,203.78956804302763,175.13680382798637,229.4325872222916,207.55263320067672
2025-12-31,19,,200.65335753176043,172.16630511199904,228.3286812630184,205.50569892208551
2025-12-31,20,,203.20042783290748,171.14301799368477,229.72837261266545,206.25621954391983
2025-12-31,21,,202.0599181243022,167.84984951173524,227.36744572800853,206.80920100446247
2025-12-31,22,,199.5087907663401,157.1350135463943,220.4547955746724,200.21683558205245
2025-12-31,23,,201.48671277757555,152.87953182617687,218.2007449991119,198.56602020785354
